group	x	y	clickSelects	showSelected1
125	-28.25	-0.25	53	13950,0
125	-28.25	0.25	53	13950,0
125	-27.75	0.25	53	13950,0
125	-27.75	-0.25	53	13950,0
125	-28.25	-0.25	53	13950,0
125	-42.25	35.75	53	14000,0
125	-42.25	36.25	53	14000,0
125	-41.75	36.25	53	14000,0
125	-41.75	35.75	53	14000,0
125	-42.25	35.75	53	14000,0
125	-26.75	1.25	53	14000,50
125	-26.75	1.75	53	14000,50
125	-25.75	2.75	53	14000,50
125	-25.25	2.75	53	14000,50
125	-25.25	2.25	53	14000,50
125	-25.75	1.75	53	14000,50
125	-25.75	0.75	53	14000,50
125	-26.25	0.75	53	14000,50
125	-26.75	1.25	53	14000,50
125	-44.75	33.25	53	14050,50
125	-44.75	33.75	53	14050,50
125	-41.75	36.75	53	14050,50
125	-40.75	36.75	53	14050,50
125	-40.75	37.75	53	14050,50
125	-39.75	37.75	53	14050,50
125	-39.75	38.75	53	14050,50
125	-36.25	42.25	53	14050,50
125	-35.75	42.25	53	14050,50
125	-35.75	40.75	53	14050,50
125	-41.25	35.25	53	14050,50
125	-42.25	35.25	53	14050,50
125	-42.25	34.25	53	14050,50
125	-43.75	32.75	53	14050,50
125	-44.25	32.75	53	14050,50
125	-44.75	33.25	53	14050,50
125	-24.25	3.75	53	14050,100
125	-24.25	4.25	53	14050,100
125	-23.75	4.25	53	14050,100
125	-23.75	2.75	53	14050,100
125	-24.75	1.75	53	14050,100
125	-25.25	1.75	53	14050,100
125	-25.25	2.25	53	14050,100
125	-24.25	3.25	53	14050,100
125	-24.25	3.75	53	14050,100
136	-24.75	3.25	53	13950,0
136	-24.75	3.75	53	13950,0
136	-24.25	3.75	53	13950,0
136	-24.25	3.25	53	13950,0
136	-24.75	3.25	53	13950,0
136	-40.75	37.25	53	14000,0
136	-40.75	37.75	53	14000,0
136	-40.25	37.75	53	14000,0
136	-40.25	37.25	53	14000,0
136	-40.75	37.25	53	14000,0
136	-24.75	3.25	53	14000,50
136	-24.75	3.75	53	14000,50
136	-24.25	3.75	53	14000,50
136	-24.25	3.25	53	14000,50
136	-24.75	3.25	53	14000,50
136	-32.25	45.75	53	14050,50
136	-32.25	46.25	53	14050,50
136	-31.75	46.25	53	14050,50
136	-31.75	45.75	53	14050,50
136	-32.25	45.75	53	14050,50
136	-27.75	-0.75	53	14050,100
136	-27.75	-0.25	53	14050,100
136	-26.25	1.25	53	14050,100
136	-25.75	1.25	53	14050,100
136	-25.75	0.75	53	14050,100
136	-27.25	-0.75	53	14050,100
136	-27.75	-0.75	53	14050,100
147	-14.25	13.75	53	13950,0
147	-14.25	14.25	53	13950,0
147	-13.75	14.25	53	13950,0
147	-13.75	13.75	53	13950,0
147	-14.25	13.75	53	13950,0
147	-35.75	42.25	53	14000,0
147	-35.75	42.75	53	14000,0
147	-35.25	42.75	53	14000,0
147	-35.25	42.25	53	14000,0
147	-35.75	42.25	53	14000,0
147	-23.25	4.75	53	14000,50
147	-23.25	5.25	53	14000,50
147	-22.25	6.25	53	14000,50
147	-21.75	6.25	53	14000,50
147	-21.75	5.75	53	14000,50
147	-22.75	4.75	53	14000,50
147	-23.25	4.75	53	14000,50
147	-35.25	42.25	53	14050,50
147	-35.25	41.75	53	14050,50
147	-34.75	41.75	53	14050,50
147	-34.25	42.25	53	14050,50
147	-34.25	42.75	53	14050,50
147	-34.75	42.75	53	14050,50
147	-35.25	42.25	53	14050,50
147	-24.25	-1.25	53	14050,100
147	-24.25	-0.75	53	14050,100
147	-22.75	0.75	53	14050,100
147	-22.25	0.75	53	14050,100
147	-21.75	0.25	53	14050,100
147	-21.75	-0.25	53	14050,100
147	-22.25	-0.75	53	14050,100
147	-23.25	-0.75	53	14050,100
147	-23.75	-1.25	53	14050,100
147	-24.25	-1.25	53	14050,100
158	-5.75	22.25	53	13950,0
158	-5.75	22.75	53	13950,0
158	-5.25	23.25	53	13950,0
158	-4.75	23.25	53	13950,0
158	-4.75	22.75	53	13950,0
158	-5.25	22.25	53	13950,0
158	-5.75	22.25	53	13950,0
158	-29.75	48.25	53	14000,0
158	-29.75	48.75	53	14000,0
158	-29.25	48.75	53	14000,0
158	-29.25	48.25	53	14000,0
158	-29.75	48.25	53	14000,0
158	-20.25	7.75	53	14000,50
158	-20.25	8.25	53	14000,50
158	-19.75	8.25	53	14000,50
158	-19.25	7.75	53	14000,50
158	-19.25	7.25	53	14000,50
158	-19.75	6.75	53	14000,50
158	-20.25	6.75	53	14000,50
158	-20.25	7.75	53	14000,50
158	-33.25	43.75	53	14050,50
158	-33.25	44.25	53	14050,50
158	-32.75	44.25	53	14050,50
158	-32.75	43.75	53	14050,50
158	-33.25	43.75	53	14050,50
169	-3.75	24.25	53	13950,0
169	-3.75	24.75	53	13950,0
169	-3.25	24.75	53	13950,0
169	-3.25	24.25	53	13950,0
169	-3.75	24.25	53	13950,0
169	-37.25	35.75	53	14000,0
169	-37.25	36.25	53	14000,0
169	-36.75	36.25	53	14000,0
169	-36.25	35.75	53	14000,0
169	-36.25	34.25	53	14000,0
169	-36.75	34.25	53	14000,0
169	-36.75	35.25	53	14000,0
169	-37.25	35.75	53	14000,0
169	-18.75	9.25	53	14000,50
169	-18.75	9.75	53	14000,50
169	-18.25	10.25	53	14000,50
169	-17.75	10.25	53	14000,50
169	-17.75	8.75	53	14000,50
169	-18.25	8.75	53	14000,50
169	-18.75	9.25	53	14000,50
169	-31.25	46.25	53	14050,50
169	-31.25	45.75	53	14050,50
169	-30.75	45.75	53	14050,50
169	-29.25	47.25	53	14050,50
169	-29.25	47.75	53	14050,50
169	-29.75	47.75	53	14050,50
169	-31.25	46.25	53	14050,50
180	-2.75	25.25	53	13950,0
180	-2.75	25.75	53	13950,0
180	-2.25	25.75	53	13950,0
180	-2.25	25.25	53	13950,0
180	-2.75	25.25	53	13950,0
180	-30.25	42.75	53	14000,0
180	-30.25	43.25	53	14000,0
180	-29.75	43.25	53	14000,0
180	-29.75	42.75	53	14000,0
180	-30.25	42.75	53	14000,0
180	-17.25	10.75	53	14000,50
180	-17.25	11.25	53	14000,50
180	-16.75	11.25	53	14000,50
180	-16.75	10.75	53	14000,50
180	-17.25	10.75	53	14000,50
180	-28.75	48.25	53	14050,50
180	-28.75	48.75	53	14050,50
180	-28.25	48.75	53	14050,50
180	-28.25	48.25	53	14050,50
180	-28.75	48.25	53	14050,50
191	-0.75	27.25	53	13950,0
191	-0.75	27.75	53	13950,0
191	-0.25	27.75	53	13950,0
191	-0.25	27.25	53	13950,0
191	-0.75	27.25	53	13950,0
191	-28.25	44.75	53	14000,0
191	-28.25	45.25	53	14000,0
191	-27.75	45.25	53	14000,0
191	-27.75	44.75	53	14000,0
191	-28.25	44.75	53	14000,0
191	-15.25	12.75	53	14000,50
191	-15.25	13.25	53	14000,50
191	-14.75	13.25	53	14000,50
191	-14.75	12.75	53	14000,50
191	-15.25	12.75	53	14000,50
191	-43.75	29.25	53	14050,50
191	-43.75	29.75	53	14050,50
191	-43.25	30.25	53	14050,50
191	-42.25	30.25	53	14050,50
191	-41.75	30.75	53	14050,50
191	-41.75	31.75	53	14050,50
191	-40.75	31.75	53	14050,50
191	-40.75	32.75	53	14050,50
191	-39.75	33.75	53	14050,50
191	-38.75	33.75	53	14050,50
191	-38.75	34.75	53	14050,50
191	-38.25	35.25	53	14050,50
191	-37.75	35.25	53	14050,50
191	-37.75	32.75	53	14050,50
191	-40.75	29.75	53	14050,50
191	-41.75	29.75	53	14050,50
191	-42.25	29.25	53	14050,50
191	-42.25	28.25	53	14050,50
191	-42.75	28.25	53	14050,50
191	-43.75	29.25	53	14050,50
202	0.25	28.25	53	13950,0
202	0.25	28.75	53	13950,0
202	0.75	28.75	53	13950,0
202	0.75	28.25	53	13950,0
202	0.25	28.25	53	13950,0
202	-44.25	27.75	53	14000,0
202	-44.25	28.25	53	14000,0
202	-43.25	29.25	53	14000,0
202	-42.75	29.25	53	14000,0
202	-42.75	28.75	53	14000,0
202	-43.75	27.75	53	14000,0
202	-44.25	27.75	53	14000,0
202	-13.75	14.25	53	14000,50
202	-13.75	14.75	53	14000,50
202	-12.75	15.75	53	14000,50
202	-12.25	15.75	53	14000,50
202	-12.25	15.25	53	14000,50
202	-13.25	14.25	53	14000,50
202	-13.75	14.25	53	14000,50
202	-36.75	36.25	53	14050,50
202	-36.75	36.75	53	14050,50
202	-34.75	38.75	53	14050,50
202	-34.25	38.75	53	14050,50
202	-33.75	38.25	53	14050,50
202	-33.75	37.75	53	14050,50
202	-34.25	37.25	53	14050,50
202	-34.25	36.25	53	14050,50
202	-36.75	33.75	53	14050,50
202	-37.25	33.75	53	14050,50
202	-37.25	34.25	53	14050,50
202	-36.25	35.25	53	14050,50
202	-36.25	35.75	53	14050,50
202	-36.75	36.25	53	14050,50
205	1.25	29.25	53	13950,0
205	1.25	29.75	53	13950,0
205	1.75	29.75	53	13950,0
205	1.75	29.25	53	13950,0
205	1.25	29.25	53	13950,0
205	-41.25	30.75	53	14000,0
205	-41.25	31.25	53	14000,0
205	-40.75	31.75	53	14000,0
205	-40.25	31.75	53	14000,0
205	-39.75	31.25	53	14000,0
205	-39.75	30.75	53	14000,0
205	-41.25	30.75	53	14000,0
205	-11.25	16.75	53	14000,50
205	-11.25	17.25	53	14000,50
205	-2.25	26.25	53	14000,50
205	-1.25	26.25	53	14000,50
205	-1.25	27.25	53	14000,50
205	0.25	28.75	53	14000,50
205	0.75	28.75	53	14000,50
205	1.25	28.25	53	14000,50
205	1.25	27.75	53	14000,50
205	-4.75	21.75	53	14000,50
205	-5.75	21.75	53	14000,50
205	-5.75	20.75	53	14000,50
205	-6.75	20.75	53	14000,50
205	-6.75	19.75	53	14000,50
205	-9.25	17.25	53	14000,50
205	-10.25	17.25	53	14000,50
205	-10.75	16.75	53	14000,50
205	-11.25	16.75	53	14000,50
205	-29.75	43.25	53	14050,50
205	-29.75	43.75	53	14050,50
205	-29.25	43.75	53	14050,50
205	-29.25	42.25	53	14050,50
205	-29.75	42.25	53	14050,50
205	-29.75	43.25	53	14050,50
126	2.25	30.25	53	13950,0
126	2.25	30.75	53	13950,0
126	2.75	30.75	53	13950,0
126	2.75	30.25	53	13950,0
126	2.25	30.25	53	13950,0
126	-39.75	32.25	53	14000,0
126	-39.75	32.75	53	14000,0
126	-38.75	33.75	53	14000,0
126	-38.25	33.75	53	14000,0
126	-38.25	33.25	53	14000,0
126	-39.25	32.25	53	14000,0
126	-39.75	32.25	53	14000,0
126	2.75	30.75	53	14000,50
126	2.75	31.25	53	14000,50
126	3.25	31.25	53	14000,50
126	3.25	30.75	53	14000,50
126	2.75	30.75	53	14000,50
126	-24.75	48.25	53	14050,50
126	-24.75	48.75	53	14050,50
126	-24.25	48.75	53	14050,50
126	-24.25	47.25	53	14050,50
126	-24.75	47.25	53	14050,50
126	-24.75	48.25	53	14050,50
127	-23.25	-0.25	53	13950,0
127	-23.25	0.25	53	13950,0
127	-22.75	0.25	53	13950,0
127	-22.75	-0.25	53	13950,0
127	-23.25	-0.25	53	13950,0
127	-32.75	39.25	53	14000,0
127	-32.75	39.75	53	14000,0
127	-32.25	39.75	53	14000,0
127	-32.25	38.25	53	14000,0
127	-34.75	35.75	53	14000,0
127	-35.25	35.75	53	14000,0
127	-35.25	36.25	53	14000,0
127	-32.75	38.75	53	14000,0
127	-32.75	39.25	53	14000,0
127	3.75	31.75	53	14000,50
127	3.75	32.25	53	14000,50
127	4.25	32.25	53	14000,50
127	4.25	31.75	53	14000,50
127	3.75	31.75	53	14000,50
127	-44.25	27.75	53	14050,50
127	-44.25	28.25	53	14050,50
127	-43.75	28.25	53	14050,50
127	-43.75	27.75	53	14050,50
127	-44.25	27.75	53	14050,50
128	-22.25	0.75	53	13950,0
128	-22.25	1.25	53	13950,0
128	-21.75	1.25	53	13950,0
128	-21.75	-0.25	53	13950,0
128	-22.25	-0.25	53	13950,0
128	-22.25	0.75	53	13950,0
128	-30.75	41.25	53	14000,0
128	-30.75	41.75	53	14000,0
128	-30.25	41.75	53	14000,0
128	-30.25	41.25	53	14000,0
128	-30.75	41.25	53	14000,0
128	4.75	32.75	53	14000,50
128	4.75	33.25	53	14000,50
128	5.25	33.25	53	14000,50
128	5.25	32.75	53	14000,50
128	4.75	32.75	53	14000,50
128	-32.75	39.25	53	14050,50
128	-32.75	39.75	53	14050,50
128	-32.25	39.75	53	14050,50
128	-32.25	39.25	53	14050,50
128	-32.75	39.25	53	14050,50
129	-14.25	8.75	53	13950,0
129	-14.25	9.25	53	13950,0
129	-13.75	9.25	53	13950,0
129	-13.25	8.75	53	13950,0
129	-13.25	8.25	53	13950,0
129	-13.75	8.25	53	13950,0
129	-14.25	8.75	53	13950,0
129	-29.25	43.25	53	14000,0
129	-29.25	41.75	53	14000,0
129	-28.75	41.75	53	14000,0
129	-28.75	42.75	53	14000,0
129	-28.25	43.25	53	14000,0
129	-28.25	43.75	53	14000,0
129	-28.75	43.75	53	14000,0
129	-29.25	43.25	53	14000,0
129	1.25	25.25	53	14000,50
129	1.25	25.75	53	14000,50
129	2.25	25.75	53	14000,50
129	2.75	26.25	53	14000,50
129	4.25	26.25	53	14000,50
129	4.75	25.75	53	14000,50
129	4.75	25.25	53	14000,50
129	3.75	25.25	53	14000,50
129	3.75	24.25	53	14000,50
129	0.25	20.75	53	14000,50
129	-0.25	20.75	53	14000,50
129	-0.25	21.25	53	14000,50
129	1.25	22.75	53	14000,50
129	1.25	23.25	53	14000,50
129	0.75	23.25	53	14000,50
129	-1.25	21.25	53	14000,50
129	-1.25	20.75	53	14000,50
129	-0.75	20.25	53	14000,50
129	-0.75	19.75	53	14000,50
129	-3.25	17.25	53	14000,50
129	-4.25	17.25	53	14000,50
129	-4.25	16.25	53	14000,50
129	-6.25	14.25	53	14000,50
129	-6.75	14.25	53	14000,50
129	-6.75	15.75	53	14000,50
129	-6.25	16.25	53	14000,50
129	-6.25	17.25	53	14000,50
129	-5.75	17.75	53	14000,50
129	-4.75	17.75	53	14000,50
129	-4.25	18.25	53	14000,50
129	-4.25	19.25	53	14000,50
129	-3.75	19.75	53	14000,50
129	-3.25	19.75	53	14000,50
129	-3.25	19.25	53	14000,50
129	-3.75	18.75	53	14000,50
129	-3.75	18.25	53	14000,50
129	-3.25	18.25	53	14000,50
129	-2.75	18.75	53	14000,50
129	-2.75	20.75	53	14000,50
129	1.25	24.75	53	14000,50
129	1.25	25.25	53	14000,50
129	-31.75	40.25	53	14050,50
129	-31.75	40.75	53	14050,50
129	-31.25	41.25	53	14050,50
129	-30.75	41.25	53	14050,50
129	-30.75	40.75	53	14050,50
129	-31.25	40.25	53	14050,50
129	-31.75	40.25	53	14050,50
130	-3.75	19.25	53	13950,0
130	-3.75	19.75	53	13950,0
130	-3.25	19.75	53	13950,0
130	-2.75	19.25	53	13950,0
130	-2.75	18.75	53	13950,0
130	-3.25	18.75	53	13950,0
130	-3.75	19.25	53	13950,0
130	-25.25	46.75	53	14000,0
130	-25.25	47.25	53	14000,0
130	-24.75	47.25	53	14000,0
130	-24.75	46.75	53	14000,0
130	-25.25	46.75	53	14000,0
130	-14.75	8.25	53	14000,50
130	-14.75	8.75	53	14000,50
130	-14.25	8.75	53	14000,50
130	-13.75	8.25	53	14000,50
130	-13.75	7.75	53	14000,50
130	-14.25	7.25	53	14000,50
130	-14.75	7.25	53	14000,50
130	-14.75	8.25	53	14000,50
130	-28.25	43.75	53	14050,50
130	-28.25	44.25	53	14050,50
130	-27.75	44.25	53	14050,50
130	-27.75	43.75	53	14050,50
130	-28.25	43.75	53	14050,50
131	-1.75	21.25	53	13950,0
131	-1.75	21.75	53	13950,0
131	-0.75	21.75	53	13950,0
131	0.25	22.75	53	13950,0
131	0.25	23.75	53	13950,0
131	1.25	23.75	53	13950,0
131	1.25	24.75	53	13950,0
131	1.75	24.75	53	13950,0
131	1.75	23.25	53	13950,0
131	-0.25	21.25	53	13950,0
131	-0.25	20.25	53	13950,0
131	-1.25	20.25	53	13950,0
131	-1.75	19.75	53	13950,0
131	-2.25	19.75	53	13950,0
131	-2.25	20.25	53	13950,0
131	-1.75	20.75	53	13950,0
131	-1.75	21.25	53	13950,0
131	-23.75	48.25	53	14000,0
131	-23.75	48.75	53	14000,0
131	-23.25	49.25	53	14000,0
131	-22.75	49.25	53	14000,0
131	-22.25	48.75	53	14000,0
131	-22.25	48.25	53	14000,0
131	-23.25	47.25	53	14000,0
131	-23.75	47.25	53	14000,0
131	-23.75	48.25	53	14000,0
131	-9.25	13.75	53	14000,50
131	-9.25	14.25	53	14000,50
131	-8.25	15.25	53	14000,50
131	-7.75	15.25	53	14000,50
131	-7.25	14.75	53	14000,50
131	-7.25	14.25	53	14000,50
131	-7.75	13.75	53	14000,50
131	-7.75	12.75	53	14000,50
131	-8.75	11.75	53	14000,50
131	-9.25	11.75	53	14000,50
131	-9.25	13.75	53	14000,50
131	-23.75	48.75	53	14050,50
131	-23.75	48.25	53	14050,50
131	-23.25	48.25	53	14050,50
131	-23.25	48.75	53	14050,50
131	-23.75	48.75	53	14050,50
132	2.75	25.75	53	13950,0
132	2.75	26.25	53	13950,0
132	3.25	26.25	53	13950,0
132	3.25	24.75	53	13950,0
132	2.75	24.75	53	13950,0
132	2.75	25.75	53	13950,0
132	-45.25	25.75	53	14000,0
132	-45.25	26.25	53	14000,0
132	-44.75	26.75	53	14000,0
132	-44.25	26.75	53	14000,0
132	-44.25	26.25	53	14000,0
132	-44.75	25.75	53	14000,0
132	-45.25	25.75	53	14000,0
132	-20.75	1.25	53	14000,50
132	-20.75	1.75	53	14000,50
132	-19.75	1.75	53	14000,50
132	-19.75	2.75	53	14000,50
132	-19.25	2.75	53	14000,50
132	-19.25	1.25	53	14000,50
132	-19.75	0.75	53	14000,50
132	-20.25	0.75	53	14000,50
132	-20.75	1.25	53	14000,50
132	-28.75	42.75	53	14050,50
132	-28.75	42.25	53	14050,50
132	-28.25	42.25	53	14050,50
132	-28.25	42.75	53	14050,50
132	-28.75	42.75	53	14050,50
133	-18.25	3.75	53	13950,0
133	-18.25	4.25	53	13950,0
133	-17.75	4.25	53	13950,0
133	-17.75	3.75	53	13950,0
133	-18.25	3.75	53	13950,0
133	-37.75	33.75	53	14000,0
133	-37.75	33.25	53	14000,0
133	-37.25	33.25	53	14000,0
133	-37.25	33.75	53	14000,0
133	-37.75	33.75	53	14000,0
133	-18.75	3.25	53	14000,50
133	-18.75	3.75	53	14000,50
133	-18.25	3.75	53	14000,50
133	-18.25	2.25	53	14000,50
133	-18.75	2.25	53	14000,50
133	-18.75	3.25	53	14000,50
133	-27.75	42.75	53	14050,50
133	-27.75	42.25	53	14050,50
133	-27.25	42.25	53	14050,50
133	-27.25	42.75	53	14050,50
133	-27.75	42.75	53	14050,50
134	-15.75	6.25	53	13950,0
134	-15.75	6.75	53	13950,0
134	-15.25	7.25	53	13950,0
134	-14.75	7.25	53	13950,0
134	-14.75	5.75	53	13950,0
134	-15.25	5.75	53	13950,0
134	-15.75	6.25	53	13950,0
134	-31.75	39.75	53	14000,0
134	-31.75	39.25	53	14000,0
134	-31.25	39.25	53	14000,0
134	-30.75	39.75	53	14000,0
134	-30.75	40.25	53	14000,0
134	-31.25	40.25	53	14000,0
134	-31.75	39.75	53	14000,0
134	-17.75	4.25	53	14000,50
134	-17.75	4.75	53	14000,50
134	-17.25	5.25	53	14000,50
134	-16.75	5.25	53	14000,50
134	-16.75	4.75	53	14000,50
134	-17.25	4.25	53	14000,50
134	-17.25	3.25	53	14000,50
134	-17.75	3.25	53	14000,50
134	-17.75	4.25	53	14000,50
134	-44.75	24.25	53	14050,50
134	-44.75	24.75	53	14050,50
134	-44.25	25.25	53	14050,50
134	-43.75	25.25	53	14050,50
134	-43.75	24.75	53	14050,50
134	-44.25	24.25	53	14050,50
134	-44.75	24.25	53	14050,50
135	-12.25	9.75	53	13950,0
135	-12.25	10.25	53	13950,0
135	-11.25	11.25	53	13950,0
135	-10.75	11.25	53	13950,0
135	-10.75	10.75	53	13950,0
135	-11.25	10.25	53	13950,0
135	-11.25	9.25	53	13950,0
135	-11.75	9.25	53	13950,0
135	-12.25	9.75	53	13950,0
135	-39.75	29.25	53	14000,0
135	-39.75	29.75	53	14000,0
135	-36.25	33.25	53	14000,0
135	-35.75	33.25	53	14000,0
135	-35.75	32.75	53	14000,0
135	-39.25	29.25	53	14000,0
135	-39.75	29.25	53	14000,0
135	-16.25	5.75	53	14000,50
135	-16.25	6.25	53	14000,50
135	-15.75	6.75	53	14000,50
135	-15.25	6.75	53	14000,50
135	-15.25	6.25	53	14000,50
135	-15.75	5.75	53	14000,50
135	-16.25	5.75	53	14000,50
135	-41.75	27.25	53	14050,50
135	-41.75	27.75	53	14050,50
135	-41.25	27.75	53	14050,50
135	-41.25	27.25	53	14050,50
135	-41.75	27.25	53	14050,50
137	3.75	26.25	53	13950,0
137	3.75	25.75	53	13950,0
137	4.25	25.75	53	13950,0
137	4.75	26.25	53	13950,0
137	4.75	26.75	53	13950,0
137	4.25	26.75	53	13950,0
137	3.75	26.25	53	13950,0
137	-35.25	33.75	53	14000,0
137	-35.25	34.25	53	14000,0
137	-30.25	39.25	53	14000,0
137	-29.75	39.25	53	14000,0
137	-29.75	38.75	53	14000,0
137	-34.75	33.75	53	14000,0
137	-35.25	33.75	53	14000,0
137	-12.25	9.75	53	14000,50
137	-12.25	10.25	53	14000,50
137	-11.75	10.25	53	14000,50
137	-11.75	9.75	53	14000,50
137	-12.25	9.75	53	14000,50
137	-39.75	29.25	53	14050,50
137	-39.75	29.75	53	14050,50
137	-39.25	29.75	53	14050,50
137	-39.25	29.25	53	14050,50
137	-39.75	29.25	53	14050,50
138	-21.25	0.25	53	13950,0
138	-21.25	-0.25	53	13950,0
138	-20.75	-0.25	53	13950,0
138	-20.75	0.25	53	13950,0
138	-21.25	0.25	53	13950,0
138	-29.25	39.75	53	14000,0
138	-29.25	40.25	53	14000,0
138	-23.75	45.75	53	14000,0
138	-23.25	45.75	53	14000,0
138	-23.25	45.25	53	14000,0
138	-28.75	39.75	53	14000,0
138	-29.25	39.75	53	14000,0
138	-11.25	10.75	53	14000,50
138	-11.25	11.25	53	14000,50
138	-10.75	11.25	53	14000,50
138	-10.75	10.75	53	14000,50
138	-11.25	10.75	53	14000,50
138	-38.25	30.75	53	14050,50
138	-38.25	31.25	53	14050,50
138	-37.75	31.75	53	14050,50
138	-37.25	31.75	53	14050,50
138	-37.25	31.25	53	14050,50
138	-37.75	30.75	53	14050,50
138	-38.25	30.75	53	14050,50
139	2.25	23.75	53	13950,0
139	2.25	23.25	53	13950,0
139	2.75	23.25	53	13950,0
139	2.75	23.75	53	13950,0
139	2.25	23.75	53	13950,0
139	-22.75	46.25	53	14000,0
139	-22.75	46.75	53	14000,0
139	-22.25	47.25	53	14000,0
139	-21.75	47.25	53	14000,0
139	-21.75	46.75	53	14000,0
139	-22.25	46.25	53	14000,0
139	-22.75	46.25	53	14000,0
139	-2.25	20.25	53	14000,50
139	-2.25	19.75	53	14000,50
139	-1.75	19.75	53	14000,50
139	-1.75	20.25	53	14000,50
139	-2.25	20.25	53	14000,50
139	-35.75	33.25	53	14050,50
139	-35.75	33.75	53	14050,50
139	-33.75	35.75	53	14050,50
139	-33.25	35.75	53	14050,50
139	-33.25	35.25	53	14050,50
139	-35.25	33.25	53	14050,50
139	-35.75	33.25	53	14050,50
140	-19.25	-0.25	53	13950,0
140	-19.25	0.25	53	13950,0
140	-18.75	0.25	53	13950,0
140	-18.75	-0.25	53	13950,0
140	-19.25	-0.25	53	13950,0
140	-44.75	22.25	53	14000,0
140	-44.75	22.75	53	14000,0
140	-44.25	22.75	53	14000,0
140	-44.25	22.25	53	14000,0
140	-44.75	22.25	53	14000,0
140	-21.75	-0.75	53	14000,50
140	-21.75	-0.25	53	14000,50
140	-21.25	0.25	53	14000,50
140	-20.75	0.25	53	14000,50
140	-20.25	-0.25	53	14000,50
140	-20.25	-0.75	53	14000,50
140	-21.75	-0.75	53	14000,50
140	-32.25	36.75	53	14050,50
140	-32.25	37.25	53	14050,50
140	-31.75	37.25	53	14050,50
140	-31.75	36.75	53	14050,50
140	-32.25	36.75	53	14050,50
141	-14.75	4.25	53	13950,0
141	-14.75	4.75	53	13950,0
141	-13.75	5.75	53	13950,0
141	-13.25	5.75	53	13950,0
141	-13.25	5.25	53	13950,0
141	-14.25	4.25	53	13950,0
141	-14.75	4.25	53	13950,0
141	-32.75	34.25	53	14000,0
141	-32.75	34.75	53	14000,0
141	-32.25	34.75	53	14000,0
141	-32.25	34.25	53	14000,0
141	-32.75	34.25	53	14000,0
141	-15.75	3.25	53	14000,50
141	-15.75	3.75	53	14000,50
141	-15.25	3.75	53	14000,50
141	-15.25	3.25	53	14000,50
141	-15.75	3.25	53	14000,50
141	-24.75	44.25	53	14050,50
141	-24.75	44.75	53	14050,50
141	-24.25	44.75	53	14050,50
141	-24.25	44.25	53	14050,50
141	-24.75	44.25	53	14050,50
142	-12.25	6.75	53	13950,0
142	-12.25	7.25	53	13950,0
142	-10.25	9.25	53	13950,0
142	-9.75	9.25	53	13950,0
142	-9.75	8.75	53	13950,0
142	-11.75	6.75	53	13950,0
142	-12.25	6.75	53	13950,0
142	-21.75	45.25	53	14000,0
142	-21.75	45.75	53	14000,0
142	-20.75	46.75	53	14000,0
142	-20.25	46.75	53	14000,0
142	-20.25	46.25	53	14000,0
142	-21.25	45.25	53	14000,0
142	-21.75	45.25	53	14000,0
142	-14.25	4.75	53	14000,50
142	-14.25	5.25	53	14000,50
142	-12.75	6.75	53	14000,50
142	-12.25	6.75	53	14000,50
142	-12.25	6.25	53	14000,50
142	-13.75	4.75	53	14000,50
142	-14.25	4.75	53	14000,50
142	-22.25	46.75	53	14050,50
142	-22.25	47.25	53	14050,50
142	-21.75	47.25	53	14050,50
142	-21.75	46.75	53	14050,50
142	-22.25	46.75	53	14050,50
143	-3.75	15.25	53	13950,0
143	-3.75	15.75	53	13950,0
143	-2.25	17.25	53	13950,0
143	-1.75	17.25	53	13950,0
143	-1.75	15.75	53	13950,0
143	-2.75	15.75	53	13950,0
143	-3.25	15.25	53	13950,0
143	-3.75	15.25	53	13950,0
143	-44.75	20.25	53	14000,0
143	-44.75	20.75	53	14000,0
143	-44.25	20.75	53	14000,0
143	-43.75	20.25	53	14000,0
143	-43.75	18.75	53	14000,0
143	-44.25	18.75	53	14000,0
143	-44.75	19.25	53	14000,0
143	-44.75	20.25	53	14000,0
143	-11.25	7.75	53	14000,50
143	-11.25	8.25	53	14000,50
143	-9.75	9.75	53	14000,50
143	-9.25	9.75	53	14000,50
143	-9.25	9.25	53	14000,50
143	-10.75	7.75	53	14000,50
143	-11.25	7.75	53	14000,50
143	-43.75	23.25	53	14050,50
143	-43.75	23.75	53	14050,50
143	-43.25	23.75	53	14050,50
143	-43.25	23.25	53	14050,50
143	-43.75	23.25	53	14050,50
144	1.25	20.25	53	13950,0
144	1.25	20.75	53	13950,0
144	1.75	20.75	53	13950,0
144	1.75	20.25	53	13950,0
144	1.25	20.25	53	13950,0
144	-41.25	23.75	53	14000,0
144	-41.25	24.25	53	14000,0
144	-40.75	24.25	53	14000,0
144	-40.75	23.75	53	14000,0
144	-41.25	23.75	53	14000,0
144	-8.75	10.25	53	14000,50
144	-8.75	10.75	53	14000,50
144	-5.25	14.25	53	14000,50
144	-4.75	14.25	53	14000,50
144	-4.75	13.75	53	14000,50
144	-8.25	10.25	53	14000,50
144	-8.75	10.25	53	14000,50
144	-38.25	28.75	53	14050,50
144	-38.25	29.25	53	14050,50
144	-36.75	30.75	53	14050,50
144	-36.25	30.75	53	14050,50
144	-36.25	30.25	53	14050,50
144	-37.75	28.75	53	14050,50
144	-38.25	28.75	53	14050,50
145	-15.75	1.25	53	13950,0
145	-15.75	1.75	53	13950,0
145	-15.25	1.75	53	13950,0
145	-15.25	1.25	53	13950,0
145	-15.75	1.25	53	13950,0
145	-36.75	28.25	53	14000,0
145	-36.75	28.75	53	14000,0
145	-36.25	28.75	53	14000,0
145	-36.25	28.25	53	14000,0
145	-36.75	28.25	53	14000,0
145	-4.25	14.75	53	14000,50
145	-4.25	15.25	53	14000,50
145	-3.75	15.75	53	14000,50
145	-3.25	15.75	53	14000,50
145	-3.25	15.25	53	14000,50
145	-3.75	14.75	53	14000,50
145	-4.25	14.75	53	14000,50
145	-32.25	34.75	53	14050,50
145	-32.25	35.25	53	14050,50
145	-31.75	35.25	53	14050,50
145	-31.75	34.75	53	14050,50
145	-32.25	34.75	53	14050,50
146	-14.75	2.25	53	13950,0
146	-14.75	2.75	53	13950,0
146	-14.25	2.75	53	13950,0
146	-14.25	2.25	53	13950,0
146	-14.75	2.25	53	13950,0
146	-35.25	29.75	53	14000,0
146	-35.25	30.25	53	14000,0
146	-34.75	30.25	53	14000,0
146	-34.75	29.75	53	14000,0
146	-35.25	29.75	53	14000,0
146	-1.75	17.25	53	14000,50
146	-1.75	17.75	53	14000,50
146	-1.25	18.25	53	14000,50
146	-0.75	18.25	53	14000,50
146	-0.75	17.75	53	14000,50
146	-1.25	17.25	53	14000,50
146	-1.75	17.25	53	14000,50
146	-31.25	35.75	53	14050,50
146	-31.25	36.25	53	14050,50
146	-30.75	36.75	53	14050,50
146	-30.25	36.75	53	14050,50
146	-30.25	36.25	53	14050,50
146	-30.75	35.75	53	14050,50
146	-31.25	35.75	53	14050,50
148	2.25	19.25	53	13950,0
148	2.25	19.75	53	13950,0
148	2.75	19.75	53	13950,0
148	2.75	19.25	53	13950,0
148	2.25	19.25	53	13950,0
148	-31.75	33.25	53	14000,0
148	-31.75	33.75	53	14000,0
148	-30.25	33.75	53	14000,0
148	-29.25	32.75	53	14000,0
148	-29.25	32.25	53	14000,0
148	-29.75	31.75	53	14000,0
148	-30.25	31.75	53	14000,0
148	-30.25	32.75	53	14000,0
148	-31.25	32.75	53	14000,0
148	-31.75	33.25	53	14000,0
148	-0.25	18.75	53	14000,50
148	-0.25	19.25	53	14000,50
148	0.25	19.75	53	14000,50
148	0.75	19.75	53	14000,50
148	0.75	19.25	53	14000,50
148	0.25	18.75	53	14000,50
148	-0.25	18.75	53	14000,50
148	-29.25	37.75	53	14050,50
148	-29.25	38.25	53	14050,50
148	-28.75	38.25	53	14050,50
148	-28.75	37.75	53	14050,50
148	-29.25	37.75	53	14050,50
149	3.75	20.75	53	13950,0
149	3.75	21.25	53	13950,0
149	4.25	21.25	53	13950,0
149	4.25	20.75	53	13950,0
149	3.75	20.75	53	13950,0
149	-28.25	36.75	53	14000,0
149	-28.25	37.25	53	14000,0
149	-27.75	37.25	53	14000,0
149	-27.75	36.75	53	14000,0
149	-28.25	36.75	53	14000,0
149	2.25	21.25	53	14000,50
149	2.25	21.75	53	14000,50
149	2.75	22.25	53	14000,50
149	3.25	22.25	53	14000,50
149	3.25	21.75	53	14000,50
149	2.75	21.25	53	14000,50
149	2.25	21.25	53	14000,50
149	-27.25	39.75	53	14050,50
149	-27.25	40.25	53	14050,50
149	-26.75	40.25	53	14050,50
149	-26.75	39.75	53	14050,50
149	-27.25	39.75	53	14050,50
150	-14.75	0.25	53	13950,0
150	-14.75	0.75	53	13950,0
150	-14.25	0.75	53	13950,0
150	-14.25	0.25	53	13950,0
150	-14.75	0.25	53	13950,0
150	-43.25	20.75	53	14000,0
150	-43.25	21.25	53	14000,0
150	-41.75	22.75	53	14000,0
150	-40.75	22.75	53	14000,0
150	-40.25	23.25	53	14000,0
150	-39.75	23.25	53	14000,0
150	-39.25	22.75	53	14000,0
150	-38.75	22.75	53	14000,0
150	-38.25	23.25	53	14000,0
150	-37.75	23.25	53	14000,0
150	-37.75	22.75	53	14000,0
150	-38.75	21.75	53	14000,0
150	-39.25	21.75	53	14000,0
150	-39.75	22.25	53	14000,0
150	-40.25	22.25	53	14000,0
150	-40.25	20.75	53	14000,0
150	-39.25	20.75	53	14000,0
150	-38.75	20.25	53	14000,0
150	-38.75	19.75	53	14000,0
150	-40.25	18.25	53	14000,0
150	-41.25	18.25	53	14000,0
150	-41.75	17.75	53	14000,0
150	-42.25	17.75	53	14000,0
150	-42.25	18.25	53	14000,0
150	-40.75	19.75	53	14000,0
150	-40.75	20.25	53	14000,0
150	-41.75	21.25	53	14000,0
150	-42.25	21.25	53	14000,0
150	-42.75	20.75	53	14000,0
150	-42.75	19.75	53	14000,0
150	-43.25	19.75	53	14000,0
150	-43.25	20.75	53	14000,0
150	3.75	22.75	53	14000,50
150	3.75	23.25	53	14000,50
150	4.25	23.75	53	14000,50
150	4.75	23.75	53	14000,50
150	4.75	23.25	53	14000,50
150	4.25	22.75	53	14000,50
150	3.75	22.75	53	14000,50
150	-26.25	40.75	53	14050,50
150	-26.25	41.25	53	14050,50
150	-25.75	41.25	53	14050,50
150	-25.75	40.75	53	14050,50
150	-26.25	40.75	53	14050,50
151	3.25	18.25	53	13950,0
151	3.25	18.75	53	13950,0
151	3.75	18.75	53	13950,0
151	4.25	18.25	53	13950,0
151	4.25	17.75	53	13950,0
151	3.75	17.25	53	13950,0
151	3.25	17.25	53	13950,0
151	3.25	18.25	53	13950,0
151	-39.75	24.25	53	14000,0
151	-39.75	24.75	53	14000,0
151	-39.25	24.75	53	14000,0
151	-39.25	24.25	53	14000,0
151	-39.75	24.25	53	14000,0
151	-16.25	0.75	53	14000,50
151	-16.25	1.25	53	14000,50
151	-14.75	2.75	53	14000,50
151	-14.25	2.75	53	14000,50
151	-14.25	2.25	53	14000,50
151	-15.75	0.75	53	14000,50
151	-16.25	0.75	53	14000,50
151	-24.25	42.75	53	14050,50
151	-24.25	43.25	53	14050,50
151	-23.75	43.75	53	14050,50
151	-23.25	43.75	53	14050,50
151	-23.25	43.25	53	14050,50
151	-23.75	42.75	53	14050,50
151	-23.75	40.75	53	14050,50
151	-24.25	40.75	53	14050,50
151	-24.25	42.75	53	14050,50
152	1.25	15.25	53	13950,0
152	1.25	15.75	53	13950,0
152	1.75	15.75	53	13950,0
152	1.75	15.25	53	13950,0
152	1.25	15.25	53	13950,0
152	-33.75	30.25	53	14000,0
152	-33.75	30.75	53	14000,0
152	-33.25	31.25	53	14000,0
152	-32.75	31.25	53	14000,0
152	-32.25	30.75	53	14000,0
152	-32.25	28.25	53	14000,0
152	-32.75	28.25	53	14000,0
152	-32.75	29.25	53	14000,0
152	-33.75	30.25	53	14000,0
152	-13.75	3.25	53	14000,50
152	-13.75	3.75	53	14000,50
152	-13.25	3.75	53	14000,50
152	-13.25	3.25	53	14000,50
152	-13.75	3.25	53	14000,50
152	-22.75	44.25	53	14050,50
152	-22.75	44.75	53	14050,50
152	-22.25	44.75	53	14050,50
152	-22.25	44.25	53	14050,50
152	-22.75	44.25	53	14050,50
153	2.25	14.25	53	13950,0
153	2.25	14.75	53	13950,0
153	3.75	14.75	53	13950,0
153	4.25	14.25	53	13950,0
153	4.25	13.75	53	13950,0
153	2.75	13.75	53	13950,0
153	2.25	14.25	53	13950,0
153	-22.75	41.25	53	14000,0
153	-22.75	41.75	53	14000,0
153	-21.75	41.75	53	14000,0
153	-21.25	42.25	53	14000,0
153	-20.75	42.25	53	14000,0
153	-20.75	41.25	53	14000,0
153	-20.25	40.75	53	14000,0
153	-20.25	40.25	53	14000,0
153	-20.75	40.25	53	14000,0
153	-21.25	40.75	53	14000,0
153	-22.25	40.75	53	14000,0
153	-22.75	41.25	53	14000,0
153	-12.75	4.25	53	14000,50
153	-12.75	4.75	53	14000,50
153	-12.25	5.25	53	14000,50
153	-11.75	5.25	53	14000,50
153	-11.75	4.75	53	14000,50
153	-12.25	4.25	53	14000,50
153	-12.75	4.25	53	14000,50
153	-21.25	45.75	53	14050,50
153	-21.25	46.25	53	14050,50
153	-20.75	46.25	53	14050,50
153	-20.75	45.75	53	14050,50
153	-21.25	45.75	53	14050,50
154	4.25	15.25	53	13950,0
154	4.25	15.75	53	13950,0
154	4.75	15.75	53	13950,0
154	4.75	15.25	53	13950,0
154	4.25	15.25	53	13950,0
154	-20.25	43.75	53	14000,0
154	-20.25	44.25	53	14000,0
154	-19.25	45.25	53	14000,0
154	-18.75	45.25	53	14000,0
154	-18.75	44.75	53	14000,0
154	-19.75	43.75	53	14000,0
154	-20.25	43.75	53	14000,0
154	-6.25	10.75	53	14000,50
154	-6.25	11.25	53	14000,50
154	0.25	17.75	53	14000,50
154	0.75	17.75	53	14000,50
154	0.75	17.25	53	14000,50
154	-5.75	10.75	53	14000,50
154	-6.25	10.75	53	14000,50
154	-20.25	46.75	53	14050,50
154	-20.25	47.25	53	14050,50
154	-19.75	47.75	53	14050,50
154	-19.25	47.75	53	14050,50
154	-19.25	47.25	53	14050,50
154	-19.75	46.75	53	14050,50
154	-20.25	46.75	53	14050,50
155	2.25	12.25	53	13950,0
155	2.25	12.75	53	13950,0
155	2.75	12.75	53	13950,0
155	2.75	12.25	53	13950,0
155	2.25	12.25	53	13950,0
155	-38.25	24.75	53	14000,0
155	-38.25	25.25	53	14000,0
155	-37.75	25.25	53	14000,0
155	-37.75	24.75	53	14000,0
155	-38.25	24.75	53	14000,0
155	1.25	18.25	53	14000,50
155	1.25	18.75	53	14000,50
155	2.25	19.75	53	14000,50
155	2.75	19.75	53	14000,50
155	2.75	19.25	53	14000,50
155	1.75	18.25	53	14000,50
155	1.25	18.25	53	14000,50
155	-18.75	48.25	53	14050,50
155	-18.75	48.75	53	14050,50
155	-18.25	48.75	53	14050,50
155	-18.25	48.25	53	14050,50
155	-18.75	48.25	53	14050,50
156	3.25	11.25	53	13950,0
156	3.25	11.75	53	13950,0
156	3.75	11.75	53	13950,0
156	3.75	11.25	53	13950,0
156	3.25	11.25	53	13950,0
156	-36.75	26.25	53	14000,0
156	-36.75	26.75	53	14000,0
156	-34.25	29.25	53	14000,0
156	-33.75	29.25	53	14000,0
156	-33.75	28.75	53	14000,0
156	-34.25	28.25	53	14000,0
156	-34.25	27.25	53	14000,0
156	-34.75	26.75	53	14000,0
156	-34.75	25.75	53	14000,0
156	-35.25	25.25	53	14000,0
156	-35.75	25.25	53	14000,0
156	-35.75	25.75	53	14000,0
156	-35.25	26.25	53	14000,0
156	-35.25	26.75	53	14000,0
156	-35.75	26.75	53	14000,0
156	-36.25	26.25	53	14000,0
156	-36.75	26.25	53	14000,0
156	3.25	20.25	53	14000,50
156	3.25	20.75	53	14000,50
156	4.75	22.25	53	14000,50
156	5.25	22.25	53	14000,50
156	5.25	21.75	53	14000,50
156	3.75	20.25	53	14000,50
156	3.25	20.25	53	14000,50
156	-38.75	26.25	53	14050,50
156	-38.75	26.75	53	14050,50
156	-37.25	28.25	53	14050,50
156	-36.25	28.25	53	14050,50
156	-36.25	29.25	53	14050,50
156	-35.25	29.25	53	14050,50
156	-35.25	30.25	53	14050,50
156	-34.75	30.25	53	14050,50
156	-34.25	29.75	53	14050,50
156	-34.25	29.25	53	14050,50
156	-36.75	26.75	53	14050,50
156	-37.75	26.75	53	14050,50
156	-38.25	26.25	53	14050,50
156	-38.75	26.25	53	14050,50
157	-31.75	31.25	53	14000,0
157	-31.75	31.75	53	14000,0
157	-31.25	31.75	53	14000,0
157	-31.25	31.25	53	14000,0
157	-31.75	31.25	53	14000,0
157	-12.25	2.75	53	14000,50
157	-12.25	3.25	53	14000,50
157	-10.75	3.25	53	14000,50
157	-10.75	2.75	53	14000,50
157	-11.25	2.25	53	14000,50
157	-11.25	1.25	53	14000,50
157	-11.75	1.25	53	14000,50
157	-12.25	1.75	53	14000,50
157	-12.25	2.75	53	14000,50
157	-33.75	31.25	53	14050,50
157	-33.75	31.75	53	14050,50
157	-33.25	31.75	53	14050,50
157	-33.25	31.25	53	14050,50
157	-33.75	31.25	53	14050,50
159	-28.25	34.75	53	14000,0
159	-28.25	35.25	53	14000,0
159	-27.75	35.75	53	14000,0
159	-27.25	35.75	53	14000,0
159	-27.25	34.25	53	14000,0
159	-27.75	33.75	53	14000,0
159	-28.25	33.75	53	14000,0
159	-28.25	34.75	53	14000,0
159	-6.25	8.75	53	14000,50
159	-6.25	9.25	53	14000,50
159	-4.25	11.25	53	14000,50
159	-3.25	11.25	53	14000,50
159	-3.25	12.25	53	14000,50
159	-2.25	12.25	53	14000,50
159	-2.25	13.25	53	14000,50
159	-1.25	13.25	53	14000,50
159	-0.75	13.75	53	14000,50
159	-0.25	13.75	53	14000,50
159	-0.25	13.25	53	14000,50
159	-1.75	11.75	53	14000,50
159	-1.75	10.75	53	14000,50
159	-2.75	10.75	53	14000,50
159	-2.75	10.25	53	14000,50
159	-2.25	9.75	53	14000,50
159	-2.25	9.25	53	14000,50
159	-3.25	8.25	53	14000,50
159	-3.75	8.25	53	14000,50
159	-3.75	8.75	53	14000,50
159	-3.25	9.25	53	14000,50
159	-3.25	9.75	53	14000,50
159	-3.75	9.75	53	14000,50
159	-4.25	9.25	53	14000,50
159	-4.25	6.25	53	14000,50
159	-4.75	5.75	53	14000,50
159	-5.25	5.75	53	14000,50
159	-5.25	6.25	53	14000,50
159	-4.75	6.75	53	14000,50
159	-4.75	7.25	53	14000,50
159	-5.25	7.25	53	14000,50
159	-5.75	6.75	53	14000,50
159	-5.75	5.75	53	14000,50
159	-6.25	5.75	53	14000,50
159	-6.25	7.25	53	14000,50
159	-5.75	7.75	53	14000,50
159	-5.75	8.25	53	14000,50
159	-6.25	8.75	53	14000,50
159	-32.25	32.75	53	14050,50
159	-32.25	33.25	53	14050,50
159	-31.75	33.25	53	14050,50
159	-31.75	32.75	53	14050,50
159	-32.25	32.75	53	14050,50
160	-26.75	36.25	53	14000,0
160	-26.75	36.75	53	14000,0
160	-26.25	36.75	53	14000,0
160	-26.25	35.25	53	14000,0
160	-26.75	35.25	53	14000,0
160	-26.75	36.25	53	14000,0
160	2.75	17.75	53	14000,50
160	2.75	18.25	53	14000,50
160	3.75	19.25	53	14000,50
160	4.25	19.25	53	14000,50
160	4.75	18.75	53	14000,50
160	4.75	18.25	53	14000,50
160	3.75	17.25	53	14000,50
160	3.25	17.25	53	14000,50
160	2.75	17.75	53	14000,50
160	-29.75	35.25	53	14050,50
160	-29.75	35.75	53	14050,50
160	-29.25	35.75	53	14050,50
160	-29.25	35.25	53	14050,50
160	-29.75	35.25	53	14050,50
161	-24.75	38.25	53	14000,0
161	-24.75	38.75	53	14000,0
161	-24.25	39.25	53	14000,0
161	-23.75	39.25	53	14000,0
161	-23.75	38.25	53	14000,0
161	-23.25	37.75	53	14000,0
161	-23.25	37.25	53	14000,0
161	-24.75	37.25	53	14000,0
161	-24.75	38.25	53	14000,0
161	-14.75	-0.75	53	14000,50
161	-14.75	-0.25	53	14000,50
161	-13.25	1.25	53	14000,50
161	-12.75	1.25	53	14000,50
161	-12.75	0.75	53	14000,50
161	-13.25	0.25	53	14000,50
161	-13.25	-0.75	53	14000,50
161	-14.75	-0.75	53	14000,50
161	-27.75	37.25	53	14050,50
161	-27.75	37.75	53	14050,50
161	-27.25	38.25	53	14050,50
161	-26.75	38.25	53	14050,50
161	-26.25	37.75	53	14050,50
161	-26.25	37.25	53	14050,50
161	-27.25	36.25	53	14050,50
161	-27.75	36.25	53	14050,50
161	-27.75	37.25	53	14050,50
162	-23.25	39.75	53	14000,0
162	-23.25	40.25	53	14000,0
162	-22.75	40.25	53	14000,0
162	-22.75	39.25	53	14000,0
162	-22.25	38.75	53	14000,0
162	-22.25	38.25	53	14000,0
162	-22.75	38.25	53	14000,0
162	-23.25	38.75	53	14000,0
162	-23.25	39.75	53	14000,0
162	1.25	15.25	53	14000,50
162	1.25	15.75	53	14000,50
162	1.75	16.25	53	14000,50
162	2.25	16.25	53	14000,50
162	2.25	15.75	53	14000,50
162	1.75	15.25	53	14000,50
162	1.25	15.25	53	14000,50
162	-25.25	39.75	53	14050,50
162	-25.25	40.25	53	14050,50
162	-24.75	40.25	53	14050,50
162	-24.25	39.75	53	14050,50
162	-24.25	39.25	53	14050,50
162	-24.75	39.25	53	14050,50
162	-25.25	39.75	53	14050,50
163	-17.75	45.25	53	14000,0
163	-17.75	45.75	53	14000,0
163	-17.25	45.75	53	14000,0
163	-17.25	44.25	53	14000,0
163	-17.75	44.25	53	14000,0
163	-17.75	45.25	53	14000,0
163	-9.75	3.25	53	14000,50
163	-9.75	3.75	53	14000,50
163	-9.25	3.75	53	14000,50
163	-9.25	3.25	53	14000,50
163	-9.75	3.25	53	14000,50
163	-22.75	42.25	53	14050,50
163	-22.75	42.75	53	14050,50
163	-21.75	42.75	53	14050,50
163	-21.75	43.75	53	14050,50
163	-21.25	43.75	53	14050,50
163	-21.25	42.25	53	14050,50
163	-21.75	41.75	53	14050,50
163	-22.25	41.75	53	14050,50
163	-22.75	42.25	53	14050,50
164	-25.75	36.75	53	14000,0
164	-25.75	36.25	53	14000,0
164	-25.25	36.25	53	14000,0
164	-25.25	36.75	53	14000,0
164	-25.75	36.75	53	14000,0
164	-8.75	4.25	53	14000,50
164	-8.75	4.75	53	14000,50
164	-8.25	5.25	53	14000,50
164	-7.75	5.25	53	14000,50
164	-7.25	4.75	53	14000,50
164	-7.25	4.25	53	14000,50
164	-8.75	4.25	53	14000,50
164	-20.25	44.75	53	14050,50
164	-20.25	45.25	53	14050,50
164	-19.75	45.25	53	14050,50
164	-19.25	44.75	53	14050,50
164	-19.25	44.25	53	14050,50
164	-19.75	44.25	53	14050,50
164	-20.25	44.75	53	14050,50
165	-16.75	45.75	53	14000,0
165	-16.75	45.25	53	14000,0
165	-16.25	45.25	53	14000,0
165	-16.25	45.75	53	14000,0
165	-16.75	45.75	53	14000,0
165	-7.25	5.75	53	14000,50
165	-7.25	6.25	53	14000,50
165	-6.75	6.25	53	14000,50
165	-6.75	5.75	53	14000,50
165	-7.25	5.75	53	14000,50
165	-43.25	20.75	53	14050,50
165	-43.25	21.25	53	14050,50
165	-42.75	21.75	53	14050,50
165	-42.25	21.75	53	14050,50
165	-42.25	21.25	53	14050,50
165	-42.75	20.75	53	14050,50
165	-43.25	20.75	53	14050,50
166	-44.75	16.25	53	14000,0
166	-44.75	16.75	53	14000,0
166	-44.25	16.75	53	14000,0
166	-43.75	16.25	53	14000,0
166	-43.75	15.75	53	14000,0
166	-44.25	15.75	53	14000,0
166	-44.75	16.25	53	14000,0
166	-12.25	-0.25	53	14000,50
166	-12.25	0.25	53	14000,50
166	-10.75	0.25	53	14000,50
166	-10.25	-0.25	53	14000,50
166	-10.25	-0.75	53	14000,50
166	-11.75	-0.75	53	14000,50
166	-12.25	-0.25	53	14000,50
166	-41.25	22.75	53	14050,50
166	-41.25	23.25	53	14050,50
166	-40.75	23.25	53	14050,50
166	-40.75	22.75	53	14050,50
166	-41.25	22.75	53	14050,50
167	-37.25	23.75	53	14000,0
167	-37.25	24.25	53	14000,0
167	-36.75	24.25	53	14000,0
167	-36.75	23.75	53	14000,0
167	-37.25	23.75	53	14000,0
167	-0.75	11.25	53	14000,50
167	-0.75	11.75	53	14000,50
167	-0.25	12.25	53	14000,50
167	0.25	12.25	53	14000,50
167	0.25	11.75	53	14000,50
167	-0.25	11.25	53	14000,50
167	-0.75	11.25	53	14000,50
167	-40.25	23.75	53	14050,50
167	-40.25	24.25	53	14050,50
167	-39.75	24.25	53	14050,50
167	-39.75	23.75	53	14050,50
167	-40.25	23.75	53	14050,50
168	-33.75	27.75	53	14000,0
168	-33.75	27.25	53	14000,0
168	-33.25	27.25	53	14000,0
168	-33.25	27.75	53	14000,0
168	-33.75	27.75	53	14000,0
168	3.75	15.75	53	14000,50
168	3.75	16.25	53	14000,50
168	4.25	16.75	53	14000,50
168	4.75	16.75	53	14000,50
168	5.25	16.25	53	14000,50
168	5.25	14.75	53	14000,50
168	4.75	14.75	53	14000,50
168	3.75	15.75	53	14000,50
168	-32.75	31.75	53	14050,50
168	-32.75	31.25	53	14050,50
168	-32.25	31.25	53	14050,50
168	-32.25	31.75	53	14050,50
168	-32.75	31.75	53	14050,50
170	-30.75	30.25	53	14000,0
170	-30.75	30.75	53	14000,0
170	-30.25	30.75	53	14000,0
170	-29.75	30.25	53	14000,0
170	-29.75	29.75	53	14000,0
170	-30.25	29.75	53	14000,0
170	-30.75	30.25	53	14000,0
170	-8.25	2.75	53	14000,50
170	-8.25	3.25	53	14000,50
170	-7.75	3.25	53	14000,50
170	-7.75	1.75	53	14000,50
170	-8.25	1.75	53	14000,50
170	-8.25	2.75	53	14000,50
170	-30.75	33.25	53	14050,50
170	-30.75	33.75	53	14050,50
170	-30.25	34.25	53	14050,50
170	-29.75	34.25	53	14050,50
170	-29.75	33.75	53	14050,50
170	-30.25	33.25	53	14050,50
170	-30.75	33.25	53	14050,50
171	-19.75	41.25	53	14000,0
171	-19.75	41.75	53	14000,0
171	-19.25	41.75	53	14000,0
171	-19.25	41.25	53	14000,0
171	-19.75	41.25	53	14000,0
171	3.25	14.25	53	14000,50
171	3.25	14.75	53	14000,50
171	3.75	14.75	53	14000,50
171	3.75	13.75	53	14000,50
171	4.25	13.25	53	14000,50
171	4.25	12.75	53	14000,50
171	3.75	12.25	53	14000,50
171	3.25	12.25	53	14000,50
171	2.75	12.75	53	14000,50
171	2.75	13.25	53	14000,50
171	3.25	13.75	53	14000,50
171	3.25	14.25	53	14000,50
171	-25.75	38.25	53	14050,50
171	-25.75	38.75	53	14050,50
171	-25.25	38.75	53	14050,50
171	-25.25	38.25	53	14050,50
171	-25.75	38.25	53	14050,50
172	-45.25	14.75	53	14000,0
172	-45.25	15.25	53	14000,0
172	-44.75	15.25	53	14000,0
172	-44.75	14.75	53	14000,0
172	-45.25	14.75	53	14000,0
172	-0.75	9.25	53	14000,50
172	-0.75	9.75	53	14000,50
172	1.75	12.25	53	14000,50
172	2.25	12.25	53	14000,50
172	2.75	11.75	53	14000,50
172	2.75	11.25	53	14000,50
172	1.75	10.25	53	14000,50
172	0.75	10.25	53	14000,50
172	-0.25	9.25	53	14000,50
172	-0.75	9.25	53	14000,50
172	-44.25	17.75	53	14050,50
172	-44.25	18.25	53	14050,50
172	-43.75	18.25	53	14050,50
172	-43.75	17.75	53	14050,50
172	-44.25	17.75	53	14050,50
173	-17.75	42.25	53	14000,0
173	-17.75	42.75	53	14000,0
173	-16.75	43.75	53	14000,0
173	-16.25	43.75	53	14000,0
173	-15.75	43.25	53	14000,0
173	-15.75	42.75	53	14000,0
173	-17.75	40.75	53	14000,0
173	-18.25	40.75	53	14000,0
173	-18.25	41.25	53	14000,0
173	-17.75	41.75	53	14000,0
173	-17.75	42.25	53	14000,0
173	-9.75	-0.25	53	14000,50
173	-9.75	-0.75	53	14000,50
173	-9.25	-0.75	53	14000,50
173	-9.25	-0.25	53	14000,50
173	-9.75	-0.25	53	14000,50
173	-42.75	19.25	53	14050,50
173	-42.75	19.75	53	14050,50
173	-42.25	19.75	53	14050,50
173	-42.25	19.25	53	14050,50
173	-42.75	19.25	53	14050,50
174	-13.25	46.75	53	14000,0
174	-13.25	47.25	53	14000,0
174	-12.75	47.75	53	14000,0
174	-11.75	47.75	53	14000,0
174	-11.75	48.75	53	14000,0
174	-11.25	49.25	53	14000,0
174	-9.75	49.25	53	14000,0
174	-9.75	48.75	53	14000,0
174	-13.25	45.25	53	14000,0
174	-13.75	45.25	53	14000,0
174	-13.75	45.75	53	14000,0
174	-13.25	46.25	53	14000,0
174	-13.25	46.75	53	14000,0
174	-41.25	20.75	53	14050,50
174	-41.25	21.25	53	14050,50
174	-40.75	21.25	53	14050,50
174	-40.25	20.75	53	14050,50
174	-40.25	20.25	53	14050,50
174	-41.25	19.25	53	14050,50
174	-41.75	19.25	53	14050,50
174	-41.75	19.75	53	14050,50
174	-41.25	20.25	53	14050,50
174	-41.25	20.75	53	14050,50
175	-45.25	9.75	53	14000,0
175	-45.25	10.25	53	14000,0
175	-44.75	10.25	53	14000,0
175	-42.25	7.75	53	14000,0
175	-42.25	7.25	53	14000,0
175	-42.75	7.25	53	14000,0
175	-45.25	9.75	53	14000,0
175	-39.25	22.75	53	14050,50
175	-39.25	23.25	53	14050,50
175	-38.75	23.25	53	14050,50
175	-38.75	22.75	53	14050,50
175	-39.25	22.75	53	14050,50
214	-11.75	16.25	6	14000,50
214	-11.75	16.75	6	14000,50
214	-10.75	16.75	6	14000,50
214	-10.25	17.25	6	14000,50
214	-9.75	17.25	6	14000,50
214	-9.75	16.75	6	14000,50
214	-17.25	9.25	6	14000,50
214	-17.75	9.25	6	14000,50
214	-17.75	9.75	6	14000,50
214	-11.75	15.75	6	14000,50
214	-11.75	16.25	6	14000,50
214	-20.75	6.25	6	13950,0
214	-20.75	6.75	6	13950,0
214	-20.25	7.25	6	13950,0
214	-19.75	7.25	6	13950,0
214	-19.75	6.75	6	13950,0
214	-20.25	6.25	6	13950,0
214	-20.75	6.25	6	13950,0
214	-44.75	32.25	6	14050,50
214	-44.75	32.75	6	14050,50
214	-44.25	32.75	6	14050,50
214	-44.25	32.25	6	14050,50
214	-44.75	32.25	6	14050,50
214	-22.25	0.75	6	14050,100
214	-22.25	1.25	6	14050,100
214	-21.75	1.25	6	14050,100
214	-21.75	0.75	6	14050,100
214	-22.25	0.75	6	14050,100
214	-21.25	47.75	6	14000,0
214	-21.25	48.25	6	14000,0
214	-20.25	49.25	6	14000,0
214	-19.75	49.25	6	14000,0
214	-19.75	48.75	6	14000,0
214	-20.75	47.75	6	14000,0
214	-21.25	47.75	6	14000,0
214	-43.25	45.75	6	14050,0
214	-43.25	46.25	6	14050,0
214	-40.25	49.25	6	14050,0
214	-39.75	49.25	6	14050,0
214	-39.75	48.75	6	14050,0
214	-42.75	45.75	6	14050,0
214	-43.25	45.75	6	14050,0
225	0.75	28.75	6	14000,50
225	0.75	29.25	6	14000,50
225	1.25	29.75	6	14000,50
225	2.25	29.75	6	14000,50
225	2.25	30.75	6	14000,50
225	3.25	30.75	6	14000,50
225	4.75	32.25	6	14000,50
225	5.25	32.25	6	14000,50
225	5.25	31.75	6	14000,50
225	1.75	28.25	6	14000,50
225	1.25	28.25	6	14000,50
225	0.75	28.75	6	14000,50
225	-19.25	7.75	6	13950,0
225	-19.25	8.25	6	13950,0
225	-16.75	10.75	6	13950,0
225	-16.25	10.75	6	13950,0
225	-16.25	10.25	6	13950,0
225	-18.75	7.75	6	13950,0
225	-19.25	7.75	6	13950,0
225	-44.75	28.25	6	14050,50
225	-44.75	28.75	6	14050,50
225	-44.25	28.75	6	14050,50
225	-44.25	26.25	6	14050,50
225	-44.75	26.25	6	14050,50
225	-44.75	28.25	6	14050,50
225	-23.25	-1.25	6	14050,100
225	-23.25	-0.75	6	14050,100
225	-22.75	-0.75	6	14050,100
225	-22.75	-1.25	6	14050,100
225	-23.25	-1.25	6	14050,100
225	-20.25	46.75	6	14000,0
225	-20.25	47.25	6	14000,0
225	-18.25	49.25	6	14000,0
225	-17.75	49.25	6	14000,0
225	-17.75	48.75	6	14000,0
225	-19.75	46.75	6	14000,0
225	-20.25	46.75	6	14000,0
225	-44.75	40.25	6	14050,0
225	-44.75	40.75	6	14050,0
225	-37.75	47.75	6	14050,0
225	-37.25	47.75	6	14050,0
225	-37.25	47.25	6	14050,0
225	-44.25	40.25	6	14050,0
225	-44.75	40.25	6	14050,0
236	-25.75	1.25	6	14000,50
236	-25.75	1.75	6	14000,50
236	-20.75	6.75	6	14000,50
236	-20.25	6.75	6	14000,50
236	-20.25	6.25	6	14000,50
236	-25.25	1.25	6	14000,50
236	-25.75	1.25	6	14000,50
236	-13.25	13.75	6	13950,0
236	-13.25	14.25	6	13950,0
236	-12.75	14.25	6	13950,0
236	-12.75	13.75	6	13950,0
236	-13.25	13.75	6	13950,0
236	-28.75	44.25	6	14050,50
236	-28.75	44.75	6	14050,50
236	-25.25	48.25	6	14050,50
236	-24.75	48.25	6	14050,50
236	-24.75	47.75	6	14050,50
236	-28.25	44.25	6	14050,50
236	-28.75	44.25	6	14050,50
236	-22.25	-0.75	6	14050,100
236	-22.25	-1.25	6	14050,100
236	-21.75	-1.25	6	14050,100
236	-20.75	-0.25	6	14050,100
236	-20.75	0.25	6	14050,100
236	-21.25	0.25	6	14050,100
236	-22.25	-0.75	6	14050,100
236	-45.25	18.75	6	14000,0
236	-45.25	19.25	6	14000,0
236	-44.75	19.25	6	14000,0
236	-44.75	17.75	6	14000,0
236	-45.25	17.75	6	14000,0
236	-45.25	18.75	6	14000,0
236	-36.25	48.75	6	14050,0
236	-36.25	49.25	6	14050,0
236	-35.75	49.25	6	14050,0
236	-35.75	48.75	6	14050,0
236	-36.25	48.75	6	14050,0
247	-19.25	7.75	6	14000,50
247	-19.25	8.25	6	14000,50
247	-18.75	8.75	6	14000,50
247	-18.25	8.75	6	14000,50
247	-18.25	8.25	6	14000,50
247	-18.75	7.75	6	14000,50
247	-19.25	7.75	6	14000,50
247	-8.25	18.75	6	13950,0
247	-8.25	19.25	6	13950,0
247	-7.75	19.25	6	13950,0
247	-7.75	18.75	6	13950,0
247	-8.25	18.75	6	13950,0
247	-43.75	27.75	6	14050,50
247	-43.75	27.25	6	14050,50
247	-43.25	27.25	6	14050,50
247	-43.25	27.75	6	14050,50
247	-43.75	27.75	6	14050,50
247	-18.75	45.25	6	14000,0
247	-18.75	45.75	6	14000,0
247	-15.25	49.25	6	14000,0
247	-14.75	49.25	6	14000,0
247	-14.75	48.75	6	14000,0
247	-15.25	48.25	6	14000,0
247	-15.25	47.25	6	14000,0
247	-16.25	47.25	6	14000,0
247	-18.25	45.25	6	14000,0
247	-18.75	45.25	6	14000,0
258	3.75	26.75	6	14000,50
258	3.75	27.25	6	14000,50
258	4.75	28.25	6	14000,50
258	5.25	28.25	6	14000,50
258	5.25	27.75	6	14000,50
258	4.75	27.25	6	14000,50
258	4.75	26.75	6	14000,50
258	5.25	26.25	6	14000,50
258	5.25	25.75	6	14000,50
258	4.75	25.75	6	14000,50
258	3.75	26.75	6	14000,50
258	-13.75	3.25	6	13950,0
258	-13.75	3.75	6	13950,0
258	-11.75	5.75	6	13950,0
258	-11.25	5.75	6	13950,0
258	-11.25	5.25	6	13950,0
258	-13.25	3.25	6	13950,0
258	-13.75	3.25	6	13950,0
258	-42.25	28.75	6	14050,50
258	-42.25	29.25	6	14050,50
258	-41.75	29.25	6	14050,50
258	-41.75	28.75	6	14050,50
258	-42.25	28.75	6	14050,50
258	-44.25	16.75	6	14000,0
258	-44.25	17.25	6	14000,0
258	-43.25	17.25	6	14000,0
258	-42.75	17.75	6	14000,0
258	-41.25	17.75	6	14000,0
258	-41.25	17.25	6	14000,0
258	-44.75	13.75	6	14000,0
258	-45.25	13.75	6	14000,0
258	-45.25	14.25	6	14000,0
258	-44.75	14.75	6	14000,0
258	-44.75	15.75	6	14000,0
258	-43.75	15.75	6	14000,0
258	-43.75	16.25	6	14000,0
258	-44.25	16.75	6	14000,0
269	-9.75	12.25	6	14000,50
269	-9.75	12.75	6	14000,50
269	-9.25	12.75	6	14000,50
269	-9.25	12.25	6	14000,50
269	-9.75	12.25	6	14000,50
269	-8.25	8.75	6	13950,0
269	-8.25	9.25	6	13950,0
269	-7.75	9.25	6	13950,0
269	-7.75	8.75	6	13950,0
269	-8.25	8.75	6	13950,0
269	-27.75	43.25	6	14050,50
269	-27.75	43.75	6	14050,50
269	-22.75	48.75	6	14050,50
269	-22.25	48.75	6	14050,50
269	-22.25	48.25	6	14050,50
269	-27.25	43.25	6	14050,50
269	-27.75	43.25	6	14050,50
269	-14.25	46.75	6	14000,0
269	-14.25	47.25	6	14000,0
269	-13.75	47.25	6	14000,0
269	-13.25	46.75	6	14000,0
269	-13.25	46.25	6	14000,0
269	-13.75	45.75	6	14000,0
269	-13.75	45.25	6	14000,0
269	-13.25	45.25	6	14000,0
269	-9.25	49.25	6	14000,0
269	-8.75	49.25	6	14000,0
269	-8.25	48.75	6	14000,0
269	-8.25	47.25	6	14000,0
269	-14.25	41.25	6	14000,0
269	-14.75	41.25	6	14000,0
269	-14.75	42.75	6	14000,0
269	-13.75	43.75	6	14000,0
269	-13.75	44.25	6	14000,0
269	-14.25	44.25	6	14000,0
269	-15.25	43.25	6	14000,0
269	-15.75	43.25	6	14000,0
269	-16.25	43.75	6	14000,0
269	-16.25	44.25	6	14000,0
269	-14.25	46.25	6	14000,0
269	-14.25	46.75	6	14000,0
280	-17.25	3.75	6	14000,50
280	-17.25	4.25	6	14000,50
280	-16.75	4.25	6	14000,50
280	-16.75	3.75	6	14000,50
280	-17.25	3.75	6	14000,50
280	-3.25	13.75	6	13950,0
280	-3.25	14.25	6	13950,0
280	-2.75	14.25	6	13950,0
280	-2.75	13.75	6	13950,0
280	-3.25	13.75	6	13950,0
280	-43.25	25.75	6	14050,50
280	-43.25	26.25	6	14050,50
280	-42.75	26.25	6	14050,50
280	-42.75	25.75	6	14050,50
280	-43.25	25.75	6	14050,50
280	-45.25	11.75	6	14000,0
280	-45.25	12.25	6	14000,0
280	-41.75	15.75	6	14000,0
280	-41.25	15.75	6	14000,0
280	-40.75	15.25	6	14000,0
280	-40.75	14.75	6	14000,0
280	-44.75	10.75	6	14000,0
280	-45.25	10.75	6	14000,0
280	-45.25	11.75	6	14000,0
282	-15.75	5.25	6	14000,50
282	-15.75	5.75	6	14000,50
282	-15.25	5.75	6	14000,50
282	-15.25	5.25	6	14000,50
282	-15.75	5.25	6	14000,50
282	2.75	19.75	6	13950,0
282	2.75	20.25	6	13950,0
282	3.25	20.75	6	13950,0
282	3.75	20.75	6	13950,0
282	3.75	20.25	6	13950,0
282	3.25	19.75	6	13950,0
282	2.75	19.75	6	13950,0
282	-44.25	22.75	6	14050,50
282	-44.25	23.25	6	14050,50
282	-43.75	23.25	6	14050,50
282	-43.75	22.75	6	14050,50
282	-44.25	22.75	6	14050,50
282	-40.75	16.25	6	14000,0
282	-40.75	16.75	6	14000,0
282	-32.75	24.75	6	14000,0
282	-31.75	24.75	6	14000,0
282	-31.75	25.75	6	14000,0
282	-23.75	33.75	6	14000,0
282	-22.75	33.75	6	14000,0
282	-22.75	34.75	6	14000,0
282	-19.25	38.25	6	14000,0
282	-18.25	38.25	6	14000,0
282	-18.25	39.25	6	14000,0
282	-17.25	39.25	6	14000,0
282	-17.25	40.25	6	14000,0
282	-16.25	40.25	6	14000,0
282	-16.25	41.25	6	14000,0
282	-15.75	41.75	6	14000,0
282	-15.25	41.75	6	14000,0
282	-15.25	40.25	6	14000,0
282	-32.75	22.75	6	14000,0
282	-33.75	22.75	6	14000,0
282	-33.75	21.75	6	14000,0
282	-39.75	15.75	6	14000,0
282	-40.25	15.75	6	14000,0
282	-40.75	16.25	6	14000,0
283	-14.75	6.25	6	14000,50
283	-14.75	6.75	6	14000,50
283	-14.25	6.75	6	14000,50
283	-14.25	6.25	6	14000,50
283	-14.75	6.25	6	14000,50
283	-13.75	0.25	6	13950,0
283	-13.75	0.75	6	13950,0
283	-13.25	0.75	6	13950,0
283	-12.75	0.25	6	13950,0
283	-12.75	-0.25	6	13950,0
283	-13.25	-0.25	6	13950,0
283	-13.75	0.25	6	13950,0
283	-43.25	23.75	6	14050,50
283	-43.25	24.25	6	14050,50
283	-42.25	25.25	6	14050,50
283	-41.75	25.25	6	14050,50
283	-41.75	24.75	6	14050,50
283	-42.75	23.75	6	14050,50
283	-43.25	23.75	6	14050,50
283	-12.25	44.75	6	14000,0
283	-12.25	45.25	6	14000,0
283	-11.75	45.25	6	14000,0
283	-11.75	44.75	6	14000,0
283	-12.25	44.75	6	14000,0
215	-13.25	7.75	6	14000,50
215	-13.25	8.25	6	14000,50
215	-12.25	9.25	6	14000,50
215	-11.75	9.25	6	14000,50
215	-11.75	8.75	6	14000,50
215	-12.75	7.75	6	14000,50
215	-13.25	7.75	6	14000,50
215	-12.75	1.25	6	13950,0
215	-12.75	1.75	6	13950,0
215	-10.25	4.25	6	13950,0
215	-9.25	4.25	6	13950,0
215	-6.75	6.75	6	13950,0
215	-6.75	7.75	6	13950,0
215	-6.25	7.75	6	13950,0
215	-6.25	6.75	6	13950,0
215	-5.75	6.25	6	13950,0
215	-5.75	4.75	6	13950,0
215	-7.75	2.75	6	13950,0
215	-7.75	2.25	6	13950,0
215	-6.75	1.25	6	13950,0
215	-6.25	1.25	6	13950,0
215	-4.75	2.75	6	13950,0
215	-4.25	2.75	6	13950,0
215	-4.25	2.25	6	13950,0
215	-6.75	-0.25	6	13950,0
215	-7.25	-0.25	6	13950,0
215	-8.75	1.25	6	13950,0
215	-9.25	1.25	6	13950,0
215	-10.75	-0.25	6	13950,0
215	-11.25	-0.25	6	13950,0
215	-12.75	1.25	6	13950,0
215	-41.25	25.75	6	14050,50
215	-41.25	26.25	6	14050,50
215	-39.25	28.25	6	14050,50
215	-38.75	28.25	6	14050,50
215	-38.75	27.75	6	14050,50
215	-40.75	25.75	6	14050,50
215	-41.25	25.75	6	14050,50
215	-7.75	48.75	6	14000,0
215	-7.75	48.25	6	14000,0
215	-7.25	47.75	6	14000,0
215	-6.75	47.75	6	14000,0
215	-6.25	48.25	6	14000,0
215	-6.25	48.75	6	14000,0
215	-6.75	49.25	6	14000,0
215	-7.25	49.25	6	14000,0
215	-7.75	48.75	6	14000,0
216	-10.25	10.75	6	14000,50
216	-10.25	11.25	6	14000,50
216	-9.75	11.25	6	14000,50
216	-9.75	10.75	6	14000,50
216	-10.25	10.75	6	14000,50
216	-1.75	12.25	6	13950,0
216	-1.75	12.75	6	13950,0
216	-1.25	13.25	6	13950,0
216	0.25	13.25	6	13950,0
216	0.25	12.75	6	13950,0
216	-0.75	11.75	6	13950,0
216	-1.25	11.75	6	13950,0
216	-1.75	12.25	6	13950,0
216	-44.75	20.25	6	14050,50
216	-44.75	20.75	6	14050,50
216	-43.25	22.25	6	14050,50
216	-42.75	22.25	6	14050,50
216	-42.75	21.75	6	14050,50
216	-43.25	21.25	6	14050,50
216	-43.25	20.25	6	14050,50
216	-44.25	19.25	6	14050,50
216	-44.75	19.25	6	14050,50
216	-44.75	20.25	6	14050,50
216	-9.75	40.25	6	14000,0
216	-9.75	40.75	6	14000,0
216	-9.25	40.75	6	14000,0
216	-9.25	40.25	6	14000,0
216	-9.75	40.25	6	14000,0
217	3.75	24.75	6	14000,50
217	3.75	25.25	6	14000,50
217	4.25	25.25	6	14000,50
217	4.25	24.75	6	14000,50
217	3.75	24.75	6	14000,50
217	1.75	15.75	6	13950,0
217	1.75	16.25	6	13950,0
217	2.75	17.25	6	13950,0
217	3.25	17.25	6	13950,0
217	3.25	16.75	6	13950,0
217	2.25	15.75	6	13950,0
217	1.75	15.75	6	13950,0
217	-42.25	22.75	6	14050,50
217	-42.25	23.25	6	14050,50
217	-40.75	24.75	6	14050,50
217	-40.25	24.75	6	14050,50
217	-40.25	24.25	6	14050,50
217	-41.25	23.25	6	14050,50
217	-41.25	21.25	6	14050,50
217	-41.75	21.25	6	14050,50
217	-41.75	22.25	6	14050,50
217	-42.25	22.75	6	14050,50
217	-4.75	45.25	6	14000,0
217	-4.75	45.75	6	14000,0
217	-4.25	46.25	6	14000,0
217	-3.75	46.25	6	14000,0
217	-3.75	44.75	6	14000,0
217	-4.25	44.75	6	14000,0
217	-4.75	45.25	6	14000,0
218	-19.75	-0.75	6	14000,50
218	-19.75	-0.25	6	14000,50
218	-19.25	-0.25	6	14000,50
218	-19.25	-0.75	6	14000,50
218	-19.75	-0.75	6	14000,50
218	4.25	18.25	6	13950,0
218	4.25	18.75	6	13950,0
218	4.75	18.75	6	13950,0
218	4.75	18.25	6	13950,0
218	4.25	18.25	6	13950,0
218	-39.75	24.75	6	14050,50
218	-39.75	24.25	6	14050,50
218	-39.25	24.25	6	14050,50
218	-39.25	24.75	6	14050,50
218	-39.75	24.75	6	14050,50
218	-11.75	37.25	6	14000,0
218	-11.75	37.75	6	14000,0
218	-11.25	37.75	6	14000,0
218	-11.25	37.25	6	14000,0
218	-11.75	37.25	6	14000,0
219	-18.75	0.25	6	14000,50
219	-18.75	0.75	6	14000,50
219	-17.75	1.75	6	14000,50
219	-17.25	1.75	6	14000,50
219	-17.25	1.25	6	14000,50
219	-18.25	0.25	6	14000,50
219	-18.75	0.25	6	14000,50
219	-10.25	2.75	6	13950,0
219	-10.25	3.25	6	13950,0
219	-9.75	3.25	6	13950,0
219	-9.75	2.75	6	13950,0
219	-10.25	2.75	6	13950,0
219	-38.75	25.25	6	14050,50
219	-38.75	25.75	6	14050,50
219	-37.75	26.75	6	14050,50
219	-37.25	26.75	6	14050,50
219	-37.25	26.25	6	14050,50
219	-37.75	25.75	6	14050,50
219	-37.75	25.25	6	14050,50
219	-37.25	24.75	6	14050,50
219	-37.25	24.25	6	14050,50
219	-38.25	23.25	6	14050,50
219	-38.75	23.25	6	14050,50
219	-38.75	25.25	6	14050,50
219	-10.25	38.75	6	14000,0
219	-10.25	39.25	6	14000,0
219	-9.75	39.25	6	14000,0
219	-9.75	38.75	6	14000,0
219	-10.25	38.75	6	14000,0
220	-16.25	2.75	6	14000,50
220	-16.25	3.25	6	14000,50
220	-15.75	3.25	6	14000,50
220	-15.75	2.75	6	14000,50
220	-16.25	2.75	6	14000,50
220	1.25	14.25	6	13950,0
220	1.25	14.75	6	13950,0
220	1.75	14.75	6	13950,0
220	1.75	14.25	6	13950,0
220	1.25	14.25	6	13950,0
220	-34.75	28.25	6	14050,50
220	-34.75	28.75	6	14050,50
220	-34.25	28.75	6	14050,50
220	-34.25	28.25	6	14050,50
220	-34.75	28.25	6	14050,50
220	-8.75	40.75	6	14000,0
220	-8.75	40.25	6	14000,0
220	-8.25	40.25	6	14000,0
220	-7.75	40.75	6	14000,0
220	-7.75	41.25	6	14000,0
220	-8.25	41.25	6	14000,0
220	-8.75	40.75	6	14000,0
221	-15.25	3.75	6	14000,50
221	-15.25	4.25	6	14000,50
221	-14.75	4.75	6	14000,50
221	-14.25	4.75	6	14000,50
221	-14.25	4.25	6	14000,50
221	-14.75	3.75	6	14000,50
221	-15.25	3.75	6	14000,50
221	-11.25	0.75	6	13950,0
221	-11.25	1.25	6	13950,0
221	-10.75	1.25	6	13950,0
221	-10.75	0.75	6	13950,0
221	-11.25	0.75	6	13950,0
221	-21.25	41.75	6	14050,50
221	-21.25	42.25	6	14050,50
221	-20.75	42.25	6	14050,50
221	-20.75	41.75	6	14050,50
221	-21.25	41.75	6	14050,50
221	-5.25	43.75	6	14000,0
221	-5.25	44.25	6	14000,0
221	-4.75	44.25	6	14000,0
221	-4.75	43.75	6	14000,0
221	-5.25	43.75	6	14000,0
222	-11.75	7.25	6	14000,50
222	-11.75	7.75	6	14000,50
222	-11.25	7.75	6	14000,50
222	-11.25	7.25	6	14000,50
222	-11.75	7.25	6	14000,50
222	-9.25	3.25	6	13950,0
222	-9.25	2.75	6	13950,0
222	-8.75	2.75	6	13950,0
222	-8.25	3.25	6	13950,0
222	-8.25	3.75	6	13950,0
222	-8.75	3.75	6	13950,0
222	-9.25	3.25	6	13950,0
222	-36.75	24.75	6	14050,50
222	-36.75	24.25	6	14050,50
222	-36.25	23.75	6	14050,50
222	-36.25	23.25	6	14050,50
222	-37.25	23.25	6	14050,50
222	-38.75	21.75	6	14050,50
222	-38.75	20.75	6	14050,50
222	-39.75	20.75	6	14050,50
222	-42.25	18.25	6	14050,50
222	-42.25	17.75	6	14050,50
222	-41.75	17.25	6	14050,50
222	-41.75	16.75	6	14050,50
222	-43.25	15.25	6	14050,50
222	-44.25	15.25	6	14050,50
222	-44.75	14.75	6	14050,50
222	-44.75	13.25	6	14050,50
222	-43.75	12.25	6	14050,50
222	-43.75	11.75	6	14050,50
222	-44.75	11.75	6	14050,50
222	-44.75	8.25	6	14050,50
222	-44.25	7.75	6	14050,50
222	-44.25	6.75	6	14050,50
222	-43.75	6.25	6	14050,50
222	-43.75	5.25	6	14050,50
222	-43.25	5.25	6	14050,50
222	-43.25	6.25	6	14050,50
222	-40.25	9.25	6	14050,50
222	-40.25	9.75	6	14050,50
222	-40.75	10.25	6	14050,50
222	-40.75	10.75	6	14050,50
222	-40.25	11.25	6	14050,50
222	-40.25	12.25	6	14050,50
222	-39.25	13.25	6	14050,50
222	-39.25	13.75	6	14050,50
222	-39.75	13.75	6	14050,50
222	-41.25	12.25	6	14050,50
222	-41.25	11.25	6	14050,50
222	-41.75	11.25	6	14050,50
222	-43.75	13.25	6	14050,50
222	-43.75	13.75	6	14050,50
222	-43.25	13.75	6	14050,50
222	-42.75	13.25	6	14050,50
222	-42.25	13.25	6	14050,50
222	-41.75	13.75	6	14050,50
222	-41.75	14.75	6	14050,50
222	-40.75	14.75	6	14050,50
222	-39.75	15.75	6	14050,50
222	-39.75	17.75	6	14050,50
222	-39.25	17.75	6	14050,50
222	-38.75	17.25	6	14050,50
222	-38.25	17.25	6	14050,50
222	-37.75	17.75	6	14050,50
222	-37.75	18.75	6	14050,50
222	-37.25	18.75	6	14050,50
222	-37.25	17.75	6	14050,50
222	-36.75	17.75	6	14050,50
222	-36.75	18.75	6	14050,50
222	-36.25	19.25	6	14050,50
222	-36.25	20.25	6	14050,50
222	-35.75	20.25	6	14050,50
222	-35.75	19.25	6	14050,50
222	-35.25	18.75	6	14050,50
222	-35.25	18.25	6	14050,50
222	-36.75	16.75	6	14050,50
222	-36.75	16.25	6	14050,50
222	-36.25	16.25	6	14050,50
222	-35.75	16.75	6	14050,50
222	-35.25	16.75	6	14050,50
222	-34.75	16.25	6	14050,50
222	-34.75	14.25	6	14050,50
222	-34.25	14.25	6	14050,50
222	-34.25	15.25	6	14050,50
222	-33.25	16.25	6	14050,50
222	-33.25	18.75	6	14050,50
222	-34.25	18.75	6	14050,50
222	-35.25	19.75	6	14050,50
222	-35.25	20.25	6	14050,50
222	-32.75	22.75	6	14050,50
222	-32.75	23.25	6	14050,50
222	-34.25	23.25	6	14050,50
222	-36.25	21.25	6	14050,50
222	-36.75	21.25	6	14050,50
222	-36.75	21.75	6	14050,50
222	-35.75	22.75	6	14050,50
222	-35.75	24.25	6	14050,50
222	-36.25	24.75	6	14050,50
222	-36.75	24.75	6	14050,50
222	-2.75	46.25	6	14000,0
222	-2.75	46.75	6	14000,0
222	-2.25	47.25	6	14000,0
222	-1.75	47.25	6	14000,0
222	-1.75	46.75	6	14000,0
222	-2.25	46.25	6	14000,0
222	-2.75	46.25	6	14000,0
223	-9.25	9.75	6	14000,50
223	-9.25	10.25	6	14000,50
223	-8.75	10.25	6	14000,50
223	-8.75	9.75	6	14000,50
223	-9.25	9.75	6	14000,50
223	-7.75	4.25	6	13950,0
223	-7.75	4.75	6	13950,0
223	-7.25	4.75	6	13950,0
223	-7.25	4.25	6	13950,0
223	-7.75	4.25	6	13950,0
223	-18.25	41.75	6	14050,50
223	-18.25	42.25	6	14050,50
223	-17.75	42.25	6	14050,50
223	-17.25	41.75	6	14050,50
223	-16.75	41.75	6	14050,50
223	-14.25	44.25	6	14050,50
223	-13.75	44.25	6	14050,50
223	-13.25	43.75	6	14050,50
223	-13.25	43.25	6	14050,50
223	-13.75	42.75	6	14050,50
223	-13.75	42.25	6	14050,50
223	-13.25	42.25	6	14050,50
223	-12.75	42.75	6	14050,50
223	-12.25	42.75	6	14050,50
223	-9.75	40.25	6	14050,50
223	-9.75	39.75	6	14050,50
223	-11.75	37.75	6	14050,50
223	-11.75	36.75	6	14050,50
223	-12.25	36.75	6	14050,50
223	-12.75	37.25	6	14050,50
223	-13.25	37.25	6	14050,50
223	-13.25	36.25	6	14050,50
223	-14.25	36.25	6	14050,50
223	-14.25	35.25	6	14050,50
223	-16.25	33.25	6	14050,50
223	-16.75	33.25	6	14050,50
223	-17.25	33.75	6	14050,50
223	-17.75	33.75	6	14050,50
223	-17.75	33.25	6	14050,50
223	-17.25	32.75	6	14050,50
223	-17.25	32.25	6	14050,50
223	-17.75	32.25	6	14050,50
223	-18.75	33.25	6	14050,50
223	-18.75	34.25	6	14050,50
223	-19.75	35.25	6	14050,50
223	-19.75	35.75	6	14050,50
223	-17.75	37.75	6	14050,50
223	-16.75	37.75	6	14050,50
223	-16.25	38.25	6	14050,50
223	-16.25	38.75	6	14050,50
223	-16.75	39.25	6	14050,50
223	-16.75	40.25	6	14050,50
223	-17.75	40.25	6	14050,50
223	-18.25	40.75	6	14050,50
223	-18.25	41.75	6	14050,50
223	-1.25	47.75	6	14000,0
223	-1.25	48.25	6	14000,0
223	-0.25	49.25	6	14000,0
223	0.25	49.25	6	14000,0
223	0.25	48.75	6	14000,0
223	-0.75	47.75	6	14000,0
223	-1.25	47.75	6	14000,0
224	-17.75	-0.75	6	14000,50
224	-17.75	-0.25	6	14000,50
224	-16.75	0.75	6	14000,50
224	-16.25	0.75	6	14000,50
224	-16.25	0.25	6	14000,50
224	-17.25	-0.75	6	14000,50
224	-17.75	-0.75	6	14000,50
224	-4.75	5.25	6	13950,0
224	-4.75	5.75	6	13950,0
224	-4.25	5.75	6	13950,0
224	-2.75	4.25	6	13950,0
224	-2.75	3.75	6	13950,0
224	-3.25	3.25	6	13950,0
224	-3.75	3.25	6	13950,0
224	-3.75	4.25	6	13950,0
224	-4.75	5.25	6	13950,0
224	-40.75	18.25	6	14050,50
224	-40.75	18.75	6	14050,50
224	-40.25	18.75	6	14050,50
224	-40.25	18.25	6	14050,50
224	-40.75	18.25	6	14050,50
224	3.75	44.75	6	14000,0
224	3.75	45.25	6	14000,0
224	4.25	45.25	6	14000,0
224	4.25	44.75	6	14000,0
224	3.75	44.75	6	14000,0
226	-14.25	2.75	6	14000,50
226	-14.25	3.25	6	14000,50
226	-13.75	3.25	6	14000,50
226	-13.75	2.75	6	14000,50
226	-14.25	2.75	6	14000,50
226	0.25	10.25	6	13950,0
226	0.25	10.75	6	13950,0
226	0.75	10.75	6	13950,0
226	1.75	9.75	6	13950,0
226	2.25	9.75	6	13950,0
226	3.25	10.75	6	13950,0
226	3.75	10.75	6	13950,0
226	4.25	10.25	6	13950,0
226	4.25	9.75	6	13950,0
226	2.75	8.25	6	13950,0
226	2.25	8.25	6	13950,0
226	0.25	10.25	6	13950,0
226	-27.25	31.75	6	14050,50
226	-27.25	32.25	6	14050,50
226	-26.25	32.25	6	14050,50
226	-25.75	32.75	6	14050,50
226	-25.75	33.75	6	14050,50
226	-25.25	33.75	6	14050,50
226	-24.75	33.25	6	14050,50
226	-24.75	32.75	6	14050,50
226	-25.25	32.25	6	14050,50
226	-25.25	31.75	6	14050,50
226	-23.75	31.75	6	14050,50
226	-22.75	32.75	6	14050,50
226	-22.25	32.75	6	14050,50
226	-22.25	31.75	6	14050,50
226	-21.75	31.75	6	14050,50
226	-21.75	32.75	6	14050,50
226	-20.75	33.75	6	14050,50
226	-20.25	33.75	6	14050,50
226	-18.75	32.25	6	14050,50
226	-18.75	30.75	6	14050,50
226	-19.75	30.75	6	14050,50
226	-19.75	29.75	6	14050,50
226	-20.75	28.75	6	14050,50
226	-20.75	27.75	6	14050,50
226	-21.25	27.25	6	14050,50
226	-22.25	27.25	6	14050,50
226	-23.25	26.25	6	14050,50
226	-23.75	26.25	6	14050,50
226	-23.75	26.75	6	14050,50
226	-23.25	27.25	6	14050,50
226	-23.25	27.75	6	14050,50
226	-23.75	27.75	6	14050,50
226	-24.25	27.25	6	14050,50
226	-24.75	27.25	6	14050,50
226	-26.25	28.75	6	14050,50
226	-26.25	30.75	6	14050,50
226	-26.75	30.75	6	14050,50
226	-26.75	28.75	6	14050,50
226	-30.75	24.75	6	14050,50
226	-31.25	24.75	6	14050,50
226	-31.75	25.25	6	14050,50
226	-31.75	25.75	6	14050,50
226	-27.75	29.75	6	14050,50
226	-27.75	30.75	6	14050,50
226	-27.25	31.25	6	14050,50
226	-27.25	31.75	6	14050,50
226	-6.75	32.25	6	14000,0
226	-6.75	32.75	6	14000,0
226	-6.25	33.25	6	14000,0
226	-5.75	33.25	6	14000,0
226	-5.75	32.75	6	14000,0
226	-6.25	32.25	6	14000,0
226	-6.75	32.25	6	14000,0
227	-11.75	5.25	6	14000,50
227	-11.75	5.75	6	14000,50
227	-6.75	10.75	6	14000,50
227	-6.25	10.75	6	14000,50
227	-6.25	10.25	6	14000,50
227	-11.25	5.25	6	14000,50
227	-11.75	5.25	6	14000,50
227	4.25	14.25	6	13950,0
227	4.25	14.75	6	13950,0
227	4.75	14.75	6	13950,0
227	4.75	13.25	6	13950,0
227	4.25	13.25	6	13950,0
227	4.25	14.25	6	13950,0
227	-19.25	39.75	6	14050,50
227	-19.25	40.25	6	14050,50
227	-18.75	40.25	6	14050,50
227	-18.75	39.75	6	14050,50
227	-19.25	39.75	6	14050,50
227	-5.25	33.75	6	14000,0
227	-5.25	34.25	6	14000,0
227	-4.75	34.25	6	14000,0
227	-4.75	33.75	6	14000,0
227	-5.25	33.75	6	14000,0
228	-11.25	3.75	6	14000,50
228	-11.25	4.25	6	14000,50
228	-10.75	4.25	6	14000,50
228	-10.75	3.75	6	14000,50
228	-11.25	3.75	6	14000,50
228	4.25	11.25	6	13950,0
228	4.25	11.75	6	13950,0
228	4.75	11.75	6	13950,0
228	4.75	11.25	6	13950,0
228	4.25	11.25	6	13950,0
228	-24.25	33.75	6	14050,50
228	-24.25	34.25	6	14050,50
228	-23.75	34.25	6	14050,50
228	-23.75	33.75	6	14050,50
228	-24.25	33.75	6	14050,50
228	-4.25	34.75	6	14000,0
228	-4.25	35.25	6	14000,0
228	-0.75	38.75	6	14000,0
228	-0.25	38.75	6	14000,0
228	-0.25	38.25	6	14000,0
228	-3.75	34.75	6	14000,0
228	-4.25	34.75	6	14000,0
229	-10.25	4.75	6	14000,50
229	-10.25	5.25	6	14000,50
229	-9.25	5.25	6	14000,50
229	-8.75	5.75	6	14000,50
229	-8.75	6.75	6	14000,50
229	-7.75	6.75	6	14000,50
229	-6.25	8.25	6	14000,50
229	-5.75	8.25	6	14000,50
229	-5.75	7.75	6	14000,50
229	-9.75	3.75	6	14000,50
229	-10.25	3.75	6	14000,50
229	-10.25	4.75	6	14000,50
229	-21.75	36.25	6	14050,50
229	-21.75	36.75	6	14050,50
229	-21.25	37.25	6	14050,50
229	-20.75	37.25	6	14050,50
229	-20.75	36.75	6	14050,50
229	-21.25	36.25	6	14050,50
229	-21.75	36.25	6	14050,50
229	0.75	39.75	6	14000,0
229	0.75	40.25	6	14000,0
229	3.25	42.75	6	14000,0
229	3.75	42.75	6	14000,0
229	3.75	42.25	6	14000,0
229	1.25	39.75	6	14000,0
229	0.75	39.75	6	14000,0
230	-0.75	14.25	6	14000,50
230	-0.75	14.75	6	14000,50
230	2.25	17.75	6	14000,50
230	2.75	17.75	6	14000,50
230	3.25	17.25	6	14000,50
230	3.25	16.75	6	14000,50
230	2.75	16.25	6	14000,50
230	1.75	16.25	6	14000,50
230	1.25	15.75	6	14000,50
230	1.25	14.75	6	14000,50
230	0.75	14.25	6	14000,50
230	0.75	13.25	6	14000,50
230	0.25	13.25	6	14000,50
230	-0.75	14.25	6	14000,50
230	-19.75	38.25	6	14050,50
230	-19.75	38.75	6	14050,50
230	-19.25	38.75	6	14050,50
230	-19.25	38.25	6	14050,50
230	-19.75	38.25	6	14050,50
230	-22.25	12.75	6	14000,0
230	-22.25	13.25	6	14000,0
230	-1.75	33.75	6	14000,0
230	-1.25	33.75	6	14000,0
230	-1.25	33.25	6	14000,0
230	-21.75	12.75	6	14000,0
230	-22.25	12.75	6	14000,0
231	4.25	19.25	6	14000,50
231	4.25	19.75	6	14000,50
231	4.75	20.25	6	14000,50
231	5.25	20.25	6	14000,50
231	5.25	18.75	6	14000,50
231	4.75	18.75	6	14000,50
231	4.25	19.25	6	14000,50
231	-40.75	16.25	6	14050,50
231	-40.75	16.75	6	14050,50
231	-40.25	16.75	6	14050,50
231	-40.25	16.25	6	14050,50
231	-40.75	16.25	6	14050,50
231	-0.75	34.25	6	14000,0
231	-0.75	34.75	6	14000,0
231	4.75	40.25	6	14000,0
231	5.25	40.25	6	14000,0
231	5.25	39.75	6	14000,0
231	-0.25	34.25	6	14000,0
231	-0.75	34.25	6	14000,0
232	-12.75	1.25	6	14000,50
232	-12.75	1.75	6	14000,50
232	-12.25	1.75	6	14000,50
232	-12.25	1.25	6	14000,50
232	-12.75	1.25	6	14000,50
232	-37.25	19.75	6	14050,50
232	-37.25	20.25	6	14050,50
232	-36.75	20.25	6	14050,50
232	-36.75	19.75	6	14050,50
232	-37.25	19.75	6	14050,50
233	-10.25	-0.25	6	14000,50
233	-10.25	0.25	6	14000,50
233	-9.75	0.75	6	14000,50
233	-8.75	0.75	6	14000,50
233	-8.75	1.75	6	14000,50
233	-7.75	1.75	6	14000,50
233	-7.75	2.75	6	14000,50
233	-6.25	4.25	6	14000,50
233	-4.75	4.25	6	14000,50
233	-4.75	3.75	6	14000,50
233	-7.25	1.25	6	14000,50
233	-7.25	0.75	6	14000,50
233	-6.75	0.75	6	14000,50
233	-1.75	5.75	6	14000,50
233	-1.75	6.25	6	14000,50
233	-2.25	6.25	6	14000,50
233	-3.25	5.25	6	14000,50
233	-4.75	5.25	6	14000,50
233	-4.75	5.75	6	14000,50
233	-1.25	9.25	6	14000,50
233	-0.75	9.25	6	14000,50
233	-0.25	8.75	6	14000,50
233	0.25	8.75	6	14000,50
233	0.25	9.75	6	14000,50
233	0.75	10.25	6	14000,50
233	1.75	10.25	6	14000,50
233	2.75	11.25	6	14000,50
233	2.75	12.25	6	14000,50
233	3.75	12.25	6	14000,50
233	4.25	12.75	6	14000,50
233	4.25	13.25	6	14000,50
233	3.75	13.75	6	14000,50
233	3.75	14.25	6	14000,50
233	5.25	14.25	6	14000,50
233	5.25	7.75	6	14000,50
233	4.25	6.75	6	14000,50
233	4.25	5.75	6	14000,50
233	3.75	5.25	6	14000,50
233	3.25	5.25	6	14000,50
233	3.25	6.75	6	14000,50
233	4.75	8.25	6	14000,50
233	4.75	8.75	6	14000,50
233	3.75	8.75	6	14000,50
233	3.75	9.25	6	14000,50
233	4.75	10.25	6	14000,50
233	4.75	11.75	6	14000,50
233	4.25	11.75	6	14000,50
233	3.75	11.25	6	14000,50
233	3.75	10.25	6	14000,50
233	2.75	9.25	6	14000,50
233	2.75	8.25	6	14000,50
233	0.75	6.25	6	14000,50
233	-0.25	6.25	6	14000,50
233	-0.25	5.25	6	14000,50
233	-6.25	-0.75	6	14000,50
233	-6.75	-0.75	6	14000,50
233	-7.25	-0.25	6	14000,50
233	-7.75	-0.25	6	14000,50
233	-8.25	-0.75	6	14000,50
233	-8.75	-0.75	6	14000,50
233	-9.25	-0.25	6	14000,50
233	-10.25	-0.25	6	14000,50
233	-15.75	41.25	6	14050,50
233	-15.75	41.75	6	14050,50
233	-15.25	41.75	6	14050,50
233	-15.25	41.25	6	14050,50
233	-15.75	41.25	6	14050,50
234	1.25	8.25	6	14000,50
234	1.25	8.75	6	14000,50
234	1.75	9.25	6	14000,50
234	2.25	9.25	6	14000,50
234	2.25	8.75	6	14000,50
234	1.75	8.25	6	14000,50
234	1.25	8.25	6	14000,50
234	-32.25	23.75	6	14050,50
234	-32.25	24.25	6	14050,50
234	-31.75	24.25	6	14050,50
234	-31.75	23.75	6	14050,50
234	-32.25	23.75	6	14050,50
235	4.25	4.25	6	14000,50
235	4.25	4.75	6	14000,50
235	4.75	5.25	6	14000,50
235	5.25	5.25	6	14000,50
235	5.25	4.75	6	14000,50
235	4.75	4.25	6	14000,50
235	4.75	3.25	6	14000,50
235	3.75	2.25	6	14000,50
235	3.25	2.25	6	14000,50
235	3.25	2.75	6	14000,50
235	4.25	3.75	6	14000,50
235	4.25	4.25	6	14000,50
235	-14.75	41.75	6	14050,50
235	-14.75	41.25	6	14050,50
235	-14.25	41.25	6	14050,50
235	-14.25	41.75	6	14050,50
235	-14.75	41.75	6	14050,50
237	0.25	-0.75	6	14000,50
237	0.25	-0.25	6	14000,50
237	0.75	-0.25	6	14000,50
237	0.75	-0.75	6	14000,50
237	0.25	-0.75	6	14000,50
237	-44.25	9.25	6	14050,50
237	-44.25	8.75	6	14050,50
237	-43.75	8.75	6	14050,50
237	-43.75	9.25	6	14050,50
237	-44.25	9.25	6	14050,50
238	1.25	0.25	6	14000,50
238	1.25	0.75	6	14000,50
238	2.25	1.75	6	14000,50
238	2.75	1.75	6	14000,50
238	2.75	1.25	6	14000,50
238	1.75	0.25	6	14000,50
238	1.25	0.25	6	14000,50
238	-23.25	29.75	6	14050,50
238	-23.25	30.25	6	14050,50
238	-22.75	30.25	6	14050,50
238	-22.75	29.75	6	14050,50
238	-23.25	29.75	6	14050,50
176	-36.75	25.25	53	14050,50
176	-36.75	25.75	53	14050,50
176	-36.25	26.25	53	14050,50
176	-35.75	26.25	53	14050,50
176	-35.75	25.75	53	14050,50
176	-36.25	25.25	53	14050,50
176	-36.75	25.25	53	14050,50
177	-34.75	27.25	53	14050,50
177	-34.75	27.75	53	14050,50
177	-34.25	27.75	53	14050,50
177	-34.25	27.25	53	14050,50
177	-34.75	27.25	53	14050,50
178	-33.25	28.75	53	14050,50
178	-33.25	29.25	53	14050,50
178	-31.75	30.75	53	14050,50
178	-31.25	30.75	53	14050,50
178	-30.75	30.25	53	14050,50
178	-30.75	29.75	53	14050,50
178	-31.25	29.25	53	14050,50
178	-32.25	29.25	53	14050,50
178	-32.25	28.25	53	14050,50
178	-32.75	27.75	53	14050,50
178	-33.25	27.75	53	14050,50
178	-33.25	28.75	53	14050,50
179	-28.75	33.25	53	14050,50
179	-28.75	33.75	53	14050,50
179	-28.25	34.25	53	14050,50
179	-27.75	34.25	53	14050,50
179	-27.75	33.75	53	14050,50
179	-28.25	33.25	53	14050,50
179	-28.25	31.75	53	14050,50
179	-27.75	31.25	53	14050,50
179	-27.75	30.75	53	14050,50
179	-28.25	30.75	53	14050,50
179	-28.75	31.25	53	14050,50
179	-28.75	33.25	53	14050,50
181	-24.75	37.25	53	14050,50
181	-24.75	37.75	53	14050,50
181	-24.25	37.75	53	14050,50
181	-24.25	37.25	53	14050,50
181	-24.75	37.25	53	14050,50
182	-20.75	41.25	53	14050,50
182	-20.75	41.75	53	14050,50
182	-20.25	41.75	53	14050,50
182	-20.25	40.75	53	14050,50
182	-19.75	40.75	53	14050,50
182	-18.75	41.75	53	14050,50
182	-18.25	41.75	53	14050,50
182	-18.25	41.25	53	14050,50
182	-19.25	40.25	53	14050,50
182	-19.25	39.75	53	14050,50
182	-18.75	39.75	53	14050,50
182	-18.25	40.25	53	14050,50
182	-17.75	40.25	53	14050,50
182	-17.75	39.75	53	14050,50
182	-18.25	39.25	53	14050,50
182	-18.25	38.25	53	14050,50
182	-18.75	38.25	53	14050,50
182	-19.25	38.75	53	14050,50
182	-21.25	38.75	53	14050,50
182	-21.75	39.25	53	14050,50
182	-21.75	39.75	53	14050,50
182	-20.75	40.75	53	14050,50
182	-20.75	41.25	53	14050,50
183	-19.75	42.25	53	14050,50
183	-19.75	42.75	53	14050,50
183	-19.25	43.25	53	14050,50
183	-18.75	43.25	53	14050,50
183	-18.75	42.75	53	14050,50
183	-19.25	42.25	53	14050,50
183	-19.75	42.25	53	14050,50
184	-18.25	43.75	53	14050,50
184	-18.25	44.25	53	14050,50
184	-17.25	45.25	53	14050,50
184	-16.75	45.25	53	14050,50
184	-16.25	44.75	53	14050,50
184	-14.25	44.75	53	14050,50
184	-14.25	44.25	53	14050,50
184	-16.75	41.75	53	14050,50
184	-17.25	41.75	53	14050,50
184	-18.25	42.75	53	14050,50
184	-18.25	43.75	53	14050,50
185	-44.75	16.25	53	14050,50
185	-44.75	16.75	53	14050,50
185	-43.75	16.75	53	14050,50
185	-42.75	17.75	53	14050,50
185	-42.25	17.75	53	14050,50
185	-41.75	17.25	53	14050,50
185	-41.75	16.75	53	14050,50
185	-42.75	16.75	53	14050,50
185	-42.75	15.75	53	14050,50
185	-43.25	15.25	53	14050,50
185	-44.75	15.25	53	14050,50
185	-44.75	16.25	53	14050,50
186	-37.25	23.75	53	14050,50
186	-37.25	24.25	53	14050,50
186	-36.75	24.25	53	14050,50
186	-36.25	23.75	53	14050,50
186	-36.25	23.25	53	14050,50
186	-36.75	23.25	53	14050,50
186	-37.25	23.75	53	14050,50
187	-30.25	30.75	53	14050,50
187	-30.25	31.25	53	14050,50
187	-29.75	31.25	53	14050,50
187	-29.75	30.75	53	14050,50
187	-30.25	30.75	53	14050,50
188	-25.25	35.75	53	14050,50
188	-25.25	36.25	53	14050,50
188	-24.75	36.25	53	14050,50
188	-24.75	35.25	53	14050,50
188	-23.25	35.25	53	14050,50
188	-22.75	35.75	53	14050,50
188	-22.25	35.75	53	14050,50
188	-22.25	35.25	53	14050,50
188	-22.75	34.75	53	14050,50
188	-22.75	33.75	53	14050,50
188	-23.25	33.75	53	14050,50
188	-23.75	34.25	53	14050,50
188	-24.25	34.25	53	14050,50
188	-24.25	33.75	53	14050,50
188	-23.75	33.25	53	14050,50
188	-23.75	32.75	53	14050,50
188	-24.25	32.75	53	14050,50
188	-25.25	33.75	53	14050,50
188	-25.75	33.75	53	14050,50
188	-26.75	32.75	53	14050,50
188	-27.25	32.75	53	14050,50
188	-27.25	33.25	53	14050,50
188	-25.25	35.25	53	14050,50
188	-25.25	35.75	53	14050,50
189	-17.25	43.75	53	14050,50
189	-17.25	44.25	53	14050,50
189	-16.75	44.25	53	14050,50
189	-16.75	42.75	53	14050,50
189	-17.25	42.75	53	14050,50
189	-17.25	43.75	53	14050,50
190	-35.75	24.25	53	14050,50
190	-35.75	24.75	53	14050,50
190	-34.25	26.25	53	14050,50
190	-33.75	26.25	53	14050,50
190	-33.75	24.75	53	14050,50
190	-35.25	23.25	53	14050,50
190	-35.75	23.25	53	14050,50
190	-35.75	24.25	53	14050,50
192	-23.75	36.25	53	14050,50
192	-23.75	36.75	53	14050,50
192	-23.25	36.75	53	14050,50
192	-23.25	36.25	53	14050,50
192	-23.75	36.25	53	14050,50
193	-22.75	37.25	53	14050,50
193	-22.75	37.75	53	14050,50
193	-22.25	37.75	53	14050,50
193	-21.75	37.25	53	14050,50
193	-21.75	36.75	53	14050,50
193	-22.25	36.75	53	14050,50
193	-22.75	37.25	53	14050,50
194	-21.25	35.75	53	14050,50
194	-21.25	36.25	53	14050,50
194	-20.75	36.75	53	14050,50
194	-20.25	36.75	53	14050,50
194	-20.25	36.25	53	14050,50
194	-20.75	35.75	53	14050,50
194	-21.25	35.75	53	14050,50
195	-19.75	37.25	53	14050,50
195	-19.75	37.75	53	14050,50
195	-19.25	37.75	53	14050,50
195	-19.25	37.25	53	14050,50
195	-19.75	37.25	53	14050,50
196	-17.25	40.25	53	14050,50
196	-17.25	39.75	53	14050,50
196	-16.75	39.75	53	14050,50
196	-16.75	40.25	53	14050,50
196	-17.25	40.25	53	14050,50
197	-22.25	32.75	53	14050,50
197	-22.25	33.25	53	14050,50
197	-21.75	33.75	53	14050,50
197	-21.25	33.75	53	14050,50
197	-21.25	33.25	53	14050,50
197	-21.75	32.75	53	14050,50
197	-22.25	32.75	53	14050,50
198	-20.75	34.25	53	14050,50
198	-20.75	34.75	53	14050,50
198	-20.25	35.25	53	14050,50
198	-19.75	35.25	53	14050,50
198	-19.25	34.75	53	14050,50
198	-19.25	34.25	53	14050,50
198	-19.75	33.75	53	14050,50
198	-20.25	33.75	53	14050,50
198	-20.75	34.25	53	14050,50
199	-17.25	37.75	53	14050,50
199	-17.25	38.25	53	14050,50
199	-16.75	38.75	53	14050,50
199	-16.25	38.75	53	14050,50
199	-16.25	38.25	53	14050,50
199	-16.75	37.75	53	14050,50
199	-17.25	37.75	53	14050,50
200	-11.25	24.75	53	14050,50
200	-11.25	25.25	53	14050,50
200	-10.75	25.75	53	14050,50
200	-10.25	25.75	53	14050,50
200	-10.25	25.25	53	14050,50
200	-10.75	24.75	53	14050,50
200	-11.25	24.75	53	14050,50
201	-11.75	22.25	53	14050,50
201	-11.75	22.75	53	14050,50
201	-11.25	22.75	53	14050,50
201	-11.25	22.25	53	14050,50
201	-11.75	22.25	53	14050,50
203	-9.75	24.25	53	14050,50
203	-9.75	24.75	53	14050,50
203	-9.25	24.75	53	14050,50
203	-9.25	23.25	53	14050,50
203	-9.75	23.25	53	14050,50
203	-9.75	24.25	53	14050,50
204	-8.75	22.25	53	14050,50
204	-8.75	22.75	53	14050,50
204	-8.25	22.75	53	14050,50
204	-8.25	22.25	53	14050,50
204	-8.75	22.25	53	14050,50
107	-35.75	42.25	43	14050,50
107	-35.75	42.75	43	14050,50
107	-32.75	45.75	43	14050,50
107	-32.25	45.75	43	14050,50
107	-32.25	45.25	43	14050,50
107	-35.25	42.25	43	14050,50
107	-35.75	42.25	43	14050,50
108	-34.25	38.75	43	14050,50
108	-34.25	39.25	43	14050,50
108	-30.25	43.25	43	14050,50
108	-29.75	43.25	43	14050,50
108	-29.75	42.75	43	14050,50
108	-33.75	38.75	43	14050,50
108	-34.25	38.75	43	14050,50
109	-34.25	36.75	43	14050,50
109	-34.25	37.25	43	14050,50
109	-29.25	42.25	43	14050,50
109	-28.75	42.25	43	14050,50
109	-28.75	41.75	43	14050,50
109	-33.75	36.75	43	14050,50
109	-34.25	36.75	43	14050,50
319	-31.75	46.25	76	14050,50
319	-31.75	46.75	76	14050,50
319	-29.75	48.75	76	14050,50
319	-29.25	48.75	76	14050,50
319	-29.25	48.25	76	14050,50
319	-31.25	46.25	76	14050,50
319	-31.75	46.25	76	14050,50
319	-29.25	-1.25	76	14050,100
319	-29.25	-0.75	76	14050,100
319	-28.75	-0.25	76	14050,100
319	-28.25	-0.25	76	14050,100
319	-28.25	-0.75	76	14050,100
319	-28.75	-1.25	76	14050,100
319	-29.25	-1.25	76	14050,100
15	-28.25	-0.25	109	14050,100
15	-28.25	0.25	109	14050,100
15	-24.75	3.75	109	14050,100
15	-24.25	3.75	109	14050,100
15	-24.25	3.25	109	14050,100
15	-27.75	-0.25	109	14050,100
15	-28.25	-0.25	109	14050,100
341	-27.25	-0.25	88	13950,0
341	-27.25	0.25	88	13950,0
341	-26.75	0.25	88	13950,0
341	-26.75	-0.25	88	13950,0
341	-27.25	-0.25	88	13950,0
342	-22.25	4.75	88	13950,0
342	-22.25	5.25	88	13950,0
342	-21.75	5.25	88	13950,0
342	-21.75	4.75	88	13950,0
342	-22.25	4.75	88	13950,0
343	-17.25	-0.25	88	13950,0
343	-17.25	0.25	88	13950,0
343	-16.75	0.25	88	13950,0
343	-16.75	-0.25	88	13950,0
343	-17.25	-0.25	88	13950,0
311	-16.25	10.75	70	13950,0
311	-16.25	11.25	70	13950,0
311	-13.75	13.75	70	13950,0
311	-13.25	13.75	70	13950,0
311	-13.25	13.25	70	13950,0
311	-15.75	10.75	70	13950,0
311	-16.25	10.75	70	13950,0
328	-7.75	19.25	84	13950,0
328	-7.75	19.75	84	13950,0
328	-6.75	20.75	84	13950,0
328	-6.25	20.75	84	13950,0
328	-6.25	20.25	84	13950,0
328	-7.25	19.25	84	13950,0
328	-7.75	19.25	84	13950,0
328	-41.25	17.75	84	14000,0
328	-41.25	18.25	84	14000,0
328	-40.25	18.25	84	14000,0
328	-37.75	20.75	84	14000,0
328	-37.25	20.75	84	14000,0
328	-37.25	20.25	84	14000,0
328	-44.75	12.75	84	14000,0
328	-45.25	12.75	84	14000,0
328	-45.25	13.25	84	14000,0
328	-41.25	17.25	84	14000,0
328	-41.25	17.75	84	14000,0
329	-5.75	21.25	84	13950,0
329	-5.75	21.75	84	13950,0
329	-5.25	22.25	84	13950,0
329	-4.75	22.25	84	13950,0
329	-4.75	21.75	84	13950,0
329	-5.25	21.25	84	13950,0
329	-5.75	21.25	84	13950,0
329	-42.25	12.75	84	14000,0
329	-42.25	13.25	84	14000,0
329	-38.75	16.75	84	14000,0
329	-38.25	16.75	84	14000,0
329	-38.25	16.25	84	14000,0
329	-39.25	15.25	84	14000,0
329	-39.25	14.75	84	14000,0
329	-38.75	14.75	84	14000,0
329	-37.75	15.75	84	14000,0
329	-37.25	15.75	84	14000,0
329	-37.25	15.25	84	14000,0
329	-37.75	14.75	84	14000,0
329	-37.75	13.75	84	14000,0
329	-38.25	13.25	84	14000,0
329	-38.75	13.25	84	14000,0
329	-39.75	14.25	84	14000,0
329	-40.25	14.25	84	14000,0
329	-41.75	12.75	84	14000,0
329	-42.25	12.75	84	14000,0
330	-1.75	17.25	84	13950,0
330	-1.75	17.75	84	13950,0
330	0.75	20.25	84	13950,0
330	1.25	20.25	84	13950,0
330	1.25	19.75	84	13950,0
330	-1.25	17.25	84	13950,0
330	-1.75	17.25	84	13950,0
331	-2.75	14.25	84	13950,0
331	-2.75	14.75	84	13950,0
331	-1.75	15.75	84	13950,0
331	-1.25	15.75	84	13950,0
331	-1.25	15.25	84	13950,0
331	-2.25	14.25	84	13950,0
331	-2.75	14.25	84	13950,0
332	-0.75	16.25	84	13950,0
332	-0.75	16.75	84	13950,0
332	1.75	19.25	84	13950,0
332	2.25	19.25	84	13950,0
332	2.25	18.75	84	13950,0
332	-0.25	16.25	84	13950,0
332	-0.75	16.25	84	13950,0
333	-0.75	13.25	84	13950,0
333	-0.75	13.75	84	13950,0
333	-0.25	14.25	84	13950,0
333	0.25	14.25	84	13950,0
333	0.25	13.75	84	13950,0
333	-0.25	13.25	84	13950,0
333	-0.75	13.25	84	13950,0
334	0.75	14.75	84	13950,0
334	0.75	15.25	84	13950,0
334	1.25	15.25	84	13950,0
334	1.25	14.75	84	13950,0
334	0.75	14.75	84	13950,0
335	0.75	10.75	84	13950,0
335	0.75	11.25	84	13950,0
335	1.75	12.25	84	13950,0
335	2.25	12.25	84	13950,0
335	3.25	11.25	84	13950,0
335	3.25	10.75	84	13950,0
335	2.25	9.75	84	13950,0
335	1.75	9.75	84	13950,0
335	0.75	10.75	84	13950,0
336	2.75	12.75	84	13950,0
336	2.75	13.25	84	13950,0
336	3.25	13.75	84	13950,0
336	3.75	13.75	84	13950,0
336	4.75	12.75	84	13950,0
336	4.75	12.25	84	13950,0
336	4.25	11.75	84	13950,0
336	3.75	11.75	84	13950,0
336	2.75	12.75	84	13950,0
39	-4.75	22.25	22	13950,0
39	-4.75	22.75	22	13950,0
39	0.75	28.25	22	13950,0
39	1.25	28.25	22	13950,0
39	1.25	27.75	22	13950,0
39	-4.25	22.25	22	13950,0
39	-4.75	22.25	22	13950,0
39	-28.25	48.75	22	14000,0
39	-28.25	49.25	22	14000,0
39	-27.75	49.25	22	14000,0
39	-27.75	48.75	22	14000,0
39	-28.25	48.75	22	14000,0
39	-27.75	-0.75	22	14000,50
39	-27.75	-0.25	22	14000,50
39	-26.75	0.75	22	14000,50
39	-26.25	0.75	22	14000,50
39	-26.25	0.25	22	14000,50
39	-27.25	-0.75	22	14000,50
39	-27.75	-0.75	22	14000,50
43	1.75	20.75	22	13950,0
43	1.75	21.25	22	13950,0
43	4.25	23.75	22	13950,0
43	4.75	23.75	22	13950,0
43	4.75	23.25	22	13950,0
43	2.25	20.75	22	13950,0
43	1.75	20.75	22	13950,0
43	-45.25	23.75	22	14000,0
43	-45.25	24.25	22	14000,0
43	-40.25	29.25	22	14000,0
43	-39.75	29.25	22	14000,0
43	-39.75	28.75	22	14000,0
43	-44.75	23.75	22	14000,0
43	-45.25	23.75	22	14000,0
44	4.25	21.25	22	13950,0
44	4.25	21.75	22	13950,0
44	4.75	21.75	22	13950,0
44	4.75	21.25	22	13950,0
44	4.25	21.25	22	13950,0
44	-45.25	21.75	22	14000,0
44	-45.25	22.25	22	14000,0
44	-44.75	22.25	22	14000,0
44	-44.75	21.75	22	14000,0
44	-45.25	21.75	22	14000,0
17	1.25	28.25	110	13950,0
17	1.25	28.75	110	13950,0
17	4.25	31.75	110	13950,0
17	4.75	31.75	110	13950,0
17	4.75	31.25	110	13950,0
17	1.75	28.25	110	13950,0
17	1.25	28.25	110	13950,0
17	-45.25	31.75	110	14000,0
17	-45.25	32.25	110	14000,0
17	-28.75	48.75	110	14000,0
17	-28.25	48.75	110	14000,0
17	-28.25	48.25	110	14000,0
17	-44.75	31.75	110	14000,0
17	-45.25	31.75	110	14000,0
45	-44.25	22.75	22	14000,0
45	-44.25	23.25	22	14000,0
45	-33.25	34.25	22	14000,0
45	-32.75	34.25	22	14000,0
45	-32.75	33.75	22	14000,0
45	-43.75	22.75	22	14000,0
45	-44.25	22.75	22	14000,0
46	-32.25	34.75	22	14000,0
46	-32.25	35.25	22	14000,0
46	-22.25	45.25	22	14000,0
46	-21.75	45.25	22	14000,0
46	-21.75	44.75	22	14000,0
46	-31.75	34.75	22	14000,0
46	-32.25	34.75	22	14000,0
47	-43.75	20.25	22	14000,0
47	-43.75	20.75	22	14000,0
47	-43.25	20.75	22	14000,0
47	-43.25	20.25	22	14000,0
47	-43.75	20.25	22	14000,0
48	-41.25	22.75	22	14000,0
48	-41.25	23.25	22	14000,0
48	-40.25	24.25	22	14000,0
48	-39.75	24.25	22	14000,0
48	-39.75	23.75	22	14000,0
48	-40.75	22.75	22	14000,0
48	-41.25	22.75	22	14000,0
49	-39.25	24.75	22	14000,0
49	-39.25	25.25	22	14000,0
49	-34.25	30.25	22	14000,0
49	-33.75	30.25	22	14000,0
49	-33.75	29.75	22	14000,0
49	-38.75	24.75	22	14000,0
49	-39.25	24.75	22	14000,0
50	-32.75	31.25	22	14000,0
50	-32.75	31.75	22	14000,0
50	-31.75	32.75	22	14000,0
50	-31.25	32.75	22	14000,0
50	-31.25	32.25	22	14000,0
50	-32.25	31.25	22	14000,0
50	-32.75	31.25	22	14000,0
40	-30.25	33.75	22	14000,0
40	-30.25	34.25	22	14000,0
40	-23.25	41.25	22	14000,0
40	-22.75	41.25	22	14000,0
40	-22.75	40.75	22	14000,0
40	-29.75	33.75	22	14000,0
40	-30.25	33.75	22	14000,0
41	-22.25	41.75	22	14000,0
41	-22.25	42.25	22	14000,0
41	-20.75	43.75	22	14000,0
41	-20.25	43.75	22	14000,0
41	-20.25	43.25	22	14000,0
41	-21.75	41.75	22	14000,0
41	-22.25	41.75	22	14000,0
42	-30.25	30.75	22	14000,0
42	-30.25	31.25	22	14000,0
42	-29.25	31.25	22	14000,0
42	-24.75	35.75	22	14000,0
42	-24.75	36.75	22	14000,0
42	-23.75	36.75	22	14000,0
42	-18.25	42.25	22	14000,0
42	-17.75	42.25	22	14000,0
42	-17.75	41.75	22	14000,0
42	-18.25	41.25	22	14000,0
42	-18.25	40.25	22	14000,0
42	-24.25	34.25	22	14000,0
42	-25.25	34.25	22	14000,0
42	-25.25	33.25	22	14000,0
42	-30.25	28.25	22	14000,0
42	-30.25	27.25	22	14000,0
42	-36.75	20.75	22	14000,0
42	-37.75	20.75	22	14000,0
42	-38.25	20.25	22	14000,0
42	-38.75	20.25	22	14000,0
42	-39.25	20.75	22	14000,0
42	-39.25	21.25	22	14000,0
42	-30.75	29.75	22	14000,0
42	-29.75	29.75	22	14000,0
42	-29.75	30.25	22	14000,0
42	-30.25	30.75	22	14000,0
239	-20.75	32.25	6	14050,50
239	-20.75	32.75	6	14050,50
239	-20.25	32.75	6	14050,50
239	-20.25	32.25	6	14050,50
239	-20.75	32.25	6	14050,50
240	-18.25	34.75	6	14050,50
240	-18.25	35.25	6	14050,50
240	-17.75	35.25	6	14050,50
240	-17.75	34.75	6	14050,50
240	-18.25	34.75	6	14050,50
241	-16.25	36.75	6	14050,50
241	-16.25	37.25	6	14050,50
241	-15.75	37.25	6	14050,50
241	-15.75	36.75	6	14050,50
241	-16.25	36.75	6	14050,50
242	-12.75	40.25	6	14050,50
242	-12.75	40.75	6	14050,50
242	-12.25	40.75	6	14050,50
242	-12.25	40.25	6	14050,50
242	-12.75	40.25	6	14050,50
243	-17.25	35.25	6	14050,50
243	-17.25	34.75	6	14050,50
243	-16.75	34.25	6	14050,50
243	-16.25	34.25	6	14050,50
243	-16.25	34.75	6	14050,50
243	-16.75	35.25	6	14050,50
243	-17.25	35.25	6	14050,50
244	-15.25	35.75	6	14050,50
244	-15.25	36.25	6	14050,50
244	-14.75	36.25	6	14050,50
244	-14.75	35.75	6	14050,50
244	-15.25	35.75	6	14050,50
245	-39.75	10.25	6	14050,50
245	-39.75	10.75	6	14050,50
245	-39.25	10.75	6	14050,50
245	-39.25	10.25	6	14050,50
245	-39.75	10.25	6	14050,50
246	-30.25	19.75	6	14050,50
246	-30.25	20.25	6	14050,50
246	-29.75	20.75	6	14050,50
246	-29.25	20.75	6	14050,50
246	-29.25	20.25	6	14050,50
246	-29.75	19.75	6	14050,50
246	-30.25	19.75	6	14050,50
248	-44.75	4.25	6	14050,50
248	-44.75	4.75	6	14050,50
248	-44.25	4.75	6	14050,50
248	-44.25	4.25	6	14050,50
248	-44.75	4.25	6	14050,50
249	-37.25	11.75	6	14050,50
249	-37.25	12.25	6	14050,50
249	-36.75	12.25	6	14050,50
249	-36.75	11.75	6	14050,50
249	-37.25	11.75	6	14050,50
250	-31.75	17.25	6	14050,50
250	-31.75	17.75	6	14050,50
250	-30.75	18.75	6	14050,50
250	-30.25	18.75	6	14050,50
250	-30.25	18.25	6	14050,50
250	-31.25	17.25	6	14050,50
250	-31.75	17.25	6	14050,50
251	-26.25	22.75	6	14050,50
251	-26.25	23.25	6	14050,50
251	-25.25	24.25	6	14050,50
251	-24.75	24.25	6	14050,50
251	-24.75	23.75	6	14050,50
251	-25.75	22.75	6	14050,50
251	-26.25	22.75	6	14050,50
252	-24.25	24.75	6	14050,50
252	-24.25	25.25	6	14050,50
252	-23.75	25.25	6	14050,50
252	-23.75	24.75	6	14050,50
252	-24.25	24.75	6	14050,50
253	-22.25	18.75	6	14050,50
253	-22.25	19.25	6	14050,50
253	-21.75	19.25	6	14050,50
253	-21.75	18.75	6	14050,50
253	-22.25	18.75	6	14050,50
254	-7.75	32.25	6	14050,50
254	-7.75	32.75	6	14050,50
254	-7.25	32.75	6	14050,50
254	-7.25	31.75	6	14050,50
254	-6.75	31.75	6	14050,50
254	-5.25	33.25	6	14050,50
254	-5.25	34.25	6	14050,50
254	-4.75	34.75	6	14050,50
254	-4.25	34.75	6	14050,50
254	-3.75	34.25	6	14050,50
254	-3.75	33.75	6	14050,50
254	-4.25	33.25	6	14050,50
254	-4.25	31.25	6	14050,50
254	-6.25	29.25	6	14050,50
254	-6.25	28.75	6	14050,50
254	-5.25	28.75	6	14050,50
254	-5.25	28.25	6	14050,50
254	-5.75	27.75	6	14050,50
254	-5.75	26.75	6	14050,50
254	-6.25	26.75	6	14050,50
254	-6.75	27.25	6	14050,50
254	-6.75	28.25	6	14050,50
254	-7.25	28.25	6	14050,50
254	-7.75	27.75	6	14050,50
254	-7.75	25.75	6	14050,50
254	-8.75	24.75	6	14050,50
254	-9.25	24.75	6	14050,50
254	-9.25	25.25	6	14050,50
254	-8.25	26.25	6	14050,50
254	-8.25	26.75	6	14050,50
254	-9.75	26.75	6	14050,50
254	-9.75	25.75	6	14050,50
254	-10.25	25.75	6	14050,50
254	-10.25	26.75	6	14050,50
254	-10.75	26.75	6	14050,50
254	-10.75	25.75	6	14050,50
254	-11.25	25.75	6	14050,50
254	-11.75	26.25	6	14050,50
254	-11.75	26.75	6	14050,50
254	-10.25	28.25	6	14050,50
254	-10.25	29.25	6	14050,50
254	-8.75	30.75	6	14050,50
254	-8.25	30.75	6	14050,50
254	-7.75	30.25	6	14050,50
254	-7.25	30.25	6	14050,50
254	-7.25	30.75	6	14050,50
254	-7.75	31.25	6	14050,50
254	-7.75	32.25	6	14050,50
255	-39.75	-0.75	6	14050,50
255	-39.75	-0.25	6	14050,50
255	-39.25	-0.25	6	14050,50
255	-39.25	-0.75	6	14050,50
255	-39.75	-0.75	6	14050,50
256	-38.75	0.25	6	14050,50
256	-38.75	0.75	6	14050,50
256	-38.25	1.25	6	14050,50
256	-37.75	1.25	6	14050,50
256	-37.75	0.75	6	14050,50
256	-38.25	0.25	6	14050,50
256	-38.75	0.25	6	14050,50
257	-37.25	1.75	6	14050,50
257	-37.25	2.25	6	14050,50
257	-36.75	2.75	6	14050,50
257	-36.25	2.75	6	14050,50
257	-35.75	2.25	6	14050,50
257	-35.75	0.75	6	14050,50
257	-37.25	0.75	6	14050,50
257	-37.25	1.75	6	14050,50
259	-35.75	3.25	6	14050,50
259	-35.75	3.75	6	14050,50
259	-35.25	3.75	6	14050,50
259	-35.25	3.25	6	14050,50
259	-35.75	3.25	6	14050,50
260	-34.75	4.25	6	14050,50
260	-34.75	4.75	6	14050,50
260	-33.25	6.25	6	14050,50
260	-32.75	6.25	6	14050,50
260	-32.75	5.75	6	14050,50
260	-34.25	4.25	6	14050,50
260	-34.25	3.75	6	14050,50
260	-32.75	2.25	6	14050,50
260	-32.75	1.75	6	14050,50
260	-33.25	1.25	6	14050,50
260	-33.75	1.25	6	14050,50
260	-33.75	2.25	6	14050,50
260	-34.75	3.25	6	14050,50
260	-34.75	4.25	6	14050,50
261	-32.25	6.75	6	14050,50
261	-32.25	7.25	6	14050,50
261	-31.75	7.75	6	14050,50
261	-31.25	7.75	6	14050,50
261	-31.25	7.25	6	14050,50
261	-31.75	6.75	6	14050,50
261	-32.25	6.75	6	14050,50
262	-30.75	8.25	6	14050,50
262	-30.75	8.75	6	14050,50
262	-23.75	15.75	6	14050,50
262	-23.25	15.75	6	14050,50
262	-23.25	15.25	6	14050,50
262	-26.75	11.75	6	14050,50
262	-26.75	10.75	6	14050,50
262	-27.75	10.75	6	14050,50
262	-28.25	10.25	6	14050,50
262	-28.25	9.25	6	14050,50
262	-29.25	9.25	6	14050,50
262	-30.25	8.25	6	14050,50
262	-30.75	8.25	6	14050,50
263	-22.75	16.25	6	14050,50
263	-22.75	16.75	6	14050,50
263	-18.75	20.75	6	14050,50
263	-18.25	20.75	6	14050,50
263	-18.25	20.25	6	14050,50
263	-22.25	16.25	6	14050,50
263	-22.75	16.25	6	14050,50
264	-16.75	22.25	6	14050,50
264	-16.75	22.75	6	14050,50
264	-16.25	23.25	6	14050,50
264	-14.75	23.25	6	14050,50
264	-14.75	22.25	6	14050,50
264	-13.75	22.25	6	14050,50
264	-13.25	21.75	6	14050,50
264	-13.25	21.25	6	14050,50
264	-13.75	20.75	6	14050,50
264	-14.75	20.75	6	14050,50
264	-14.75	19.75	6	14050,50
264	-15.75	18.75	6	14050,50
264	-16.25	18.75	6	14050,50
264	-17.75	20.25	6	14050,50
264	-17.75	20.75	6	14050,50
264	-16.75	21.75	6	14050,50
264	-16.75	22.25	6	14050,50
265	-13.25	25.75	6	14050,50
265	-13.25	26.25	6	14050,50
265	-12.75	26.25	6	14050,50
265	-11.25	24.75	6	14050,50
265	-11.25	24.25	6	14050,50
265	-12.25	24.25	6	14050,50
265	-12.25	23.25	6	14050,50
265	-12.75	23.25	6	14050,50
265	-13.75	24.25	6	14050,50
265	-13.75	24.75	6	14050,50
265	-12.75	24.75	6	14050,50
265	-12.75	25.25	6	14050,50
265	-13.25	25.75	6	14050,50
266	-36.75	-0.75	6	14050,50
266	-36.75	-0.25	6	14050,50
266	-36.25	-0.25	6	14050,50
266	-36.25	-0.75	6	14050,50
266	-36.75	-0.75	6	14050,50
267	-34.75	0.25	6	14050,50
267	-34.75	0.75	6	14050,50
267	-34.25	0.75	6	14050,50
267	-34.25	0.25	6	14050,50
267	-34.75	0.25	6	14050,50
268	-32.25	2.75	6	14050,50
268	-32.25	3.25	6	14050,50
268	-31.25	4.25	6	14050,50
268	-30.75	4.25	6	14050,50
268	-30.75	3.75	6	14050,50
268	-31.75	2.75	6	14050,50
268	-32.25	2.75	6	14050,50
270	-30.25	4.75	6	14050,50
270	-30.25	5.25	6	14050,50
270	-29.75	5.75	6	14050,50
270	-29.25	5.75	6	14050,50
270	-29.25	5.25	6	14050,50
270	-29.75	4.75	6	14050,50
270	-30.25	4.75	6	14050,50
271	-28.75	6.25	6	14050,50
271	-28.75	6.75	6	14050,50
271	-27.75	7.75	6	14050,50
271	-27.25	7.75	6	14050,50
271	-27.25	7.25	6	14050,50
271	-28.25	6.25	6	14050,50
271	-28.75	6.25	6	14050,50
272	-26.75	8.25	6	14050,50
272	-26.75	8.75	6	14050,50
272	-26.25	8.75	6	14050,50
272	-26.25	8.25	6	14050,50
272	-26.75	8.25	6	14050,50
273	-25.75	9.25	6	14050,50
273	-25.75	9.75	6	14050,50
273	-25.25	9.75	6	14050,50
273	-25.25	9.25	6	14050,50
273	-25.75	9.25	6	14050,50
274	-24.75	10.25	6	14050,50
274	-24.75	10.75	6	14050,50
274	-24.25	10.75	6	14050,50
274	-24.25	10.25	6	14050,50
274	-24.75	10.25	6	14050,50
275	-23.75	11.25	6	14050,50
275	-23.75	11.75	6	14050,50
275	-23.25	12.25	6	14050,50
275	-22.75	12.25	6	14050,50
275	-22.75	11.75	6	14050,50
275	-23.25	11.25	6	14050,50
275	-23.75	11.25	6	14050,50
276	-21.75	13.25	6	14050,50
276	-21.75	13.75	6	14050,50
276	-21.25	13.75	6	14050,50
276	-21.25	13.25	6	14050,50
276	-21.75	13.25	6	14050,50
277	-20.75	14.25	6	14050,50
277	-20.75	14.75	6	14050,50
277	-18.75	16.75	6	14050,50
277	-18.25	16.75	6	14050,50
277	-18.25	16.25	6	14050,50
277	-20.25	14.25	6	14050,50
277	-20.75	14.25	6	14050,50
278	-17.75	17.25	6	14050,50
278	-17.75	17.75	6	14050,50
278	-17.25	18.25	6	14050,50
278	-16.75	18.25	6	14050,50
278	-16.75	17.75	6	14050,50
278	-17.25	17.25	6	14050,50
278	-17.75	17.25	6	14050,50
279	-4.75	29.25	6	14050,50
279	-4.75	29.75	6	14050,50
279	-4.25	29.75	6	14050,50
279	-4.25	29.25	6	14050,50
279	-4.75	29.25	6	14050,50
281	-10.75	22.25	6	14050,50
281	-10.75	22.75	6	14050,50
281	-10.25	23.25	6	14050,50
281	-9.75	23.25	6	14050,50
281	-9.75	21.75	6	14050,50
281	-10.25	21.75	6	14050,50
281	-10.75	22.25	6	14050,50
338	-29.25	43.75	86	14050,50
338	-29.25	44.25	86	14050,50
338	-28.75	44.25	86	14050,50
338	-28.75	43.75	86	14050,50
338	-29.25	43.75	86	14050,50
339	-28.25	42.75	86	14050,50
339	-28.25	43.25	86	14050,50
339	-27.75	43.25	86	14050,50
339	-27.75	42.75	86	14050,50
339	-28.25	42.75	86	14050,50
301	-36.75	32.25	7	14050,50
301	-36.75	32.75	7	14050,50
301	-36.25	32.75	7	14050,50
301	-36.25	32.25	7	14050,50
301	-36.75	32.25	7	14050,50
303	-36.25	30.75	7	14050,50
303	-36.25	31.25	7	14050,50
303	-32.75	34.75	7	14050,50
303	-32.25	34.75	7	14050,50
303	-32.25	34.25	7	14050,50
303	-35.75	30.75	7	14050,50
303	-36.25	30.75	7	14050,50
304	-34.25	29.75	7	14050,50
304	-34.25	30.25	7	14050,50
304	-33.25	31.25	7	14050,50
304	-32.75	31.25	7	14050,50
304	-32.75	30.75	7	14050,50
304	-33.75	29.75	7	14050,50
304	-34.25	29.75	7	14050,50
305	-32.25	31.75	7	14050,50
305	-32.25	32.25	7	14050,50
305	-31.25	33.25	7	14050,50
305	-30.75	33.25	7	14050,50
305	-30.75	32.75	7	14050,50
305	-31.75	31.75	7	14050,50
305	-32.25	31.75	7	14050,50
306	-33.25	26.75	7	14050,50
306	-33.25	27.25	7	14050,50
306	-29.25	31.25	7	14050,50
306	-28.75	31.25	7	14050,50
306	-27.75	30.25	7	14050,50
306	-27.75	29.75	7	14050,50
306	-36.25	21.25	7	14050,50
306	-36.75	21.25	7	14050,50
306	-36.75	21.75	7	14050,50
306	-33.25	25.25	7	14050,50
306	-33.25	26.75	7	14050,50
307	-35.25	19.75	7	14050,50
307	-35.25	20.25	7	14050,50
307	-31.25	24.25	7	14050,50
307	-30.75	24.25	7	14050,50
307	-30.25	23.75	7	14050,50
307	-29.25	23.75	7	14050,50
307	-29.25	22.75	7	14050,50
307	-28.75	22.25	7	14050,50
307	-28.75	20.75	7	14050,50
307	-29.75	20.75	7	14050,50
307	-30.25	20.25	7	14050,50
307	-30.25	19.25	7	14050,50
307	-32.75	16.75	7	14050,50
307	-33.25	16.75	7	14050,50
307	-33.25	18.75	7	14050,50
307	-34.25	18.75	7	14050,50
307	-35.25	19.75	7	14050,50
308	-31.25	21.75	7	14050,50
308	-31.25	22.25	7	14050,50
308	-30.75	22.25	7	14050,50
308	-30.75	21.75	7	14050,50
308	-31.25	21.75	7	14050,50
309	-28.25	22.25	7	14050,50
309	-28.25	21.75	7	14050,50
309	-27.75	21.75	7	14050,50
309	-27.75	22.25	7	14050,50
309	-28.25	22.25	7	14050,50
310	-25.75	12.25	7	14050,50
310	-25.75	12.75	7	14050,50
310	-22.75	15.75	7	14050,50
310	-22.25	15.75	7	14050,50
310	-21.25	14.75	7	14050,50
310	-21.25	14.25	7	14050,50
310	-22.75	12.75	7	14050,50
310	-24.75	12.75	7	14050,50
310	-25.25	12.25	7	14050,50
310	-25.75	12.25	7	14050,50
302	-22.25	11.75	7	14050,50
302	-22.25	12.25	7	14050,50
302	-21.25	13.25	7	14050,50
302	-20.75	13.25	7	14050,50
302	-20.75	12.75	7	14050,50
302	-21.75	11.75	7	14050,50
302	-22.25	11.75	7	14050,50
206	-11.25	5.75	54	13950,0
206	-11.25	6.25	54	13950,0
206	-8.75	8.75	54	13950,0
206	-8.25	8.75	54	13950,0
206	-8.25	8.25	54	13950,0
206	-10.75	5.75	54	13950,0
206	-11.25	5.75	54	13950,0
207	-9.75	4.25	54	13950,0
207	-9.75	4.75	54	13950,0
207	-7.25	7.25	54	13950,0
207	-6.75	7.25	54	13950,0
207	-6.75	6.75	54	13950,0
207	-9.25	4.25	54	13950,0
207	-9.75	4.25	54	13950,0
337	-14.25	-0.25	85	13950,0
337	-14.25	0.25	85	13950,0
337	-13.75	0.25	85	13950,0
337	-13.75	-0.25	85	13950,0
337	-14.25	-0.25	85	13950,0
209	-10.25	-0.25	56	13950,0
209	-10.25	0.25	56	13950,0
209	-9.25	1.25	56	13950,0
209	-8.75	1.25	56	13950,0
209	-7.75	0.25	56	13950,0
209	-7.75	-0.25	56	13950,0
209	-10.25	-0.25	56	13950,0
111	-7.75	2.25	45	13950,0
111	-7.75	2.75	45	13950,0
111	-5.25	5.25	45	13950,0
111	-4.75	5.25	45	13950,0
111	-3.75	4.25	45	13950,0
111	-3.75	3.25	45	13950,0
111	-2.75	3.25	45	13950,0
111	-2.75	2.75	45	13950,0
111	-5.75	-0.25	45	13950,0
111	-6.25	-0.25	45	13950,0
111	-6.25	0.25	45	13950,0
111	-4.25	2.25	45	13950,0
111	-4.25	2.75	45	13950,0
111	-4.75	2.75	45	13950,0
111	-6.25	1.25	45	13950,0
111	-6.75	1.25	45	13950,0
111	-7.75	2.25	45	13950,0
316	-5.75	4.25	73	14000,50
316	-5.75	4.75	73	14000,50
316	-5.25	5.25	73	14000,50
316	-3.25	5.25	73	14000,50
316	-2.25	6.25	73	14000,50
316	-1.75	6.25	73	14000,50
316	-1.75	5.75	73	14000,50
316	-6.75	0.75	73	14000,50
316	-7.25	0.75	73	14000,50
316	-7.25	1.25	73	14000,50
316	-4.75	3.75	73	14000,50
316	-4.75	4.25	73	14000,50
316	-5.75	4.25	73	14000,50
11	-25.25	33.75	105	14000,0
11	-25.25	34.25	105	14000,0
11	-24.25	34.25	105	14000,0
11	-14.25	44.25	105	14000,0
11	-13.75	44.25	105	14000,0
11	-13.75	43.75	105	14000,0
11	-29.75	27.75	105	14000,0
11	-30.25	27.75	105	14000,0
11	-30.25	28.25	105	14000,0
11	-25.25	33.25	105	14000,0
11	-25.25	33.75	105	14000,0
68	-33.75	22.25	29	14000,0
68	-33.75	22.75	29	14000,0
68	-32.25	22.75	29	14000,0
68	-31.75	22.25	29	14000,0
68	-31.75	21.75	29	14000,0
68	-32.75	20.75	29	14000,0
68	-32.75	20.25	29	14000,0
68	-32.25	20.25	29	14000,0
68	-30.75	21.75	29	14000,0
68	-29.75	21.75	29	14000,0
68	-29.75	22.75	29	14000,0
68	-28.75	22.75	29	14000,0
68	-26.75	24.75	29	14000,0
68	-26.75	25.75	29	14000,0
68	-26.25	26.25	29	14000,0
68	-25.75	26.25	29	14000,0
68	-25.25	25.75	29	14000,0
68	-25.25	25.25	29	14000,0
68	-30.75	19.75	29	14000,0
68	-30.75	18.75	29	14000,0
68	-31.25	18.25	29	14000,0
68	-32.25	18.25	29	14000,0
68	-33.25	17.25	29	14000,0
68	-33.25	16.25	29	14000,0
68	-41.75	7.75	29	14000,0
68	-42.25	7.75	29	14000,0
68	-44.75	10.25	29	14000,0
68	-44.75	10.75	29	14000,0
68	-42.75	12.75	29	14000,0
68	-41.75	12.75	29	14000,0
68	-40.25	14.25	29	14000,0
68	-39.75	14.25	29	14000,0
68	-38.75	13.25	29	14000,0
68	-38.25	13.25	29	14000,0
68	-37.75	13.75	29	14000,0
68	-37.75	14.75	29	14000,0
68	-37.25	15.25	29	14000,0
68	-37.25	15.75	29	14000,0
68	-37.75	15.75	29	14000,0
68	-38.75	14.75	29	14000,0
68	-39.25	14.75	29	14000,0
68	-39.25	15.25	29	14000,0
68	-38.25	16.25	29	14000,0
68	-38.25	17.25	29	14000,0
68	-33.75	21.75	29	14000,0
68	-33.75	22.25	29	14000,0
69	-36.25	2.75	29	14000,0
69	-36.25	3.25	29	14000,0
69	-34.75	4.75	29	14000,0
69	-34.25	4.75	29	14000,0
69	-34.25	4.25	29	14000,0
69	-35.75	2.75	29	14000,0
69	-36.25	2.75	29	14000,0
97	-5.25	-0.25	37	13950,0
97	-5.25	0.25	37	13950,0
97	-4.75	0.75	37	13950,0
97	-3.25	0.75	37	13950,0
97	-2.75	0.25	37	13950,0
97	-2.75	-0.25	37	13950,0
97	-5.25	-0.25	37	13950,0
327	-4.25	0.75	83	13950,0
327	-4.25	1.25	83	13950,0
327	-2.75	2.75	83	13950,0
327	-2.25	2.75	83	13950,0
327	-0.75	1.25	83	13950,0
327	-0.75	0.75	83	13950,0
327	-1.75	0.75	83	13950,0
327	-2.25	0.25	83	13950,0
327	-2.75	0.25	83	13950,0
327	-3.25	0.75	83	13950,0
327	-4.25	0.75	83	13950,0
298	-2.25	2.75	68	13950,0
298	-2.25	3.25	68	13950,0
298	-1.75	3.25	68	13950,0
298	1.25	0.25	68	13950,0
298	1.25	-0.25	68	13950,0
298	0.75	-0.25	68	13950,0
298	-2.25	2.75	68	13950,0
298	-45.25	5.75	68	14000,0
298	-45.25	6.25	68	14000,0
298	-44.75	6.25	68	14000,0
298	-44.25	5.75	68	14000,0
298	-44.25	5.25	68	14000,0
298	-44.75	5.25	68	14000,0
298	-45.25	5.75	68	14000,0
299	2.75	7.75	68	13950,0
299	2.75	8.25	68	13950,0
299	3.25	8.25	68	13950,0
299	4.75	6.75	68	13950,0
299	4.75	6.25	68	13950,0
299	4.25	6.25	68	13950,0
299	2.75	7.75	68	13950,0
325	3.25	8.25	81	13950,0
325	3.25	8.75	81	13950,0
325	4.25	9.75	81	13950,0
325	4.75	9.75	81	13950,0
325	4.75	7.25	81	13950,0
325	4.25	7.25	81	13950,0
325	3.25	8.25	81	13950,0
325	-45.25	8.75	81	14000,0
325	-45.25	9.25	81	14000,0
325	-44.75	9.25	81	14000,0
325	-42.75	7.25	81	14000,0
325	-42.75	6.75	81	14000,0
325	-43.75	5.75	81	14000,0
325	-44.25	5.75	81	14000,0
325	-45.25	6.75	81	14000,0
325	-45.25	8.75	81	14000,0
345	-32.25	22.75	9	14000,0
345	-32.25	23.25	9	14000,0
345	-15.75	39.75	9	14000,0
345	-15.25	39.75	9	14000,0
345	-14.75	39.25	9	14000,0
345	-14.75	38.25	9	14000,0
345	-13.75	38.25	9	14000,0
345	-12.75	37.25	9	14000,0
345	-12.75	36.75	9	14000,0
345	-30.25	19.25	9	14000,0
345	-30.75	19.25	9	14000,0
345	-30.75	19.75	9	14000,0
345	-25.25	25.25	9	14000,0
345	-25.25	25.75	9	14000,0
345	-25.75	26.25	9	14000,0
345	-26.25	26.25	9	14000,0
345	-26.75	25.75	9	14000,0
345	-26.75	24.75	9	14000,0
345	-28.75	22.75	9	14000,0
345	-29.75	22.75	9	14000,0
345	-29.75	21.75	9	14000,0
345	-30.75	21.75	9	14000,0
345	-32.25	20.25	9	14000,0
345	-32.75	20.25	9	14000,0
345	-32.75	20.75	9	14000,0
345	-31.75	21.75	9	14000,0
345	-31.75	22.25	9	14000,0
345	-32.25	22.75	9	14000,0
29	-15.25	39.75	17	14000,0
29	-15.25	40.25	17	14000,0
29	-7.75	47.75	17	14000,0
29	-6.75	47.75	17	14000,0
29	-6.25	48.25	17	14000,0
29	-6.25	49.25	17	14000,0
29	-2.75	49.25	17	14000,0
29	-2.75	48.75	17	14000,0
29	-3.75	47.75	17	14000,0
29	-3.75	47.25	17	14000,0
29	-3.25	47.25	17	14000,0
29	-1.25	49.25	17	14000,0
29	-0.75	49.25	17	14000,0
29	-0.75	48.75	17	14000,0
29	-3.25	46.25	17	14000,0
29	-4.25	46.25	17	14000,0
29	-4.75	45.75	17	14000,0
29	-4.75	44.75	17	14000,0
29	-8.75	40.75	17	14000,0
29	-9.75	40.75	17	14000,0
29	-9.75	39.75	17	14000,0
29	-11.75	37.75	17	14000,0
29	-11.75	36.75	17	14000,0
29	-12.25	36.75	17	14000,0
29	-13.75	38.25	17	14000,0
29	-14.75	38.25	17	14000,0
29	-14.75	39.25	17	14000,0
29	-15.25	39.75	17	14000,0
29	-5.75	-0.75	17	14000,50
29	-5.75	-0.25	17	14000,50
29	-3.25	2.25	17	14000,50
29	-2.75	2.25	17	14000,50
29	-2.75	1.75	17	14000,50
29	-3.25	1.25	17	14000,50
29	-3.25	0.75	17	14000,50
29	-2.75	0.75	17	14000,50
29	-2.25	1.25	17	14000,50
29	-1.75	1.25	17	14000,50
29	-1.75	-0.25	17	14000,50
29	-2.25	-0.75	17	14000,50
29	-5.75	-0.75	17	14000,50
30	-10.25	28.75	17	14000,0
30	-10.25	29.25	17	14000,0
30	-7.25	32.25	17	14000,0
30	-5.75	32.25	17	14000,0
30	-5.75	31.75	17	14000,0
30	-6.25	31.25	17	14000,0
30	-7.25	31.25	17	14000,0
30	-9.75	28.75	17	14000,0
30	-10.25	28.75	17	14000,0
30	-0.75	-0.75	17	14000,50
30	-0.75	-0.25	17	14000,50
30	-0.25	-0.25	17	14000,50
30	-0.25	-0.75	17	14000,50
30	-0.75	-0.75	17	14000,50
31	-5.75	33.25	17	14000,0
31	-5.75	33.75	17	14000,0
31	-5.25	33.75	17	14000,0
31	-5.25	33.25	17	14000,0
31	-5.75	33.25	17	14000,0
32	-4.75	34.25	17	14000,0
32	-4.75	34.75	17	14000,0
32	-3.25	34.75	17	14000,0
32	-3.25	34.25	17	14000,0
32	-3.75	33.75	17	14000,0
32	-4.25	33.75	17	14000,0
32	-4.75	34.25	17	14000,0
33	-0.25	38.75	17	14000,0
33	-0.25	39.25	17	14000,0
33	0.25	39.75	17	14000,0
33	0.75	39.75	17	14000,0
33	0.75	39.25	17	14000,0
33	0.25	38.75	17	14000,0
33	-0.25	38.75	17	14000,0
300	-2.75	2.25	69	14000,50
300	-2.75	2.75	69	14000,50
300	-0.75	4.75	69	14000,50
300	-0.25	4.75	69	14000,50
300	-0.25	3.25	69	14000,50
300	-0.75	2.75	69	14000,50
300	-0.75	2.25	69	14000,50
300	0.25	2.25	69	14000,50
300	0.75	1.75	69	14000,50
300	0.75	1.25	69	14000,50
300	0.25	0.75	69	14000,50
300	0.25	-0.25	69	14000,50
300	-0.75	-0.25	69	14000,50
300	-1.25	-0.75	69	14000,50
300	-1.75	-0.75	69	14000,50
300	-1.75	1.25	69	14000,50
300	-2.25	1.25	69	14000,50
300	-2.75	0.75	69	14000,50
300	-3.25	0.75	69	14000,50
300	-3.25	1.25	69	14000,50
300	-2.75	1.75	69	14000,50
300	-2.75	2.25	69	14000,50
300	-3.75	47.25	69	14000,0
300	-3.75	47.75	69	14000,0
300	-2.25	49.25	69	14000,0
300	-1.75	49.25	69	14000,0
300	-1.75	48.75	69	14000,0
300	-3.25	47.25	69	14000,0
300	-3.75	47.25	69	14000,0
351	-0.25	4.75	95	14000,50
351	-0.25	5.25	95	14000,50
351	3.25	8.75	95	14000,50
351	4.75	8.75	95	14000,50
351	4.75	8.25	95	14000,50
351	3.25	6.75	95	14000,50
351	3.25	5.25	95	14000,50
351	3.75	5.25	95	14000,50
351	4.25	5.75	95	14000,50
351	4.25	6.75	95	14000,50
351	4.75	7.25	95	14000,50
351	5.25	7.25	95	14000,50
351	5.25	5.75	95	14000,50
351	4.25	4.75	95	14000,50
351	4.25	3.75	95	14000,50
351	0.75	0.25	95	14000,50
351	0.25	0.25	95	14000,50
351	0.25	0.75	95	14000,50
351	0.75	1.25	95	14000,50
351	0.75	1.75	95	14000,50
351	0.25	2.25	95	14000,50
351	-0.75	2.25	95	14000,50
351	-0.75	2.75	95	14000,50
351	-0.25	3.25	95	14000,50
351	-0.25	4.75	95	14000,50
351	-44.75	7.25	95	14050,50
351	-44.75	7.75	95	14050,50
351	-44.25	7.75	95	14050,50
351	-44.25	6.75	95	14050,50
351	-43.75	6.25	95	14050,50
351	-43.75	5.75	95	14050,50
351	-44.25	5.25	95	14050,50
351	-44.75	5.25	95	14050,50
351	-44.75	7.25	95	14050,50
351	3.75	42.75	95	14000,0
351	3.75	43.25	95	14000,0
351	4.75	44.25	95	14000,0
351	5.25	44.25	95	14000,0
351	5.25	43.75	95	14000,0
351	4.25	42.75	95	14000,0
351	3.75	42.75	95	14000,0
351	-44.75	44.25	95	14050,0
351	-44.75	44.75	95	14050,0
351	-43.75	45.75	95	14050,0
351	-43.25	45.75	95	14050,0
351	-43.25	45.25	95	14050,0
351	-44.25	44.25	95	14050,0
351	-44.75	44.25	95	14050,0
103	-42.75	12.25	41	14050,50
103	-42.75	12.75	41	14050,50
103	-37.75	17.75	41	14050,50
103	-36.75	17.75	41	14050,50
103	-36.75	18.75	41	14050,50
103	-36.25	19.25	41	14050,50
103	-35.75	19.25	41	14050,50
103	-35.25	18.75	41	14050,50
103	-35.25	18.25	41	14050,50
103	-36.75	16.75	41	14050,50
103	-36.75	16.25	41	14050,50
103	-36.25	16.25	41	14050,50
103	-35.75	16.75	41	14050,50
103	-35.25	16.75	41	14050,50
103	-34.75	16.25	41	14050,50
103	-34.75	14.75	41	14050,50
103	-38.75	10.75	41	14050,50
103	-39.75	10.75	41	14050,50
103	-39.75	9.75	41	14050,50
103	-40.25	9.75	41	14050,50
103	-40.75	10.25	41	14050,50
103	-40.75	10.75	41	14050,50
103	-40.25	11.25	41	14050,50
103	-40.25	12.25	41	14050,50
103	-39.25	13.25	41	14050,50
103	-39.25	13.75	41	14050,50
103	-39.75	13.75	41	14050,50
103	-41.25	12.25	41	14050,50
103	-41.25	11.25	41	14050,50
103	-41.75	11.25	41	14050,50
103	-42.75	12.25	41	14050,50
104	-34.25	3.75	41	14050,50
104	-34.25	4.25	41	14050,50
104	-29.25	9.25	41	14050,50
104	-28.25	9.25	41	14050,50
104	-28.25	10.25	41	14050,50
104	-27.75	10.75	41	14050,50
104	-26.75	10.75	41	14050,50
104	-26.75	11.75	41	14050,50
104	-26.25	11.75	41	14050,50
104	-25.75	11.25	41	14050,50
104	-25.75	9.75	41	14050,50
104	-29.75	5.75	41	14050,50
104	-30.75	5.75	41	14050,50
104	-31.25	5.25	41	14050,50
104	-31.25	4.25	41	14050,50
104	-32.75	2.75	41	14050,50
104	-33.25	2.75	41	14050,50
104	-34.25	3.75	41	14050,50
105	-26.25	7.75	41	14050,50
105	-26.25	8.25	41	14050,50
105	-25.25	9.25	41	14050,50
105	-24.75	9.25	41	14050,50
105	-24.75	8.75	41	14050,50
105	-25.75	7.75	41	14050,50
105	-26.25	7.75	41	14050,50
35	-30.75	24.25	19	14050,50
35	-30.75	24.75	19	14050,50
35	-26.75	28.75	19	14050,50
35	-26.25	28.75	19	14050,50
35	-24.75	27.25	19	14050,50
35	-24.25	27.25	19	14050,50
35	-23.75	27.75	19	14050,50
35	-23.25	27.75	19	14050,50
35	-23.25	27.25	19	14050,50
35	-23.75	26.75	19	14050,50
35	-23.75	25.75	19	14050,50
35	-27.25	22.25	19	14050,50
35	-28.75	22.25	19	14050,50
35	-29.25	22.75	19	14050,50
35	-29.25	23.75	19	14050,50
35	-30.25	23.75	19	14050,50
35	-30.75	24.25	19	14050,50
326	-2.25	-0.25	82	13950,0
326	-2.25	0.25	82	13950,0
326	-1.75	0.75	82	13950,0
326	-0.25	0.75	82	13950,0
326	0.25	0.25	82	13950,0
326	0.25	-0.25	82	13950,0
326	-2.25	-0.25	82	13950,0
352	-38.75	-0.75	95	14050,50
352	-38.75	-0.25	95	14050,50
352	-37.75	0.75	95	14050,50
352	-35.75	0.75	95	14050,50
352	-35.75	2.75	95	14050,50
352	-35.25	3.25	95	14050,50
352	-34.75	3.25	95	14050,50
352	-34.25	2.75	95	14050,50
352	-34.25	2.25	95	14050,50
352	-34.75	1.75	95	14050,50
352	-34.75	0.75	95	14050,50
352	-35.75	-0.25	95	14050,50
352	-36.75	-0.25	95	14050,50
352	-37.25	-0.75	95	14050,50
352	-38.75	-0.75	95	14050,50
352	-40.25	47.75	95	14050,0
352	-40.25	48.25	95	14050,0
352	-39.25	49.25	95	14050,0
352	-36.75	49.25	95	14050,0
352	-36.75	48.75	95	14050,0
352	-38.75	46.75	95	14050,0
352	-39.25	46.75	95	14050,0
352	-40.25	47.75	95	14050,0
312	-33.25	16.75	71	14000,0
312	-33.25	17.25	71	14000,0
312	-32.25	18.25	71	14000,0
312	-31.75	18.25	71	14000,0
312	-31.75	17.75	71	14000,0
312	-32.75	16.75	71	14000,0
312	-33.25	16.75	71	14000,0
313	-34.25	4.75	71	14000,0
313	-34.25	5.25	71	14000,0
313	-17.75	21.75	71	14000,0
313	-17.25	21.75	71	14000,0
313	-17.25	21.25	71	14000,0
313	-33.75	4.75	71	14000,0
313	-34.25	4.75	71	14000,0
78	-44.25	4.75	34	14000,0
78	-44.25	5.25	34	14000,0
78	-42.75	6.75	34	14000,0
78	-42.25	6.75	34	14000,0
78	-42.25	6.25	34	14000,0
78	-43.75	4.75	34	14000,0
78	-44.25	4.75	34	14000,0
87	-41.75	7.25	34	14000,0
87	-41.75	7.75	34	14000,0
87	-40.75	8.75	34	14000,0
87	-40.25	8.75	34	14000,0
87	-40.25	8.25	34	14000,0
87	-41.25	7.25	34	14000,0
87	-41.75	7.25	34	14000,0
88	-38.75	10.25	34	14000,0
88	-38.75	10.75	34	14000,0
88	-37.75	11.75	34	14000,0
88	-37.25	11.75	34	14000,0
88	-37.25	11.25	34	14000,0
88	-38.25	10.25	34	14000,0
88	-38.75	10.25	34	14000,0
89	-36.75	12.25	34	14000,0
89	-36.75	12.75	34	14000,0
89	-35.75	13.75	34	14000,0
89	-35.25	13.75	34	14000,0
89	-35.25	13.25	34	14000,0
89	-36.25	12.25	34	14000,0
89	-36.75	12.25	34	14000,0
90	-34.75	14.25	34	14000,0
90	-34.75	14.75	34	14000,0
90	-33.25	16.25	34	14000,0
90	-32.75	16.25	34	14000,0
90	-32.75	15.75	34	14000,0
90	-34.25	14.25	34	14000,0
90	-34.75	14.25	34	14000,0
91	-32.25	16.75	34	14000,0
91	-32.25	17.25	34	14000,0
91	-29.25	20.25	34	14000,0
91	-28.75	20.25	34	14000,0
91	-28.75	19.75	34	14000,0
91	-31.75	16.75	34	14000,0
91	-32.25	16.75	34	14000,0
92	-28.25	20.75	34	14000,0
92	-28.25	21.25	34	14000,0
92	-27.75	21.25	34	14000,0
92	-27.75	20.75	34	14000,0
92	-28.25	20.75	34	14000,0
93	-26.25	22.75	34	14000,0
93	-26.25	23.25	34	14000,0
93	-25.75	23.75	34	14000,0
93	-25.25	23.75	34	14000,0
93	-25.25	23.25	34	14000,0
93	-25.75	22.75	34	14000,0
93	-26.25	22.75	34	14000,0
94	-24.25	24.75	34	14000,0
94	-24.25	25.25	34	14000,0
94	-23.75	25.25	34	14000,0
94	-23.75	24.75	34	14000,0
94	-24.25	24.75	34	14000,0
79	-23.25	25.75	34	14000,0
79	-23.25	26.25	34	14000,0
79	-22.75	26.25	34	14000,0
79	-22.75	25.75	34	14000,0
79	-23.25	25.75	34	14000,0
80	-22.25	26.75	34	14000,0
80	-22.25	27.25	34	14000,0
80	-21.75	27.75	34	14000,0
80	-21.25	27.75	34	14000,0
80	-21.25	27.25	34	14000,0
80	-21.75	26.75	34	14000,0
80	-22.25	26.75	34	14000,0
81	-20.75	28.25	34	14000,0
81	-20.75	28.75	34	14000,0
81	-20.25	28.75	34	14000,0
81	-20.25	28.25	34	14000,0
81	-20.75	28.25	34	14000,0
82	-19.75	29.25	34	14000,0
82	-19.75	29.75	34	14000,0
82	-15.75	33.75	34	14000,0
82	-15.25	33.75	34	14000,0
82	-15.25	33.25	34	14000,0
82	-19.25	29.25	34	14000,0
82	-19.75	29.25	34	14000,0
83	-14.75	34.25	34	14000,0
83	-14.75	34.75	34	14000,0
83	-14.25	34.75	34	14000,0
83	-14.25	34.25	34	14000,0
83	-14.75	34.25	34	14000,0
84	-13.75	35.25	34	14000,0
84	-13.75	35.75	34	14000,0
84	-13.25	35.75	34	14000,0
84	-13.25	35.25	34	14000,0
84	-13.75	35.25	34	14000,0
85	-13.75	33.25	34	14000,0
85	-13.75	33.75	34	14000,0
85	-13.25	33.75	34	14000,0
85	-13.25	33.25	34	14000,0
85	-13.75	33.25	34	14000,0
86	-17.25	21.75	34	14000,0
86	-17.25	22.25	34	14000,0
86	-10.75	28.75	34	14000,0
86	-10.25	28.75	34	14000,0
86	-10.25	28.25	34	14000,0
86	-16.75	21.75	34	14000,0
86	-17.25	21.75	34	14000,0
22	-39.25	-0.25	13	14000,0
22	-39.25	0.25	13	14000,0
22	-37.75	1.75	13	14000,0
22	-37.25	1.75	13	14000,0
22	-37.25	1.25	13	14000,0
22	-38.75	-0.25	13	14000,0
22	-39.25	-0.25	13	14000,0
23	-36.75	2.25	13	14000,0
23	-36.75	2.75	13	14000,0
23	-35.75	2.75	13	14000,0
23	-25.75	12.75	13	14000,0
23	-24.75	12.75	13	14000,0
23	-23.75	13.75	13	14000,0
23	-23.25	13.75	13	14000,0
23	-22.75	13.25	13	14000,0
23	-22.75	12.75	13	14000,0
23	-34.75	0.75	13	14000,0
23	-35.25	0.75	13	14000,0
23	-36.75	2.25	13	14000,0
213	-38.25	-0.25	59	14000,0
213	-38.25	0.25	59	14000,0
213	-37.25	1.25	59	14000,0
213	-36.75	1.25	59	14000,0
213	-35.75	0.25	59	14000,0
213	-35.75	-0.25	59	14000,0
213	-38.25	-0.25	59	14000,0
2	-36.75	1.25	10	14000,0
2	-36.75	1.75	10	14000,0
2	-36.25	1.75	10	14000,0
2	-35.25	0.75	10	14000,0
2	-34.75	0.75	10	14000,0
2	-22.75	12.75	10	14000,0
2	-22.25	12.75	10	14000,0
2	-22.25	12.25	10	14000,0
2	-34.75	-0.25	10	14000,0
2	-35.25	-0.25	10	14000,0
2	-36.75	1.25	10	14000,0
95	-25.25	12.75	35	14000,0
95	-25.25	13.25	35	14000,0
95	-13.25	25.25	35	14000,0
95	-12.25	25.25	35	14000,0
95	-7.25	30.25	35	14000,0
95	-5.75	30.25	35	14000,0
95	-5.75	29.75	35	14000,0
95	-22.25	13.25	35	14000,0
95	-22.75	13.25	35	14000,0
95	-23.25	13.75	35	14000,0
95	-23.75	13.75	35	14000,0
95	-24.75	12.75	35	14000,0
95	-25.25	12.75	35	14000,0
66	-12.75	25.25	28	14000,0
66	-12.75	25.75	28	14000,0
66	-7.25	31.25	28	14000,0
66	-6.25	31.25	28	14000,0
66	-5.75	31.75	28	14000,0
66	-5.75	32.75	28	14000,0
66	-4.75	33.75	28	14000,0
66	-3.75	33.75	28	14000,0
66	-3.25	34.25	28	14000,0
66	-3.25	35.25	28	14000,0
66	4.75	43.25	28	14000,0
66	5.25	43.25	28	14000,0
66	5.25	40.75	28	14000,0
66	-5.25	30.25	28	14000,0
66	-7.25	30.25	28	14000,0
66	-12.25	25.25	28	14000,0
66	-12.75	25.25	28	14000,0
66	-44.75	43.25	28	14050,0
66	-44.75	43.75	28	14050,0
66	-40.75	47.75	28	14050,0
66	-40.25	47.75	28	14050,0
66	-39.25	46.75	28	14050,0
66	-39.25	46.25	28	14050,0
66	-44.25	41.25	28	14050,0
66	-44.75	41.25	28	14050,0
66	-44.75	43.25	28	14050,0
67	-2.25	31.75	28	14000,0
67	-2.25	32.25	28	14000,0
67	3.75	38.25	28	14000,0
67	4.25	38.25	28	14000,0
67	4.25	37.75	28	14000,0
67	1.75	35.25	28	14000,0
67	1.75	34.25	28	14000,0
67	0.75	34.25	28	14000,0
67	-1.75	31.75	28	14000,0
67	-2.25	31.75	28	14000,0
120	-26.25	11.75	50	14050,50
120	-26.25	12.25	50	14050,50
120	-25.25	12.25	50	14050,50
120	-24.75	12.75	50	14050,50
120	-23.25	12.75	50	14050,50
120	-23.25	12.25	50	14050,50
120	-25.25	10.25	50	14050,50
120	-25.75	10.25	50	14050,50
120	-25.75	11.25	50	14050,50
120	-26.25	11.75	50	14050,50
121	-20.75	16.25	50	14050,50
121	-20.75	16.75	50	14050,50
121	-18.25	19.25	50	14050,50
121	-17.75	19.25	50	14050,50
121	-17.25	18.75	50	14050,50
121	-17.25	18.25	50	14050,50
121	-20.25	15.25	50	14050,50
121	-20.75	15.25	50	14050,50
121	-20.75	16.25	50	14050,50
122	-27.75	6.25	50	14050,50
122	-27.75	6.75	50	14050,50
122	-26.75	7.75	50	14050,50
122	-25.75	7.75	50	14050,50
122	-24.75	8.75	50	14050,50
122	-24.75	9.75	50	14050,50
122	-22.75	11.75	50	14050,50
122	-21.75	11.75	50	14050,50
122	-20.75	12.75	50	14050,50
122	-20.75	13.75	50	14050,50
122	-16.75	17.75	50	14050,50
122	-15.75	17.75	50	14050,50
122	-15.25	18.25	50	14050,50
122	-14.75	18.25	50	14050,50
122	-13.25	16.75	50	14050,50
122	-12.25	16.75	50	14050,50
122	-12.25	15.75	50	14050,50
122	-11.75	15.25	50	14050,50
122	-11.75	14.25	50	14050,50
122	-10.75	14.25	50	14050,50
122	-10.25	13.75	50	14050,50
122	-10.25	11.75	50	14050,50
122	-8.25	9.75	50	14050,50
122	-8.25	9.25	50	14050,50
122	-9.75	7.75	50	14050,50
122	-10.25	7.75	50	14050,50
122	-10.75	8.25	50	14050,50
122	-10.75	8.75	50	14050,50
122	-9.75	9.75	50	14050,50
122	-9.75	10.25	50	14050,50
122	-10.25	10.75	50	14050,50
122	-11.25	10.75	50	14050,50
122	-11.25	11.75	50	14050,50
122	-11.75	11.75	50	14050,50
122	-12.25	11.25	50	14050,50
122	-12.25	10.75	50	14050,50
122	-11.75	10.25	50	14050,50
122	-11.75	9.75	50	14050,50
122	-12.25	9.25	50	14050,50
122	-13.25	9.25	50	14050,50
122	-13.25	7.75	50	14050,50
122	-12.25	7.75	50	14050,50
122	-12.25	7.25	50	14050,50
122	-12.75	6.75	50	14050,50
122	-12.75	6.25	50	14050,50
122	-12.25	5.75	50	14050,50
122	-12.25	4.25	50	14050,50
122	-12.75	3.75	50	14050,50
122	-13.75	3.75	50	14050,50
122	-14.25	3.25	50	14050,50
122	-16.25	3.25	50	14050,50
122	-16.25	2.75	50	14050,50
122	-15.25	1.75	50	14050,50
122	-15.25	1.25	50	14050,50
122	-15.75	1.25	50	14050,50
122	-17.25	2.75	50	14050,50
122	-17.75	2.75	50	14050,50
122	-18.25	2.25	50	14050,50
122	-18.75	2.25	50	14050,50
122	-18.75	2.75	50	14050,50
122	-18.25	3.25	50	14050,50
122	-18.25	3.75	50	14050,50
122	-18.75	4.25	50	14050,50
122	-19.25	4.25	50	14050,50
122	-19.75	3.75	50	14050,50
122	-19.75	2.75	50	14050,50
122	-20.25	2.25	50	14050,50
122	-20.25	1.25	50	14050,50
122	-20.75	1.25	50	14050,50
122	-21.25	1.75	50	14050,50
122	-21.75	1.75	50	14050,50
122	-23.25	0.25	50	14050,50
122	-23.75	0.25	50	14050,50
122	-24.25	0.75	50	14050,50
122	-24.25	1.25	50	14050,50
122	-23.25	2.25	50	14050,50
122	-23.25	2.75	50	14050,50
122	-24.25	3.75	50	14050,50
122	-24.75	3.75	50	14050,50
122	-25.25	3.25	50	14050,50
122	-25.25	1.25	50	14050,50
122	-26.75	1.25	50	14050,50
122	-26.75	2.25	50	14050,50
122	-28.25	3.75	50	14050,50
122	-28.25	4.25	50	14050,50
122	-27.75	4.75	50	14050,50
122	-27.75	6.25	50	14050,50
284	-22.25	15.75	60	14050,50
284	-22.25	16.25	60	14050,50
284	-18.25	20.25	60	14050,50
284	-17.75	20.25	60	14050,50
284	-16.75	19.25	60	14050,50
284	-16.75	18.75	60	14050,50
284	-17.25	18.75	60	14050,50
284	-17.75	19.25	60	14050,50
284	-18.25	19.25	60	14050,50
284	-20.75	16.75	60	14050,50
284	-20.75	14.75	60	14050,50
284	-21.25	14.75	60	14050,50
284	-22.25	15.75	60	14050,50
284	2.75	48.75	60	14050,0
284	2.75	49.25	60	14050,0
284	4.25	49.25	60	14050,0
284	4.75	48.75	60	14050,0
284	4.75	47.25	60	14050,0
284	3.75	47.25	60	14050,0
284	3.25	46.75	60	14050,0
284	2.75	46.75	60	14050,0
284	2.75	47.25	60	14050,0
284	3.25	47.75	60	14050,0
284	3.25	48.25	60	14050,0
284	2.75	48.75	60	14050,0
284	-45.25	48.75	60	14100,0
284	-45.25	49.25	60	14100,0
284	-43.75	49.25	60	14100,0
284	-43.25	48.75	60	14100,0
284	-42.25	48.75	60	14100,0
284	-41.75	48.25	60	14100,0
284	-41.75	47.25	60	14100,0
284	-39.75	45.25	60	14100,0
284	-38.75	45.25	60	14100,0
284	-38.75	44.25	60	14100,0
284	-35.75	41.25	60	14100,0
284	-34.25	41.25	60	14100,0
284	-33.25	42.25	60	14100,0
284	-32.25	42.25	60	14100,0
284	-32.25	43.25	60	14100,0
284	-31.75	43.25	60	14100,0
284	-30.25	41.75	60	14100,0
284	-30.25	40.75	60	14100,0
284	-29.25	40.75	60	14100,0
284	-20.25	31.75	60	14100,0
284	-20.25	30.75	60	14100,0
284	-19.25	29.75	60	14100,0
284	-18.25	29.75	60	14100,0
284	-17.25	28.75	60	14100,0
284	-17.25	28.25	60	14100,0
284	-18.25	28.25	60	14100,0
284	-19.25	27.25	60	14100,0
284	-19.75	27.25	60	14100,0
284	-20.25	27.75	60	14100,0
284	-20.75	27.75	60	14100,0
284	-21.25	27.25	60	14100,0
284	-21.75	27.25	60	14100,0
284	-24.25	29.75	60	14100,0
284	-24.25	31.25	60	14100,0
284	-23.25	31.25	60	14100,0
284	-23.25	32.75	60	14100,0
284	-24.75	34.25	60	14100,0
284	-25.25	34.25	60	14100,0
284	-25.75	33.75	60	14100,0
284	-26.75	33.75	60	14100,0
284	-27.75	32.75	60	14100,0
284	-29.25	32.75	60	14100,0
284	-29.75	33.25	60	14100,0
284	-30.75	33.25	60	14100,0
284	-32.25	34.75	60	14100,0
284	-32.25	36.75	60	14100,0
284	-32.75	36.75	60	14100,0
284	-33.25	36.25	60	14100,0
284	-33.75	36.25	60	14100,0
284	-33.75	38.75	60	14100,0
284	-32.25	40.25	60	14100,0
284	-32.25	40.75	60	14100,0
284	-32.75	40.75	60	14100,0
284	-34.25	39.25	60	14100,0
284	-34.75	39.25	60	14100,0
284	-35.25	39.75	60	14100,0
284	-37.25	39.75	60	14100,0
284	-38.25	40.75	60	14100,0
284	-39.25	40.75	60	14100,0
284	-45.25	46.75	60	14100,0
284	-45.25	48.75	60	14100,0
284	-44.75	-0.75	60	14100,50
284	-44.75	-0.25	60	14100,50
284	-44.25	-0.25	60	14100,50
284	-44.25	-0.75	60	14100,50
284	-44.75	-0.75	60	14100,50
285	-16.25	17.75	60	14050,50
285	-16.25	18.25	60	14050,50
285	-15.25	19.25	60	14050,50
285	-14.75	19.25	60	14050,50
285	-14.25	18.75	60	14050,50
285	-12.75	18.75	60	14050,50
285	-12.25	19.25	60	14050,50
285	-11.75	19.25	60	14050,50
285	-11.75	18.25	60	14050,50
285	-11.25	18.25	60	14050,50
285	-10.75	18.75	60	14050,50
285	-10.75	19.75	60	14050,50
285	-9.25	19.75	60	14050,50
285	-8.75	19.25	60	14050,50
285	-8.75	17.75	60	14050,50
285	-9.75	17.75	60	14050,50
285	-9.75	16.25	60	14050,50
285	-9.25	16.25	60	14050,50
285	-8.25	17.25	60	14050,50
285	-7.75	17.25	60	14050,50
285	-7.75	15.75	60	14050,50
285	-8.75	15.75	60	14050,50
285	-8.75	14.75	60	14050,50
285	-9.25	14.25	60	14050,50
285	-9.25	13.75	60	14050,50
285	-7.75	12.25	60	14050,50
285	-6.75	12.25	60	14050,50
285	-6.25	11.75	60	14050,50
285	-4.75	11.75	60	14050,50
285	-2.75	13.75	60	14050,50
285	-2.25	13.75	60	14050,50
285	-2.25	12.75	60	14050,50
285	-1.25	12.75	60	14050,50
285	-1.25	11.25	60	14050,50
285	-2.25	11.25	60	14050,50
285	-2.25	10.25	60	14050,50
285	-2.75	9.75	60	14050,50
285	-2.75	9.25	60	14050,50
285	-2.25	8.75	60	14050,50
285	-1.25	8.75	60	14050,50
285	-0.75	8.25	60	14050,50
285	-0.75	7.75	60	14050,50
285	-1.25	7.25	60	14050,50
285	-1.25	6.75	60	14050,50
285	0.25	5.25	60	14050,50
285	1.25	5.25	60	14050,50
285	1.25	4.25	60	14050,50
285	1.75	3.75	60	14050,50
285	1.75	2.75	60	14050,50
285	2.75	2.75	60	14050,50
285	3.25	2.25	60	14050,50
285	4.25	2.25	60	14050,50
285	4.25	1.25	60	14050,50
285	4.75	0.75	60	14050,50
285	4.75	-0.75	60	14050,50
285	3.25	-0.75	60	14050,50
285	2.75	-0.25	60	14050,50
285	2.75	0.75	60	14050,50
285	1.75	0.75	60	14050,50
285	1.25	1.25	60	14050,50
285	0.25	1.25	60	14050,50
285	-0.25	1.75	60	14050,50
285	-0.25	2.75	60	14050,50
285	-2.25	4.75	60	14050,50
285	-2.25	5.75	60	14050,50
285	-3.25	5.75	60	14050,50
285	-4.75	7.25	60	14050,50
285	-4.75	10.25	60	14050,50
285	-5.25	10.75	60	14050,50
285	-5.75	10.75	60	14050,50
285	-6.75	9.75	60	14050,50
285	-8.25	9.75	60	14050,50
285	-10.25	11.75	60	14050,50
285	-10.25	13.75	60	14050,50
285	-10.75	14.25	60	14050,50
285	-11.75	14.25	60	14050,50
285	-11.75	15.25	60	14050,50
285	-12.25	15.75	60	14050,50
285	-12.25	16.75	60	14050,50
285	-13.25	16.75	60	14050,50
285	-14.75	18.25	60	14050,50
285	-15.25	18.25	60	14050,50
285	-15.75	17.75	60	14050,50
285	-16.25	17.75	60	14050,50
285	-43.75	-0.25	60	14100,50
285	-43.75	-0.75	60	14100,50
285	-43.25	-0.75	60	14100,50
285	-43.25	-0.25	60	14100,50
285	-43.75	-0.25	60	14100,50
114	-14.75	22.25	48	14050,50
114	-14.75	22.75	48	14050,50
114	-13.75	23.75	48	14050,50
114	-13.25	23.75	48	14050,50
114	-12.75	23.25	48	14050,50
114	-12.75	22.75	48	14050,50
114	-13.25	22.25	48	14050,50
114	-14.75	22.25	48	14050,50
115	-14.75	19.25	48	14050,50
115	-14.75	19.75	48	14050,50
115	-12.25	22.25	48	14050,50
115	-10.75	22.25	48	14050,50
115	-10.25	21.75	48	14050,50
115	-10.25	20.75	48	14050,50
115	-9.25	20.75	48	14050,50
115	-6.75	18.25	48	14050,50
115	-6.75	16.25	48	14050,50
115	-5.75	16.25	48	14050,50
115	-4.25	14.75	48	14050,50
115	-3.25	14.75	48	14050,50
115	-3.25	14.25	48	14050,50
115	-5.75	11.75	48	14050,50
115	-6.25	11.75	48	14050,50
115	-6.75	12.25	48	14050,50
115	-7.75	12.25	48	14050,50
115	-9.25	13.75	48	14050,50
115	-9.25	14.25	48	14050,50
115	-8.75	14.75	48	14050,50
115	-8.75	15.75	48	14050,50
115	-7.75	15.75	48	14050,50
115	-7.75	17.25	48	14050,50
115	-8.25	17.25	48	14050,50
115	-9.25	16.25	48	14050,50
115	-9.75	16.25	48	14050,50
115	-9.75	17.75	48	14050,50
115	-8.75	17.75	48	14050,50
115	-8.75	19.25	48	14050,50
115	-9.25	19.75	48	14050,50
115	-10.75	19.75	48	14050,50
115	-10.75	18.75	48	14050,50
115	-11.25	18.25	48	14050,50
115	-11.75	18.25	48	14050,50
115	-11.75	19.25	48	14050,50
115	-12.25	19.25	48	14050,50
115	-12.75	18.75	48	14050,50
115	-14.25	18.75	48	14050,50
115	-14.75	19.25	48	14050,50
60	-4.25	32.75	24	14050,50
60	-4.25	33.25	24	14050,50
60	-3.75	33.75	24	14050,50
60	-3.25	33.75	24	14050,50
60	-2.75	33.25	24	14050,50
60	-2.75	32.75	24	14050,50
60	-3.75	31.75	24	14050,50
60	-4.25	31.75	24	14050,50
60	-4.25	32.75	24	14050,50
60	-45.25	24.75	24	14100,50
60	-45.25	25.25	24	14100,50
60	-44.75	25.25	24	14100,50
60	-42.25	22.75	24	14100,50
60	-42.25	21.25	24	14100,50
60	-42.75	20.75	24	14100,50
60	-43.75	20.75	24	14100,50
60	-44.25	20.25	24	14100,50
60	-44.25	19.25	24	14100,50
60	-44.75	19.25	24	14100,50
60	-45.25	19.75	24	14100,50
60	-45.25	24.75	24	14100,50
61	-7.75	26.25	24	14050,50
61	-7.75	26.75	24	14050,50
61	-7.25	27.25	24	14050,50
61	-6.75	27.25	24	14050,50
61	-6.25	26.75	24	14050,50
61	-5.75	26.75	24	14050,50
61	-5.75	27.75	24	14050,50
61	-5.25	28.25	24	14050,50
61	-5.25	29.25	24	14050,50
61	-4.25	29.25	24	14050,50
61	-4.25	30.25	24	14050,50
61	-2.25	32.25	24	14050,50
61	-1.75	32.25	24	14050,50
61	4.75	25.75	24	14050,50
61	4.75	18.25	24	14050,50
61	4.25	17.75	24	14050,50
61	3.75	17.75	24	14050,50
61	3.25	18.25	24	14050,50
61	2.75	18.25	24	14050,50
61	2.25	17.75	24	14050,50
61	2.25	16.75	24	14050,50
61	0.75	16.75	24	14050,50
61	0.25	17.25	24	14050,50
61	0.25	18.25	24	14050,50
61	-0.25	18.75	24	14050,50
61	-0.25	19.25	24	14050,50
61	0.25	19.75	24	14050,50
61	0.75	19.75	24	14050,50
61	1.75	18.75	24	14050,50
61	2.25	18.75	24	14050,50
61	2.25	19.25	24	14050,50
61	1.75	19.75	24	14050,50
61	1.75	20.75	24	14050,50
61	-1.75	20.75	24	14050,50
61	-2.25	20.25	24	14050,50
61	-3.25	20.25	24	14050,50
61	-3.25	19.75	24	14050,50
61	-1.75	18.25	24	14050,50
61	-1.75	17.75	24	14050,50
61	-2.25	17.75	24	14050,50
61	-2.75	18.25	24	14050,50
61	-3.75	18.25	24	14050,50
61	-5.75	20.25	24	14050,50
61	-5.75	20.75	24	14050,50
61	-5.25	21.25	24	14050,50
61	-3.25	21.25	24	14050,50
61	-2.25	22.25	24	14050,50
61	-2.25	23.75	24	14050,50
61	-2.75	24.25	24	14050,50
61	-3.25	24.25	24	14050,50
61	-3.25	23.25	24	14050,50
61	-3.75	22.75	24	14050,50
61	-4.25	22.75	24	14050,50
61	-5.25	23.75	24	14050,50
61	-5.25	24.75	24	14050,50
61	-5.75	24.75	24	14050,50
61	-6.25	24.25	24	14050,50
61	-6.75	24.25	24	14050,50
61	-6.75	25.25	24	14050,50
61	-7.25	25.25	24	14050,50
61	-7.75	24.75	24	14050,50
61	-7.75	24.25	24	14050,50
61	-6.75	23.25	24	14050,50
61	-6.75	22.75	24	14050,50
61	-7.25	22.25	24	14050,50
61	-7.75	22.25	24	14050,50
61	-9.25	23.75	24	14050,50
61	-9.25	24.25	24	14050,50
61	-7.75	25.75	24	14050,50
61	-7.75	26.25	24	14050,50
117	-34.75	1.25	5	14050,50
117	-34.75	1.75	5	14050,50
117	-34.25	2.25	5	14050,50
117	-33.75	2.25	5	14050,50
117	-33.75	1.75	5	14050,50
117	-34.25	1.25	5	14050,50
117	-34.75	1.25	5	14050,50
117	-35.75	48.25	5	14050,0
117	-35.75	48.75	5	14050,0
117	-35.25	49.25	5	14050,0
117	-34.75	49.25	5	14050,0
117	-34.75	48.75	5	14050,0
117	-35.25	48.25	5	14050,0
117	-35.75	48.25	5	14050,0
118	-31.25	4.75	5	14050,50
118	-31.25	5.25	5	14050,50
118	-30.75	5.75	5	14050,50
118	-30.25	5.75	5	14050,50
118	-30.25	5.25	5	14050,50
118	-30.75	4.75	5	14050,50
118	-31.25	4.75	5	14050,50
118	-30.25	48.75	5	14050,0
118	-30.25	49.25	5	14050,0
118	-17.75	49.25	5	14050,0
118	-17.75	48.75	5	14050,0
118	-19.75	46.75	5	14050,0
118	-19.75	46.25	5	14050,0
118	-18.75	45.25	5	14050,0
118	-18.25	45.25	5	14050,0
118	-17.75	45.75	5	14050,0
118	-17.25	45.75	5	14050,0
118	-15.75	44.25	5	14050,0
118	-15.25	44.25	5	14050,0
118	-15.25	45.75	5	14050,0
118	-15.75	46.25	5	14050,0
118	-15.75	47.75	5	14050,0
118	-14.75	48.75	5	14050,0
118	-14.25	48.75	5	14050,0
118	-9.75	44.25	5	14050,0
118	-8.75	44.25	5	14050,0
118	-7.75	43.25	5	14050,0
118	-7.75	40.75	5	14050,0
118	-8.25	40.75	5	14050,0
118	-8.75	41.25	5	14050,0
118	-9.25	41.25	5	14050,0
118	-9.25	40.25	5	14050,0
118	-9.75	40.25	5	14050,0
118	-10.75	41.25	5	14050,0
118	-11.25	41.25	5	14050,0
118	-11.75	40.75	5	14050,0
118	-11.75	40.25	5	14050,0
118	-7.25	35.75	5	14050,0
118	-6.25	35.75	5	14050,0
118	-6.25	34.75	5	14050,0
118	-2.75	31.25	5	14050,0
118	-2.75	30.25	5	14050,0
118	-1.75	30.25	5	14050,0
118	-0.25	28.75	5	14050,0
118	-0.25	28.25	5	14050,0
118	-0.75	27.75	5	14050,0
118	-1.75	27.75	5	14050,0
118	-2.25	27.25	5	14050,0
118	-2.25	26.25	5	14050,0
118	-3.75	26.25	5	14050,0
118	-3.75	27.25	5	14050,0
118	-4.75	27.25	5	14050,0
118	-5.25	27.75	5	14050,0
118	-5.75	27.75	5	14050,0
118	-6.25	27.25	5	14050,0
118	-6.25	26.75	5	14050,0
118	-5.25	25.75	5	14050,0
118	-5.25	25.25	5	14050,0
118	-5.75	25.25	5	14050,0
118	-7.25	26.75	5	14050,0
118	-7.25	28.75	5	14050,0
118	-9.25	30.75	5	14050,0
118	-9.75	30.75	5	14050,0
118	-9.75	29.75	5	14050,0
118	-10.25	29.75	5	14050,0
118	-11.75	31.25	5	14050,0
118	-12.25	31.25	5	14050,0
118	-12.25	30.75	5	14050,0
118	-10.25	28.75	5	14050,0
118	-10.25	27.25	5	14050,0
118	-11.25	26.25	5	14050,0
118	-11.75	26.25	5	14050,0
118	-12.25	26.75	5	14050,0
118	-12.75	26.75	5	14050,0
118	-12.75	25.25	5	14050,0
118	-11.75	24.25	5	14050,0
118	-11.75	23.75	5	14050,0
118	-12.25	23.25	5	14050,0
118	-12.25	22.75	5	14050,0
118	-11.25	21.75	5	14050,0
118	-11.25	20.25	5	14050,0
118	-11.75	20.25	5	14050,0
118	-12.25	20.75	5	14050,0
118	-12.25	21.75	5	14050,0
118	-14.25	21.75	5	14050,0
118	-17.25	24.75	5	14050,0
118	-17.25	25.25	5	14050,0
118	-16.75	25.75	5	14050,0
118	-16.75	26.25	5	14050,0
118	-18.75	26.25	5	14050,0
118	-19.25	26.75	5	14050,0
118	-19.25	27.75	5	14050,0
118	-21.75	30.25	5	14050,0
118	-22.75	30.25	5	14050,0
118	-24.75	32.25	5	14050,0
118	-24.75	33.25	5	14050,0
118	-25.75	34.25	5	14050,0
118	-25.75	35.75	5	14050,0
118	-25.25	35.75	5	14050,0
118	-24.75	35.25	5	14050,0
118	-24.25	35.25	5	14050,0
118	-24.25	35.75	5	14050,0
118	-24.75	36.25	5	14050,0
118	-24.75	36.75	5	14050,0
118	-24.25	36.75	5	14050,0
118	-23.75	36.25	5	14050,0
118	-22.75	36.25	5	14050,0
118	-22.75	35.25	5	14050,0
118	-19.75	32.25	5	14050,0
118	-18.75	32.25	5	14050,0
118	-17.75	31.25	5	14050,0
118	-17.25	31.25	5	14050,0
118	-17.25	31.75	5	14050,0
118	-18.25	32.75	5	14050,0
118	-18.25	33.25	5	14050,0
118	-17.25	33.25	5	14050,0
118	-17.25	34.25	5	14050,0
118	-15.75	34.25	5	14050,0
118	-13.25	31.75	5	14050,0
118	-12.75	31.75	5	14050,0
118	-12.75	32.25	5	14050,0
118	-16.25	35.75	5	14050,0
118	-16.25	36.25	5	14050,0
118	-15.25	36.25	5	14050,0
118	-15.25	37.75	5	14050,0
118	-16.75	37.75	5	14050,0
118	-17.25	37.25	5	14050,0
118	-17.75	37.25	5	14050,0
118	-17.75	37.75	5	14050,0
118	-17.25	38.25	5	14050,0
118	-17.25	39.75	5	14050,0
118	-18.75	39.75	5	14050,0
118	-18.75	38.75	5	14050,0
118	-19.25	38.75	5	14050,0
118	-19.75	39.25	5	14050,0
118	-19.75	40.25	5	14050,0
118	-20.75	40.25	5	14050,0
118	-22.25	41.75	5	14050,0
118	-22.75	41.75	5	14050,0
118	-22.75	41.25	5	14050,0
118	-18.75	37.25	5	14050,0
118	-18.75	36.75	5	14050,0
118	-19.25	36.75	5	14050,0
118	-20.25	37.75	5	14050,0
118	-20.75	37.75	5	14050,0
118	-21.25	37.25	5	14050,0
118	-21.75	37.25	5	14050,0
118	-23.25	38.75	5	14050,0
118	-24.25	38.75	5	14050,0
118	-24.25	40.25	5	14050,0
118	-23.25	40.25	5	14050,0
118	-23.25	40.75	5	14050,0
118	-24.25	41.75	5	14050,0
118	-24.75	41.75	5	14050,0
118	-26.75	39.75	5	14050,0
118	-28.25	39.75	5	14050,0
118	-28.75	40.25	5	14050,0
118	-29.25	40.25	5	14050,0
118	-29.25	39.25	5	14050,0
118	-29.75	39.25	5	14050,0
118	-30.25	39.75	5	14050,0
118	-30.25	40.25	5	14050,0
118	-29.75	40.75	5	14050,0
118	-29.75	41.25	5	14050,0
118	-30.25	41.75	5	14050,0
118	-30.25	43.75	5	14050,0
118	-31.25	43.75	5	14050,0
118	-32.25	44.75	5	14050,0
118	-32.25	45.25	5	14050,0
118	-31.25	46.25	5	14050,0
118	-31.25	47.25	5	14050,0
118	-30.75	47.25	5	14050,0
118	-29.75	46.25	5	14050,0
118	-29.75	45.75	5	14050,0
118	-30.25	45.25	5	14050,0
118	-30.25	44.75	5	14050,0
118	-29.75	44.75	5	14050,0
118	-28.25	46.25	5	14050,0
118	-28.25	46.75	5	14050,0
118	-30.25	48.75	5	14050,0
119	-34.75	-0.75	5	14050,50
119	-34.75	-0.25	5	14050,50
119	-28.25	6.25	5	14050,50
119	-27.75	6.25	5	14050,50
119	-27.75	4.75	5	14050,50
119	-28.25	4.25	5	14050,50
119	-28.25	3.75	5	14050,50
119	-26.75	2.25	5	14050,50
119	-26.75	1.25	5	14050,50
119	-25.25	1.25	5	14050,50
119	-25.25	3.25	5	14050,50
119	-24.75	3.75	5	14050,50
119	-24.25	3.75	5	14050,50
119	-23.25	2.75	5	14050,50
119	-23.25	2.25	5	14050,50
119	-24.25	1.25	5	14050,50
119	-24.25	0.75	5	14050,50
119	-23.75	0.25	5	14050,50
119	-23.25	0.25	5	14050,50
119	-21.75	1.75	5	14050,50
119	-21.25	1.75	5	14050,50
119	-20.75	1.25	5	14050,50
119	-20.25	1.25	5	14050,50
119	-20.25	2.25	5	14050,50
119	-19.75	2.75	5	14050,50
119	-19.75	3.75	5	14050,50
119	-19.25	4.25	5	14050,50
119	-18.75	4.25	5	14050,50
119	-18.25	3.75	5	14050,50
119	-18.25	3.25	5	14050,50
119	-18.75	2.75	5	14050,50
119	-18.75	2.25	5	14050,50
119	-18.25	2.25	5	14050,50
119	-17.75	2.75	5	14050,50
119	-17.25	2.75	5	14050,50
119	-16.75	2.25	5	14050,50
119	-16.75	1.25	5	14050,50
119	-16.25	0.75	5	14050,50
119	-16.25	0.25	5	14050,50
119	-17.25	-0.75	5	14050,50
119	-30.75	-0.75	5	14050,50
119	-32.25	0.75	5	14050,50
119	-32.75	0.75	5	14050,50
119	-34.25	-0.75	5	14050,50
119	-34.75	-0.75	5	14050,50
102	-34.25	-0.25	40	14000,0
102	-34.25	0.25	40	14000,0
102	-33.75	0.75	40	14000,0
102	-31.75	0.75	40	14000,0
102	-29.25	3.25	40	14000,0
102	-28.75	3.25	40	14000,0
102	-25.75	0.25	40	14000,0
102	-25.75	-0.25	40	14000,0
102	-34.25	-0.25	40	14000,0
24	-33.25	0.75	14	14000,0
24	-33.25	1.25	14	14000,0
24	-25.75	8.75	14	14000,0
24	-25.25	8.75	14	14000,0
24	-24.75	8.25	14	14000,0
24	-24.25	8.25	14	14000,0
24	-23.25	9.25	14	14000,0
24	-22.75	9.25	14	14000,0
24	-22.75	7.25	14	14000,0
24	-22.25	6.75	14	14000,0
24	-21.25	6.75	14	14000,0
24	-20.75	6.25	14	14000,0
24	-19.75	6.25	14	14000,0
24	-19.25	5.75	14	14000,0
24	-18.25	5.75	14	14000,0
24	-17.75	5.25	14	14000,0
24	-16.75	5.25	14	14000,0
24	-16.25	4.75	14	14000,0
24	-14.25	4.75	14	14000,0
24	-11.75	2.25	14	14000,0
24	-11.75	1.75	14	14000,0
24	-12.25	1.75	14	14000,0
24	-12.75	2.25	14	14000,0
24	-13.75	2.25	14	14000,0
24	-14.25	2.75	14	14000,0
24	-15.25	2.75	14	14000,0
24	-16.25	3.75	14	14000,0
24	-18.25	3.75	14	14000,0
24	-19.75	5.25	14	14000,0
24	-20.25	5.25	14	14000,0
24	-23.75	1.75	14	14000,0
24	-25.25	1.75	14	14000,0
24	-27.75	4.25	14	14000,0
24	-28.25	4.25	14	14000,0
24	-31.75	0.75	14	14000,0
24	-33.25	0.75	14	14000,0
98	-25.25	8.75	38	14000,0
98	-25.25	9.25	38	14000,0
98	-22.25	12.25	38	14000,0
98	-21.75	12.25	38	14000,0
98	-14.75	5.25	38	14000,0
98	-14.75	4.75	38	14000,0
98	-16.25	4.75	38	14000,0
98	-16.75	5.25	38	14000,0
98	-17.75	5.25	38	14000,0
98	-18.25	5.75	38	14000,0
98	-19.25	5.75	38	14000,0
98	-19.75	6.25	38	14000,0
98	-20.75	6.25	38	14000,0
98	-21.25	6.75	38	14000,0
98	-22.25	6.75	38	14000,0
98	-22.75	7.25	38	14000,0
98	-22.75	9.25	38	14000,0
98	-23.25	9.25	38	14000,0
98	-24.25	8.25	38	14000,0
98	-24.75	8.25	38	14000,0
98	-25.25	8.75	38	14000,0
62	-21.75	12.25	25	14000,0
62	-21.75	12.75	25	14000,0
62	-5.25	29.25	25	14000,0
62	-3.25	29.25	25	14000,0
62	-2.75	29.75	25	14000,0
62	-2.25	29.75	25	14000,0
62	-2.25	29.25	25	14000,0
62	-2.75	28.75	25	14000,0
62	-2.75	28.25	25	14000,0
62	-1.75	27.25	25	14000,0
62	-1.25	27.25	25	14000,0
62	-1.25	28.25	25	14000,0
62	-0.75	28.25	25	14000,0
62	-0.25	27.75	25	14000,0
62	0.75	27.75	25	14000,0
62	0.75	26.75	25	14000,0
62	1.25	26.25	25	14000,0
62	1.75	26.25	25	14000,0
62	2.25	26.75	25	14000,0
62	2.75	26.75	25	14000,0
62	2.75	25.75	25	14000,0
62	5.25	23.25	25	14000,0
62	5.25	22.75	25	14000,0
62	4.75	22.25	25	14000,0
62	4.75	21.25	25	14000,0
62	4.25	20.75	25	14000,0
62	3.75	20.75	25	14000,0
62	3.25	21.25	25	14000,0
62	2.75	21.25	25	14000,0
62	1.75	20.25	25	14000,0
62	0.75	20.25	25	14000,0
62	0.25	19.75	25	14000,0
62	0.25	19.25	25	14000,0
62	0.75	18.75	25	14000,0
62	0.75	17.75	25	14000,0
62	1.25	17.75	25	14000,0
62	1.75	18.25	25	14000,0
62	2.25	18.25	25	14000,0
62	2.25	17.75	25	14000,0
62	-0.25	15.25	25	14000,0
62	-0.25	14.25	25	14000,0
62	-0.75	13.75	25	14000,0
62	-1.25	13.75	25	14000,0
62	-1.75	14.25	25	14000,0
62	-1.75	14.75	25	14000,0
62	-0.75	15.75	25	14000,0
62	-0.75	16.25	25	14000,0
62	-1.25	16.75	25	14000,0
62	-2.75	16.75	25	14000,0
62	-3.25	16.25	25	14000,0
62	-5.25	16.25	25	14000,0
62	-5.75	15.75	25	14000,0
62	-5.75	13.75	25	14000,0
62	-6.25	13.25	25	14000,0
62	-7.75	13.25	25	14000,0
62	-8.25	13.75	25	14000,0
62	-8.75	13.75	25	14000,0
62	-8.75	13.25	25	14000,0
62	-8.25	12.75	25	14000,0
62	-8.25	12.25	25	14000,0
62	-9.25	12.25	25	14000,0
62	-10.25	11.25	25	14000,0
62	-10.75	11.25	25	14000,0
62	-10.75	11.75	25	14000,0
62	-10.25	12.25	25	14000,0
62	-10.25	12.75	25	14000,0
62	-10.75	12.75	25	14000,0
62	-12.25	11.25	25	14000,0
62	-12.25	10.75	25	14000,0
62	-11.25	10.75	25	14000,0
62	-11.25	10.25	25	14000,0
62	-11.75	9.75	25	14000,0
62	-12.25	9.75	25	14000,0
62	-12.75	10.25	25	14000,0
62	-14.25	10.25	25	14000,0
62	-16.25	8.25	25	14000,0
62	-16.75	8.25	25	14000,0
62	-17.75	9.25	25	14000,0
62	-18.75	9.25	25	14000,0
62	-21.75	12.25	25	14000,0
8	-4.75	29.25	103	14000,0
8	-4.75	29.75	103	14000,0
8	-2.75	31.75	103	14000,0
8	-1.75	31.75	103	14000,0
8	0.75	34.25	103	14000,0
8	1.75	34.25	103	14000,0
8	1.75	35.25	103	14000,0
8	4.25	37.75	103	14000,0
8	4.25	38.75	103	14000,0
8	4.75	39.25	103	14000,0
8	5.25	39.25	103	14000,0
8	5.25	37.75	103	14000,0
8	4.25	36.75	103	14000,0
8	4.25	36.25	103	14000,0
8	5.25	35.25	103	14000,0
8	5.25	30.75	103	14000,0
8	4.75	30.25	103	14000,0
8	4.75	28.25	103	14000,0
8	3.25	26.75	103	14000,0
8	2.25	26.75	103	14000,0
8	1.75	26.25	103	14000,0
8	1.25	26.25	103	14000,0
8	0.75	26.75	103	14000,0
8	0.75	27.75	103	14000,0
8	-0.25	27.75	103	14000,0
8	-0.75	28.25	103	14000,0
8	-1.25	28.25	103	14000,0
8	-1.25	27.25	103	14000,0
8	-1.75	27.25	103	14000,0
8	-2.75	28.25	103	14000,0
8	-2.75	28.75	103	14000,0
8	-2.25	29.25	103	14000,0
8	-2.25	29.75	103	14000,0
8	-2.75	29.75	103	14000,0
8	-3.25	29.25	103	14000,0
8	-4.75	29.25	103	14000,0
8	-44.75	39.25	103	14050,0
8	-44.75	39.75	103	14050,0
8	-43.75	40.75	103	14050,0
8	-43.25	40.75	103	14050,0
8	-43.25	40.25	103	14050,0
8	-44.25	39.25	103	14050,0
8	-44.75	39.25	103	14050,0
9	-44.75	35.25	103	14050,0
9	-44.75	35.75	103	14050,0
9	-44.25	35.75	103	14050,0
9	-43.75	35.25	103	14050,0
9	-43.75	34.25	103	14050,0
9	-43.25	33.75	103	14050,0
9	-42.25	33.75	103	14050,0
9	-42.25	33.25	103	14050,0
9	-44.25	31.25	103	14050,0
9	-44.25	30.25	103	14050,0
9	-44.75	30.25	103	14050,0
9	-44.75	35.25	103	14050,0
6	-43.25	40.75	102	14050,0
6	-43.25	41.25	102	14050,0
6	-40.75	43.75	102	14050,0
6	-38.25	43.75	102	14050,0
6	-37.75	43.25	102	14050,0
6	-37.75	41.75	102	14050,0
6	-38.75	41.75	102	14050,0
6	-38.75	41.25	102	14050,0
6	-38.25	40.75	102	14050,0
6	-38.25	40.25	102	14050,0
6	-38.75	40.25	102	14050,0
6	-40.25	41.75	102	14050,0
6	-40.75	41.75	102	14050,0
6	-41.75	40.75	102	14050,0
6	-41.75	38.25	102	14050,0
6	-41.25	37.75	102	14050,0
6	-39.25	37.75	102	14050,0
6	-39.25	36.75	102	14050,0
6	-38.25	36.75	102	14050,0
6	-37.75	36.25	102	14050,0
6	-36.75	36.25	102	14050,0
6	-36.25	35.75	102	14050,0
6	-35.75	35.75	102	14050,0
6	-35.25	36.25	102	14050,0
6	-35.25	36.75	102	14050,0
6	-37.25	38.75	102	14050,0
6	-37.25	39.25	102	14050,0
6	-36.75	39.25	102	14050,0
6	-36.25	38.75	102	14050,0
6	-35.75	38.75	102	14050,0
6	-35.75	39.75	102	14050,0
6	-35.25	40.25	102	14050,0
6	-34.75	40.25	102	14050,0
6	-33.75	39.25	102	14050,0
6	-33.75	37.75	102	14050,0
6	-34.25	37.25	102	14050,0
6	-34.25	36.75	102	14050,0
6	-32.75	35.25	102	14050,0
6	-32.25	35.25	102	14050,0
6	-32.25	35.75	102	14050,0
6	-32.75	36.25	102	14050,0
6	-32.75	36.75	102	14050,0
6	-32.25	36.75	102	14050,0
6	-31.25	35.75	102	14050,0
6	-30.75	35.75	102	14050,0
6	-30.25	36.25	102	14050,0
6	-30.25	37.25	102	14050,0
6	-27.75	37.25	102	14050,0
6	-27.75	35.25	102	14050,0
6	-26.25	33.75	102	14050,0
6	-26.25	33.25	102	14050,0
6	-26.75	33.25	102	14050,0
6	-28.75	35.25	102	14050,0
6	-29.25	35.25	102	14050,0
6	-29.25	33.25	102	14050,0
6	-30.25	32.25	102	14050,0
6	-30.25	31.75	102	14050,0
6	-29.25	30.75	102	14050,0
6	-29.25	29.75	102	14050,0
6	-28.25	29.75	102	14050,0
6	-26.25	27.75	102	14050,0
6	-26.25	27.25	102	14050,0
6	-26.75	26.75	102	14050,0
6	-26.75	26.25	102	14050,0
6	-25.75	26.25	102	14050,0
6	-25.25	25.75	102	14050,0
6	-24.25	25.75	102	14050,0
6	-22.75	24.25	102	14050,0
6	-22.75	23.75	102	14050,0
6	-23.25	23.75	102	14050,0
6	-23.75	24.25	102	14050,0
6	-24.25	24.25	102	14050,0
6	-24.25	23.75	102	14050,0
6	-22.25	21.75	102	14050,0
6	-21.25	21.75	102	14050,0
6	-20.75	21.25	102	14050,0
6	-19.75	21.25	102	14050,0
6	-19.25	20.75	102	14050,0
6	-19.25	20.25	102	14050,0
6	-20.25	20.25	102	14050,0
6	-20.25	18.25	102	14050,0
6	-21.25	17.25	102	14050,0
6	-21.25	15.75	102	14050,0
6	-20.75	15.25	102	14050,0
6	-20.75	14.75	102	14050,0
6	-21.25	14.75	102	14050,0
6	-26.75	20.25	102	14050,0
6	-27.75	20.25	102	14050,0
6	-27.75	21.25	102	14050,0
6	-28.75	22.25	102	14050,0
6	-29.75	22.25	102	14050,0
6	-30.25	22.75	102	14050,0
6	-30.25	23.75	102	14050,0
6	-32.75	26.25	102	14050,0
6	-33.75	26.25	102	14050,0
6	-35.25	27.75	102	14050,0
6	-35.75	27.75	102	14050,0
6	-36.25	27.25	102	14050,0
6	-36.25	26.75	102	14050,0
6	-35.25	25.75	102	14050,0
6	-35.25	24.25	102	14050,0
6	-36.25	23.25	102	14050,0
6	-36.25	21.75	102	14050,0
6	-35.75	21.25	102	14050,0
6	-35.75	20.25	102	14050,0
6	-35.25	19.75	102	14050,0
6	-34.75	19.75	102	14050,0
6	-33.75	20.75	102	14050,0
6	-33.75	21.75	102	14050,0
6	-33.25	21.75	102	14050,0
6	-31.75	20.25	102	14050,0
6	-31.75	19.75	102	14050,0
6	-32.25	19.25	102	14050,0
6	-32.75	19.25	102	14050,0
6	-32.75	20.25	102	14050,0
6	-33.25	20.25	102	14050,0
6	-33.75	19.75	102	14050,0
6	-33.75	19.25	102	14050,0
6	-32.25	17.75	102	14050,0
6	-30.75	17.75	102	14050,0
6	-30.75	18.25	102	14050,0
6	-31.25	18.75	102	14050,0
6	-31.25	19.25	102	14050,0
6	-30.75	19.25	102	14050,0
6	-30.25	18.75	102	14050,0
6	-29.75	18.75	102	14050,0
6	-29.25	19.25	102	14050,0
6	-28.75	19.25	102	14050,0
6	-28.75	18.25	102	14050,0
6	-28.25	17.75	102	14050,0
6	-28.25	17.25	102	14050,0
6	-28.75	16.75	102	14050,0
6	-29.75	16.75	102	14050,0
6	-29.75	15.25	102	14050,0
6	-29.25	14.75	102	14050,0
6	-29.25	13.75	102	14050,0
6	-28.25	12.75	102	14050,0
6	-27.25	12.75	102	14050,0
6	-25.25	10.75	102	14050,0
6	-24.75	10.75	102	14050,0
6	-24.75	11.25	102	14050,0
6	-25.75	12.25	102	14050,0
6	-25.75	13.25	102	14050,0
6	-26.25	13.75	102	14050,0
6	-26.25	14.25	102	14050,0
6	-25.75	14.25	102	14050,0
6	-24.75	13.25	102	14050,0
6	-24.25	13.25	102	14050,0
6	-23.75	13.75	102	14050,0
6	-23.25	13.75	102	14050,0
6	-21.25	11.75	102	14050,0
6	-21.25	11.25	102	14050,0
6	-22.75	9.75	102	14050,0
6	-22.75	9.25	102	14050,0
6	-21.75	8.25	102	14050,0
6	-21.75	7.75	102	14050,0
6	-23.75	7.75	102	14050,0
6	-23.75	6.75	102	14050,0
6	-24.25	6.75	102	14050,0
6	-24.75	7.25	102	14050,0
6	-25.25	7.25	102	14050,0
6	-25.25	6.75	102	14050,0
6	-24.75	6.25	102	14050,0
6	-24.75	5.75	102	14050,0
6	-25.25	5.75	102	14050,0
6	-33.25	13.75	102	14050,0
6	-33.25	14.75	102	14050,0
6	-33.75	14.75	102	14050,0
6	-34.25	14.25	102	14050,0
6	-34.75	14.25	102	14050,0
6	-34.75	15.25	102	14050,0
6	-35.25	15.75	102	14050,0
6	-36.25	15.75	102	14050,0
6	-38.25	17.75	102	14050,0
6	-38.75	17.75	102	14050,0
6	-39.25	17.25	102	14050,0
6	-39.25	16.75	102	14050,0
6	-35.75	13.25	102	14050,0
6	-35.75	12.25	102	14050,0
6	-34.75	12.25	102	14050,0
6	-33.25	10.75	102	14050,0
6	-32.25	10.75	102	14050,0
6	-32.25	9.75	102	14050,0
6	-29.75	7.25	102	14050,0
6	-29.75	5.75	102	14050,0
6	-30.25	5.75	102	14050,0
6	-32.25	7.75	102	14050,0
6	-33.25	7.75	102	14050,0
6	-36.25	10.75	102	14050,0
6	-36.25	11.75	102	14050,0
6	-37.25	11.75	102	14050,0
6	-42.25	16.75	102	14050,0
6	-42.25	18.25	102	14050,0
6	-41.75	18.75	102	14050,0
6	-41.25	18.75	102	14050,0
6	-40.25	17.75	102	14050,0
6	-39.75	17.75	102	14050,0
6	-39.25	18.25	102	14050,0
6	-39.25	18.75	102	14050,0
6	-40.25	18.75	102	14050,0
6	-40.25	19.25	102	14050,0
6	-39.75	19.75	102	14050,0
6	-39.75	20.25	102	14050,0
6	-40.75	20.25	102	14050,0
6	-40.75	21.25	102	14050,0
6	-42.25	22.75	102	14050,0
6	-42.75	22.75	102	14050,0
6	-43.25	22.25	102	14050,0
6	-43.75	22.25	102	14050,0
6	-43.75	22.75	102	14050,0
6	-43.25	23.25	102	14050,0
6	-43.25	23.75	102	14050,0
6	-44.75	25.25	102	14050,0
6	-44.75	29.75	102	14050,0
6	-44.25	30.25	102	14050,0
6	-44.25	31.25	102	14050,0
6	-42.25	33.25	102	14050,0
6	-42.25	33.75	102	14050,0
6	-43.25	33.75	102	14050,0
6	-43.75	34.25	102	14050,0
6	-43.75	35.25	102	14050,0
6	-44.75	36.25	102	14050,0
6	-44.75	38.75	102	14050,0
6	-43.25	40.25	102	14050,0
6	-43.25	40.75	102	14050,0
6	4.25	36.25	102	14000,0
6	4.25	36.75	102	14000,0
6	4.75	37.25	102	14000,0
6	5.25	37.25	102	14000,0
6	5.25	35.75	102	14000,0
6	4.75	35.75	102	14000,0
6	4.25	36.25	102	14000,0
14	-40.25	43.75	108	14050,0
14	-40.25	44.25	108	14050,0
14	-38.75	45.75	108	14050,0
14	-37.25	45.75	108	14050,0
14	-36.25	44.75	108	14050,0
14	-35.75	44.75	108	14050,0
14	-35.75	45.25	108	14050,0
14	-36.25	45.75	108	14050,0
14	-36.25	46.25	108	14050,0
14	-34.75	46.25	108	14050,0
14	-34.75	45.25	108	14050,0
14	-33.75	45.25	108	14050,0
14	-33.75	43.75	108	14050,0
14	-34.25	43.25	108	14050,0
14	-34.25	42.75	108	14050,0
14	-33.75	42.75	108	14050,0
14	-33.25	43.25	108	14050,0
14	-32.75	43.25	108	14050,0
14	-32.25	42.75	108	14050,0
14	-32.25	42.25	108	14050,0
14	-33.25	41.25	108	14050,0
14	-33.25	40.75	108	14050,0
14	-32.25	40.75	108	14050,0
14	-32.25	40.25	108	14050,0
14	-32.75	39.75	108	14050,0
14	-32.75	39.25	108	14050,0
14	-30.75	39.25	108	14050,0
14	-30.75	38.25	108	14050,0
14	-30.25	37.75	108	14050,0
14	-30.25	36.25	108	14050,0
14	-30.75	35.75	108	14050,0
14	-31.25	35.75	108	14050,0
14	-32.25	36.75	108	14050,0
14	-32.75	36.75	108	14050,0
14	-32.75	36.25	108	14050,0
14	-32.25	35.75	108	14050,0
14	-32.25	35.25	108	14050,0
14	-32.75	35.25	108	14050,0
14	-34.25	36.75	108	14050,0
14	-34.25	37.25	108	14050,0
14	-33.75	37.75	108	14050,0
14	-33.75	39.25	108	14050,0
14	-34.75	40.25	108	14050,0
14	-35.25	40.25	108	14050,0
14	-35.75	39.75	108	14050,0
14	-35.75	38.75	108	14050,0
14	-36.25	38.75	108	14050,0
14	-36.75	39.25	108	14050,0
14	-37.25	39.25	108	14050,0
14	-37.25	38.75	108	14050,0
14	-35.25	36.75	108	14050,0
14	-35.25	36.25	108	14050,0
14	-35.75	35.75	108	14050,0
14	-36.25	35.75	108	14050,0
14	-36.75	36.25	108	14050,0
14	-37.75	36.25	108	14050,0
14	-38.25	36.75	108	14050,0
14	-39.25	36.75	108	14050,0
14	-39.25	37.75	108	14050,0
14	-41.25	37.75	108	14050,0
14	-41.75	38.25	108	14050,0
14	-41.75	40.75	108	14050,0
14	-40.75	41.75	108	14050,0
14	-40.25	41.75	108	14050,0
14	-38.75	40.25	108	14050,0
14	-38.25	40.25	108	14050,0
14	-38.25	40.75	108	14050,0
14	-38.75	41.25	108	14050,0
14	-38.75	41.75	108	14050,0
14	-37.75	41.75	108	14050,0
14	-37.75	43.25	108	14050,0
14	-38.25	43.75	108	14050,0
14	-40.25	43.75	108	14050,0
210	-38.25	45.75	57	14050,0
210	-38.25	46.25	57	14050,0
210	-36.25	48.25	57	14050,0
210	-35.25	48.25	57	14050,0
210	-34.25	49.25	57	14050,0
210	-30.75	49.25	57	14050,0
210	-28.25	46.75	57	14050,0
210	-28.25	46.25	57	14050,0
210	-29.75	44.75	57	14050,0
210	-30.25	44.75	57	14050,0
210	-30.25	45.25	57	14050,0
210	-29.75	45.75	57	14050,0
210	-29.75	46.25	57	14050,0
210	-30.75	47.25	57	14050,0
210	-31.25	47.25	57	14050,0
210	-31.25	46.25	57	14050,0
210	-32.25	45.25	57	14050,0
210	-32.25	44.75	57	14050,0
210	-31.25	43.75	57	14050,0
210	-30.25	43.75	57	14050,0
210	-30.25	41.75	57	14050,0
210	-29.75	41.25	57	14050,0
210	-29.75	40.75	57	14050,0
210	-30.25	40.25	57	14050,0
210	-30.25	39.75	57	14050,0
210	-29.75	39.25	57	14050,0
210	-29.25	39.25	57	14050,0
210	-29.25	40.25	57	14050,0
210	-28.75	40.25	57	14050,0
210	-28.25	39.75	57	14050,0
210	-26.75	39.75	57	14050,0
210	-24.75	41.75	57	14050,0
210	-24.25	41.75	57	14050,0
210	-23.25	40.75	57	14050,0
210	-23.25	40.25	57	14050,0
210	-24.25	40.25	57	14050,0
210	-24.25	39.25	57	14050,0
210	-25.25	38.25	57	14050,0
210	-25.25	37.75	57	14050,0
210	-24.75	37.25	57	14050,0
210	-24.75	36.25	57	14050,0
210	-24.25	35.75	57	14050,0
210	-24.25	35.25	57	14050,0
210	-24.75	35.25	57	14050,0
210	-25.25	35.75	57	14050,0
210	-25.75	35.75	57	14050,0
210	-25.75	34.25	57	14050,0
210	-24.75	33.25	57	14050,0
210	-24.75	32.75	57	14050,0
210	-25.25	32.75	57	14050,0
210	-27.75	35.25	57	14050,0
210	-27.75	37.25	57	14050,0
210	-29.75	37.25	57	14050,0
210	-30.75	38.25	57	14050,0
210	-30.75	39.25	57	14050,0
210	-32.75	39.25	57	14050,0
210	-32.75	39.75	57	14050,0
210	-32.25	40.25	57	14050,0
210	-32.25	40.75	57	14050,0
210	-33.25	40.75	57	14050,0
210	-33.25	41.25	57	14050,0
210	-32.25	42.25	57	14050,0
210	-32.25	42.75	57	14050,0
210	-32.75	43.25	57	14050,0
210	-33.25	43.25	57	14050,0
210	-33.75	42.75	57	14050,0
210	-34.25	42.75	57	14050,0
210	-34.25	43.25	57	14050,0
210	-33.75	43.75	57	14050,0
210	-33.75	45.25	57	14050,0
210	-34.75	45.25	57	14050,0
210	-34.75	46.25	57	14050,0
210	-36.25	46.25	57	14050,0
210	-36.25	45.75	57	14050,0
210	-35.75	45.25	57	14050,0
210	-35.75	44.75	57	14050,0
210	-36.25	44.75	57	14050,0
210	-37.25	45.75	57	14050,0
210	-38.25	45.75	57	14050,0
210	-33.75	-0.75	57	14050,50
210	-33.75	-0.25	57	14050,50
210	-32.75	0.75	57	14050,50
210	-32.25	0.75	57	14050,50
210	-31.25	-0.25	57	14050,50
210	-31.25	-0.75	57	14050,50
210	-33.75	-0.75	57	14050,50
340	-28.75	3.25	87	14000,0
340	-28.75	3.75	87	14000,0
340	-28.25	4.25	87	14000,0
340	-27.75	4.25	87	14000,0
340	-25.25	1.75	87	14000,0
340	-22.75	1.75	87	14000,0
340	-20.75	3.75	87	14000,0
340	-20.25	3.75	87	14000,0
340	-17.75	1.25	87	14000,0
340	-17.75	0.75	87	14000,0
340	-24.75	0.75	87	14000,0
340	-25.25	0.25	87	14000,0
340	-25.75	0.25	87	14000,0
340	-28.75	3.25	87	14000,0
7	4.75	29.75	102	14000,0
7	4.75	30.25	102	14000,0
7	5.25	30.25	102	14000,0
7	5.25	24.75	102	14000,0
7	4.75	24.75	102	14000,0
7	3.25	26.25	102	14000,0
7	3.25	26.75	102	14000,0
7	4.75	28.25	102	14000,0
7	4.75	29.75	102	14000,0
26	-9.75	22.25	16	14050,50
26	-9.75	22.75	16	14050,50
26	-9.25	22.75	16	14050,50
26	-4.25	17.75	16	14050,50
26	-4.25	17.25	16	14050,50
26	-4.75	16.75	16	14050,50
26	-4.75	16.25	16	14050,50
26	-4.25	15.75	16	14050,50
26	-3.75	15.75	16	14050,50
26	-3.25	16.25	16	14050,50
26	-2.75	16.25	16	14050,50
26	0.75	12.75	16	14050,50
26	0.75	12.25	16	14050,50
26	0.25	12.25	16	14050,50
26	-0.25	12.75	16	14050,50
26	-2.25	12.75	16	14050,50
26	-2.25	13.75	16	14050,50
26	-2.75	13.75	16	14050,50
26	-4.75	11.75	16	14050,50
26	-5.25	11.75	16	14050,50
26	-5.25	12.25	16	14050,50
26	-3.25	14.25	16	14050,50
26	-3.25	14.75	16	14050,50
26	-4.25	14.75	16	14050,50
26	-5.75	16.25	16	14050,50
26	-6.75	16.25	16	14050,50
26	-6.75	18.25	16	14050,50
26	-9.25	20.75	16	14050,50
26	-10.25	20.75	16	14050,50
26	-10.25	21.25	16	14050,50
26	-9.75	21.75	16	14050,50
26	-9.75	22.25	16	14050,50
26	-45.25	18.75	16	14100,50
26	-45.25	19.25	16	14100,50
26	-44.25	19.25	16	14100,50
26	-44.25	20.25	16	14100,50
26	-43.75	20.75	16	14100,50
26	-42.75	20.75	16	14100,50
26	-42.25	21.25	16	14100,50
26	-42.25	22.25	16	14100,50
26	-41.75	22.25	16	14100,50
26	-22.75	3.25	16	14100,50
26	-22.75	2.75	16	14100,50
26	-23.75	2.75	16	14100,50
26	-24.25	2.25	16	14100,50
26	-24.25	1.25	16	14100,50
26	-25.75	1.25	16	14100,50
26	-27.75	3.25	16	14100,50
26	-28.75	3.25	16	14100,50
26	-29.75	4.25	16	14100,50
26	-29.75	5.25	16	14100,50
26	-30.75	5.25	16	14100,50
26	-34.25	8.75	16	14100,50
26	-34.75	8.75	16	14100,50
26	-34.75	8.25	16	14100,50
26	-34.25	7.75	16	14100,50
26	-34.25	7.25	16	14100,50
26	-36.25	7.25	16	14100,50
26	-36.25	6.75	16	14100,50
26	-34.75	5.25	16	14100,50
26	-34.75	4.25	16	14100,50
26	-33.75	4.25	16	14100,50
26	-30.75	1.25	16	14100,50
26	-30.75	0.75	16	14100,50
26	-32.25	0.75	16	14100,50
26	-34.75	3.25	16	14100,50
26	-35.75	3.25	16	14100,50
26	-35.75	4.25	16	14100,50
26	-36.75	4.25	16	14100,50
26	-36.75	5.25	16	14100,50
26	-41.25	9.75	16	14100,50
26	-41.25	10.75	16	14100,50
26	-41.75	11.25	16	14100,50
26	-42.25	11.25	16	14100,50
26	-43.75	9.75	16	14100,50
26	-43.75	8.75	16	14100,50
26	-44.25	8.75	16	14100,50
26	-44.75	9.25	16	14100,50
26	-44.75	9.75	16	14100,50
26	-43.25	11.25	16	14100,50
26	-43.25	11.75	16	14100,50
26	-44.75	13.25	16	14100,50
26	-44.75	13.75	16	14100,50
26	-43.75	14.75	16	14100,50
26	-43.75	15.25	16	14100,50
26	-44.25	15.25	16	14100,50
26	-44.75	14.75	16	14100,50
26	-45.25	14.75	16	14100,50
26	-45.25	18.75	16	14100,50
27	-7.75	24.25	16	14050,50
27	-7.75	24.75	16	14050,50
27	-7.25	25.25	16	14050,50
27	-6.75	25.25	16	14050,50
27	-6.75	24.25	16	14050,50
27	-6.25	24.25	16	14050,50
27	-5.75	24.75	16	14050,50
27	-5.25	24.75	16	14050,50
27	-5.25	23.75	16	14050,50
27	-4.25	22.75	16	14050,50
27	-3.75	22.75	16	14050,50
27	-3.25	23.25	16	14050,50
27	-3.25	24.25	16	14050,50
27	-2.75	24.25	16	14050,50
27	-2.25	23.75	16	14050,50
27	-2.25	22.25	16	14050,50
27	-3.25	21.25	16	14050,50
27	-5.25	21.25	16	14050,50
27	-5.75	20.75	16	14050,50
27	-6.25	20.75	16	14050,50
27	-7.25	21.75	16	14050,50
27	-7.25	22.25	16	14050,50
27	-6.75	22.75	16	14050,50
27	-6.75	23.25	16	14050,50
27	-7.75	24.25	16	14050,50
27	-36.25	9.75	16	14100,50
27	-36.25	10.25	16	14100,50
27	-35.75	10.25	16	14100,50
27	-35.75	9.75	16	14100,50
27	-36.25	9.75	16	14100,50
28	-3.25	19.75	16	14050,50
28	-3.25	20.25	16	14050,50
28	-2.25	20.25	16	14050,50
28	-1.75	20.75	16	14050,50
28	1.75	20.75	16	14050,50
28	1.75	19.75	16	14050,50
28	2.25	19.25	16	14050,50
28	2.25	18.75	16	14050,50
28	1.75	18.75	16	14050,50
28	0.75	19.75	16	14050,50
28	0.25	19.75	16	14050,50
28	-0.25	19.25	16	14050,50
28	-0.25	18.75	16	14050,50
28	0.25	18.25	16	14050,50
28	0.25	17.25	16	14050,50
28	0.75	16.75	16	14050,50
28	2.25	16.75	16	14050,50
28	2.25	17.75	16	14050,50
28	2.75	18.25	16	14050,50
28	3.25	18.25	16	14050,50
28	3.75	17.75	16	14050,50
28	4.75	17.75	16	14050,50
28	4.75	15.25	16	14050,50
28	4.25	14.75	16	14050,50
28	3.75	14.75	16	14050,50
28	3.25	15.25	16	14050,50
28	2.75	15.25	16	14050,50
28	1.75	14.25	16	14050,50
28	1.75	13.75	16	14050,50
28	2.25	13.25	16	14050,50
28	3.25	13.25	16	14050,50
28	4.25	12.25	16	14050,50
28	4.25	11.75	16	14050,50
28	3.75	11.25	16	14050,50
28	3.25	11.25	16	14050,50
28	3.25	12.25	16	14050,50
28	2.25	12.25	16	14050,50
28	0.25	14.25	16	14050,50
28	0.25	15.25	16	14050,50
28	-0.75	15.25	16	14050,50
28	-3.25	17.75	16	14050,50
28	-3.25	18.25	16	14050,50
28	-2.75	18.25	16	14050,50
28	-2.25	17.75	16	14050,50
28	-1.75	17.75	16	14050,50
28	-1.75	18.25	16	14050,50
28	-3.25	19.75	16	14050,50
51	-8.25	21.75	23	14050,50
51	-8.25	22.25	23	14050,50
51	-7.75	22.25	23	14050,50
51	-6.75	21.25	23	14050,50
51	-6.75	20.75	23	14050,50
51	-7.25	20.75	23	14050,50
51	-8.25	21.75	23	14050,50
51	-45.25	13.75	23	14100,50
51	-45.25	14.25	23	14100,50
51	-44.25	15.25	23	14100,50
51	-43.75	15.25	23	14100,50
51	-43.75	14.75	23	14100,50
51	-44.75	13.75	23	14100,50
51	-44.75	13.25	23	14100,50
51	-43.25	11.75	23	14100,50
51	-43.25	11.25	23	14100,50
51	-44.75	9.75	23	14100,50
51	-44.75	9.25	23	14100,50
51	-44.25	8.75	23	14100,50
51	-43.75	8.75	23	14100,50
51	-43.75	9.75	23	14100,50
51	-42.75	9.75	23	14100,50
51	-42.75	10.75	23	14100,50
51	-42.25	11.25	23	14100,50
51	-41.75	11.25	23	14100,50
51	-41.25	10.75	23	14100,50
51	-41.25	9.75	23	14100,50
51	-39.75	8.25	23	14100,50
51	-39.75	7.25	23	14100,50
51	-38.75	7.25	23	14100,50
51	-36.75	5.25	23	14100,50
51	-36.75	4.25	23	14100,50
51	-35.75	4.25	23	14100,50
51	-35.75	3.25	23	14100,50
51	-34.75	3.25	23	14100,50
51	-32.25	0.75	23	14100,50
51	-30.75	0.75	23	14100,50
51	-30.75	1.25	23	14100,50
51	-33.75	4.25	23	14100,50
51	-34.75	4.25	23	14100,50
51	-34.75	5.25	23	14100,50
51	-36.25	6.75	23	14100,50
51	-36.25	7.25	23	14100,50
51	-34.25	7.25	23	14100,50
51	-34.25	7.75	23	14100,50
51	-34.75	8.25	23	14100,50
51	-34.75	8.75	23	14100,50
51	-34.25	8.75	23	14100,50
51	-30.75	5.25	23	14100,50
51	-29.75	5.25	23	14100,50
51	-29.75	4.25	23	14100,50
51	-28.25	2.75	23	14100,50
51	-28.25	2.25	23	14100,50
51	-28.75	2.25	23	14100,50
51	-30.25	3.75	23	14100,50
51	-30.75	3.75	23	14100,50
51	-31.25	3.25	23	14100,50
51	-31.25	2.75	23	14100,50
51	-29.25	0.75	23	14100,50
51	-29.25	0.25	23	14100,50
51	-30.25	-0.75	23	14100,50
51	-37.75	-0.75	23	14100,50
51	-37.75	0.25	23	14100,50
51	-38.25	0.25	23	14100,50
51	-38.25	-0.75	23	14100,50
51	-38.75	-0.75	23	14100,50
51	-40.25	0.75	23	14100,50
51	-40.25	1.75	23	14100,50
51	-41.25	1.75	23	14100,50
51	-41.25	2.75	23	14100,50
51	-45.25	6.75	23	14100,50
51	-45.25	13.75	23	14100,50
51	-38.25	48.75	23	14100,0
51	-38.25	49.25	23	14100,0
51	-37.75	49.25	23	14100,0
51	-37.25	48.75	23	14100,0
51	-36.75	48.75	23	14100,0
51	-36.25	49.25	23	14100,0
51	-34.75	49.25	23	14100,0
51	-34.75	48.25	23	14100,0
51	-34.25	48.25	23	14100,0
51	-34.25	49.25	23	14100,0
51	-29.75	49.25	23	14100,0
51	-29.75	48.25	23	14100,0
51	-29.25	47.75	23	14100,0
51	-29.25	47.25	23	14100,0
51	-30.25	47.25	23	14100,0
51	-30.25	46.25	23	14100,0
51	-30.75	45.75	23	14100,0
51	-30.75	45.25	23	14100,0
51	-28.75	43.25	23	14100,0
51	-28.75	42.75	23	14100,0
51	-29.25	42.75	23	14100,0
51	-31.25	44.75	23	14100,0
51	-31.75	44.75	23	14100,0
51	-31.75	43.75	23	14100,0
51	-33.25	43.75	23	14100,0
51	-33.75	44.25	23	14100,0
51	-34.75	44.25	23	14100,0
51	-35.25	44.75	23	14100,0
51	-35.25	45.75	23	14100,0
51	-38.25	48.75	23	14100,0
52	-6.25	19.75	23	14050,50
52	-6.25	20.25	23	14050,50
52	-5.75	20.25	23	14050,50
52	-1.75	16.25	23	14050,50
52	-1.75	15.75	23	14050,50
52	-2.25	15.75	23	14050,50
52	-2.75	16.25	23	14050,50
52	-3.25	16.25	23	14050,50
52	-3.75	15.75	23	14050,50
52	-4.25	15.75	23	14050,50
52	-4.75	16.25	23	14050,50
52	-4.75	16.75	23	14050,50
52	-4.25	17.25	23	14050,50
52	-4.25	17.75	23	14050,50
52	-6.25	19.75	23	14050,50
52	-42.25	10.25	23	14100,50
52	-42.25	9.75	23	14100,50
52	-41.75	9.75	23	14100,50
52	-41.75	10.25	23	14100,50
52	-42.25	10.25	23	14100,50
52	-36.25	47.75	23	14100,0
52	-36.25	48.25	23	14100,0
52	-35.75	48.25	23	14100,0
52	-35.75	47.75	23	14100,0
52	-36.25	47.75	23	14100,0
53	-1.25	14.75	23	14050,50
53	-1.25	15.25	23	14050,50
53	0.25	15.25	23	14050,50
53	0.25	14.25	23	14050,50
53	1.75	12.75	23	14050,50
53	1.75	11.75	23	14050,50
53	2.25	11.75	23	14050,50
53	2.75	12.25	23	14050,50
53	3.25	12.25	23	14050,50
53	3.25	10.25	23	14050,50
53	4.75	8.75	23	14050,50
53	4.75	7.25	23	14050,50
53	4.25	6.75	23	14050,50
53	2.75	6.75	23	14050,50
53	1.25	8.25	23	14050,50
53	1.25	9.25	23	14050,50
53	0.25	10.25	23	14050,50
53	0.25	11.25	23	14050,50
53	-0.75	12.25	23	14050,50
53	-0.75	12.75	23	14050,50
53	-0.25	12.75	23	14050,50
53	0.25	12.25	23	14050,50
53	0.75	12.25	23	14050,50
53	0.75	12.75	23	14050,50
53	-1.25	14.75	23	14050,50
53	-41.75	5.25	23	14100,50
53	-41.75	5.75	23	14100,50
53	-41.25	5.75	23	14100,50
53	-41.25	5.25	23	14100,50
53	-41.75	5.25	23	14100,50
53	-33.75	47.25	23	14100,0
53	-33.75	47.75	23	14100,0
53	-33.25	47.75	23	14100,0
53	-31.75	46.25	23	14100,0
53	-31.75	45.75	23	14100,0
53	-32.25	45.75	23	14100,0
53	-33.75	47.25	23	14100,0
54	1.75	13.75	23	14050,50
54	1.75	14.25	23	14050,50
54	2.75	15.25	23	14050,50
54	3.25	15.25	23	14050,50
54	3.75	14.75	23	14050,50
54	4.75	14.75	23	14050,50
54	4.75	10.25	23	14050,50
54	4.25	10.25	23	14050,50
54	3.75	10.75	23	14050,50
54	3.75	11.25	23	14050,50
54	4.25	11.75	23	14050,50
54	4.25	12.25	23	14050,50
54	3.25	13.25	23	14050,50
54	2.25	13.25	23	14050,50
54	1.75	13.75	23	14050,50
54	-40.75	4.25	23	14100,50
54	-40.75	4.75	23	14100,50
54	-40.25	4.75	23	14100,50
54	-39.25	3.75	23	14100,50
54	-39.25	3.25	23	14100,50
54	-39.75	3.25	23	14100,50
54	-40.75	4.25	23	14100,50
54	-28.25	41.75	23	14100,0
54	-28.25	42.25	23	14100,0
54	-27.75	42.25	23	14100,0
54	-26.25	40.75	23	14100,0
54	-26.25	40.25	23	14100,0
54	-26.75	40.25	23	14100,0
54	-28.25	41.75	23	14100,0
55	1.25	10.25	23	14050,50
55	1.25	10.75	23	14050,50
55	1.75	10.75	23	14050,50
55	1.75	10.25	23	14050,50
55	1.25	10.25	23	14050,50
55	-39.75	1.75	23	14100,50
55	-39.75	1.25	23	14100,50
55	-39.25	1.25	23	14100,50
55	-39.25	1.75	23	14100,50
55	-39.75	1.75	23	14100,50
55	-27.75	39.25	23	14100,0
55	-27.75	39.75	23	14100,0
55	-27.25	39.75	23	14100,0
55	-26.75	39.25	23	14100,0
55	-26.25	39.25	23	14100,0
55	-25.75	39.75	23	14100,0
55	-25.25	39.75	23	14100,0
55	-22.25	36.75	23	14100,0
55	-22.25	36.25	23	14100,0
55	-22.75	36.25	23	14100,0
55	-23.25	36.75	23	14100,0
55	-23.75	36.75	23	14100,0
55	-23.75	35.75	23	14100,0
55	-24.25	35.75	23	14100,0
55	-27.75	39.25	23	14100,0
100	-18.25	8.75	4	14000,0
100	-18.25	9.25	4	14000,0
100	-17.75	9.25	4	14000,0
100	-16.75	8.25	4	14000,0
100	-16.25	8.25	4	14000,0
100	-14.25	10.25	4	14000,0
100	-12.75	10.25	4	14000,0
100	-12.25	9.75	4	14000,0
100	-11.75	9.75	4	14000,0
100	-11.25	10.25	4	14000,0
100	-11.25	10.75	4	14000,0
100	-12.25	10.75	4	14000,0
100	-12.25	11.25	4	14000,0
100	-10.75	12.75	4	14000,0
100	-10.25	12.75	4	14000,0
100	-10.25	12.25	4	14000,0
100	-10.75	11.75	4	14000,0
100	-10.75	11.25	4	14000,0
100	-10.25	11.25	4	14000,0
100	-9.25	12.25	4	14000,0
100	-8.25	12.25	4	14000,0
100	-8.25	12.75	4	14000,0
100	-8.75	13.25	4	14000,0
100	-8.75	13.75	4	14000,0
100	-8.25	13.75	4	14000,0
100	-7.75	13.25	4	14000,0
100	-6.25	13.25	4	14000,0
100	-5.75	13.75	4	14000,0
100	-5.75	15.75	4	14000,0
100	-5.25	16.25	4	14000,0
100	-3.25	16.25	4	14000,0
100	-2.75	16.75	4	14000,0
100	-1.25	16.75	4	14000,0
100	-0.75	16.25	4	14000,0
100	-0.75	15.75	4	14000,0
100	-1.75	14.75	4	14000,0
100	-1.75	14.25	4	14000,0
100	-1.25	13.75	4	14000,0
100	-0.75	13.75	4	14000,0
100	-0.25	14.25	4	14000,0
100	-0.25	15.25	4	14000,0
100	2.25	17.75	4	14000,0
100	2.25	18.25	4	14000,0
100	1.75	18.25	4	14000,0
100	1.25	17.75	4	14000,0
100	0.75	17.75	4	14000,0
100	0.75	18.75	4	14000,0
100	0.25	19.25	4	14000,0
100	0.25	19.75	4	14000,0
100	0.75	20.25	4	14000,0
100	1.75	20.25	4	14000,0
100	2.75	21.25	4	14000,0
100	3.25	21.25	4	14000,0
100	3.75	20.75	4	14000,0
100	4.25	20.75	4	14000,0
100	4.75	21.25	4	14000,0
100	4.75	22.25	4	14000,0
100	5.25	22.25	4	14000,0
100	5.25	6.75	4	14000,0
100	4.75	6.75	4	14000,0
100	1.75	9.75	4	14000,0
100	0.75	9.75	4	14000,0
100	0.75	12.25	4	14000,0
100	1.25	12.75	4	14000,0
100	1.25	13.25	4	14000,0
100	0.75	13.25	4	14000,0
100	0.25	12.75	4	14000,0
100	-0.75	12.75	4	14000,0
100	-11.25	2.25	4	14000,0
100	-11.75	2.25	4	14000,0
100	-18.25	8.75	4	14000,0
100	-44.75	24.25	4	14050,0
100	-44.75	24.75	4	14050,0
100	-44.25	24.75	4	14050,0
100	-43.25	23.75	4	14050,0
100	-43.25	23.25	4	14050,0
100	-43.75	22.75	4	14050,0
100	-43.75	22.25	4	14050,0
100	-43.25	22.25	4	14050,0
100	-42.75	22.75	4	14050,0
100	-42.25	22.75	4	14050,0
100	-40.75	21.25	4	14050,0
100	-40.75	20.25	4	14050,0
100	-39.75	20.25	4	14050,0
100	-39.75	19.75	4	14050,0
100	-40.25	19.25	4	14050,0
100	-40.25	18.75	4	14050,0
100	-39.25	18.75	4	14050,0
100	-39.25	18.25	4	14050,0
100	-39.75	17.75	4	14050,0
100	-40.25	17.75	4	14050,0
100	-41.25	18.75	4	14050,0
100	-41.75	18.75	4	14050,0
100	-42.25	18.25	4	14050,0
100	-42.25	16.75	4	14050,0
100	-37.75	12.25	4	14050,0
100	-37.75	11.75	4	14050,0
100	-38.75	11.75	4	14050,0
100	-39.25	11.25	4	14050,0
100	-39.25	10.25	4	14050,0
100	-40.25	10.25	4	14050,0
100	-40.75	9.75	4	14050,0
100	-40.75	8.75	4	14050,0
100	-41.25	8.25	4	14050,0
100	-42.25	8.25	4	14050,0
100	-43.25	7.25	4	14050,0
100	-44.75	7.25	4	14050,0
100	-44.75	24.25	4	14050,0
101	2.75	25.75	4	14000,0
101	2.75	26.25	4	14000,0
101	3.25	26.25	4	14000,0
101	5.25	24.25	4	14000,0
101	5.25	23.75	4	14000,0
101	4.75	23.75	4	14000,0
101	2.75	25.75	4	14000,0
321	-25.25	-0.25	78	14000,0
321	-25.25	0.25	78	14000,0
321	-24.75	0.75	78	14000,0
321	-14.25	0.75	78	14000,0
321	-13.75	0.25	78	14000,0
321	-13.75	-0.25	78	14000,0
321	-25.25	-0.25	78	14000,0
323	-23.25	1.75	8	14000,0
323	-23.25	2.25	8	14000,0
323	-20.25	5.25	8	14000,0
323	-19.75	5.25	8	14000,0
323	-18.25	3.75	8	14000,0
323	-16.25	3.75	8	14000,0
323	-15.25	2.75	8	14000,0
323	-14.25	2.75	8	14000,0
323	-13.75	2.25	8	14000,0
323	-12.75	2.25	8	14000,0
323	-12.25	1.75	8	14000,0
323	-10.75	1.75	8	14000,0
323	-5.75	6.75	8	14000,0
323	-5.25	6.75	8	14000,0
323	0.25	1.25	8	14000,0
323	0.25	0.75	8	14000,0
323	-12.75	0.75	8	14000,0
323	-13.25	0.25	8	14000,0
323	-13.75	0.25	8	14000,0
323	-14.25	0.75	8	14000,0
323	-17.25	0.75	8	14000,0
323	-20.25	3.75	8	14000,0
323	-20.75	3.75	8	14000,0
323	-22.75	1.75	8	14000,0
323	-23.25	1.75	8	14000,0
72	-12.25	10.75	31	14050,50
72	-12.25	11.25	31	14050,50
72	-11.75	11.75	31	14050,50
72	-11.25	11.75	31	14050,50
72	-11.25	10.75	31	14050,50
72	-10.25	10.75	31	14050,50
72	-9.75	10.25	31	14050,50
72	-9.75	9.75	31	14050,50
72	-10.75	8.75	31	14050,50
72	-10.75	8.25	31	14050,50
72	-10.25	7.75	31	14050,50
72	-9.75	7.75	31	14050,50
72	-7.75	9.75	31	14050,50
72	-6.75	9.75	31	14050,50
72	-5.75	10.75	31	14050,50
72	-5.25	10.75	31	14050,50
72	-4.75	10.25	31	14050,50
72	-4.75	7.25	31	14050,50
72	-3.25	5.75	31	14050,50
72	-2.25	5.75	31	14050,50
72	-2.25	4.75	31	14050,50
72	-0.25	2.75	31	14050,50
72	-0.25	1.75	31	14050,50
72	0.25	1.25	31	14050,50
72	1.25	1.25	31	14050,50
72	1.75	0.75	31	14050,50
72	2.75	0.75	31	14050,50
72	2.75	-0.75	31	14050,50
72	-5.75	-0.75	31	14050,50
72	-7.25	0.75	31	14050,50
72	-7.25	1.75	31	14050,50
72	-8.25	1.75	31	14050,50
72	-9.75	3.25	31	14050,50
72	-10.25	3.25	31	14050,50
72	-10.75	2.75	31	14050,50
72	-11.25	2.75	31	14050,50
72	-11.75	3.25	31	14050,50
72	-12.25	3.25	31	14050,50
72	-12.25	2.75	31	14050,50
72	-11.75	2.25	31	14050,50
72	-11.75	0.75	31	14050,50
72	-12.75	0.75	31	14050,50
72	-12.75	0.25	31	14050,50
72	-12.25	-0.25	31	14050,50
72	-12.25	-0.75	31	14050,50
72	-13.75	-0.75	31	14050,50
72	-13.75	0.25	31	14050,50
72	-14.25	0.25	31	14050,50
72	-15.25	-0.75	31	14050,50
72	-16.75	-0.75	31	14050,50
72	-16.75	-0.25	31	14050,50
72	-16.25	0.25	31	14050,50
72	-16.25	0.75	31	14050,50
72	-16.75	1.25	31	14050,50
72	-16.75	1.75	31	14050,50
72	-16.25	1.75	31	14050,50
72	-15.75	1.25	31	14050,50
72	-15.25	1.25	31	14050,50
72	-15.25	1.75	31	14050,50
72	-16.25	2.75	31	14050,50
72	-16.25	3.25	31	14050,50
72	-14.25	3.25	31	14050,50
72	-13.75	3.75	31	14050,50
72	-12.75	3.75	31	14050,50
72	-12.25	4.25	31	14050,50
72	-12.25	5.75	31	14050,50
72	-12.75	6.25	31	14050,50
72	-12.75	6.75	31	14050,50
72	-12.25	7.25	31	14050,50
72	-12.25	7.75	31	14050,50
72	-13.25	7.75	31	14050,50
72	-13.25	9.25	31	14050,50
72	-12.25	9.25	31	14050,50
72	-11.75	9.75	31	14050,50
72	-11.75	10.25	31	14050,50
72	-12.25	10.75	31	14050,50
72	-19.75	46.25	31	14050,0
72	-19.75	46.75	31	14050,0
72	-17.25	49.25	31	14050,0
72	-15.75	49.25	31	14050,0
72	-15.25	48.75	31	14050,0
72	-15.25	48.25	31	14050,0
72	-15.75	47.75	31	14050,0
72	-15.75	46.25	31	14050,0
72	-15.25	45.75	31	14050,0
72	-15.25	44.25	31	14050,0
72	-15.75	44.25	31	14050,0
72	-17.25	45.75	31	14050,0
72	-17.75	45.75	31	14050,0
72	-18.25	45.25	31	14050,0
72	-18.75	45.25	31	14050,0
72	-19.75	46.25	31	14050,0
72	-45.25	45.75	31	14100,0
72	-45.25	46.25	31	14100,0
72	-44.75	46.25	31	14100,0
72	-39.25	40.75	31	14100,0
72	-38.25	40.75	31	14100,0
72	-37.25	39.75	31	14100,0
72	-35.25	39.75	31	14100,0
72	-34.75	39.25	31	14100,0
72	-34.25	39.25	31	14100,0
72	-32.75	40.75	31	14100,0
72	-32.25	40.75	31	14100,0
72	-32.25	40.25	31	14100,0
72	-33.75	38.75	31	14100,0
72	-33.75	35.25	31	14100,0
72	-33.25	34.75	31	14100,0
72	-33.25	34.25	31	14100,0
72	-33.75	33.75	31	14100,0
72	-33.75	33.25	31	14100,0
72	-32.75	33.25	31	14100,0
72	-32.75	32.75	31	14100,0
72	-34.25	31.25	31	14100,0
72	-34.25	30.25	31	14100,0
72	-34.75	30.25	31	14100,0
72	-36.75	32.25	31	14100,0
72	-37.25	32.25	31	14100,0
72	-37.75	31.75	31	14100,0
72	-38.25	31.75	31	14100,0
72	-39.25	32.75	31	14100,0
72	-39.75	32.75	31	14100,0
72	-40.75	31.75	31	14100,0
72	-40.75	31.25	31	14100,0
72	-39.75	30.25	31	14100,0
72	-39.75	29.75	31	14100,0
72	-40.75	29.75	31	14100,0
72	-42.25	28.25	31	14100,0
72	-42.25	27.75	31	14100,0
72	-41.75	27.75	31	14100,0
72	-40.75	28.75	31	14100,0
72	-40.25	28.75	31	14100,0
72	-40.25	27.75	31	14100,0
72	-39.75	27.25	31	14100,0
72	-39.75	26.75	31	14100,0
72	-42.25	26.75	31	14100,0
72	-43.75	28.25	31	14100,0
72	-44.25	28.25	31	14100,0
72	-44.75	27.75	31	14100,0
72	-45.25	27.75	31	14100,0
72	-45.25	33.25	31	14100,0
72	-43.75	33.25	31	14100,0
72	-43.25	32.75	31	14100,0
72	-42.75	32.75	31	14100,0
72	-42.25	33.25	31	14100,0
72	-41.25	33.25	31	14100,0
72	-41.25	33.75	31	14100,0
72	-41.75	34.25	31	14100,0
72	-41.75	35.25	31	14100,0
72	-45.25	38.75	31	14100,0
72	-45.25	45.75	31	14100,0
73	-12.25	48.75	31	14050,0
73	-12.25	49.25	31	14050,0
73	-11.75	49.25	31	14050,0
73	-11.25	48.75	31	14050,0
73	-11.25	48.25	31	14050,0
73	-11.75	47.75	31	14050,0
73	-12.25	47.75	31	14050,0
73	-12.25	48.75	31	14050,0
73	-45.25	24.75	31	14100,0
73	-45.25	25.25	31	14100,0
73	-44.25	26.25	31	14100,0
73	-43.75	26.25	31	14100,0
73	-43.25	25.75	31	14100,0
73	-43.25	25.25	31	14100,0
73	-43.75	24.75	31	14100,0
73	-45.25	24.75	31	14100,0
74	-5.25	48.75	31	14050,0
74	-5.25	49.25	31	14050,0
74	2.25	49.25	31	14050,0
74	3.25	48.25	31	14050,0
74	3.25	47.75	31	14050,0
74	2.75	47.25	31	14050,0
74	2.75	46.75	31	14050,0
74	3.25	46.75	31	14050,0
74	3.75	47.25	31	14050,0
74	4.25	47.25	31	14050,0
74	4.75	46.75	31	14050,0
74	4.75	38.25	31	14050,0
74	4.25	38.25	31	14050,0
74	4.25	39.25	31	14050,0
74	-2.75	46.25	31	14050,0
74	-3.75	46.25	31	14050,0
74	-3.75	47.25	31	14050,0
74	-5.25	48.75	31	14050,0
75	-2.75	38.25	31	14050,0
75	-2.75	38.75	31	14050,0
75	-2.25	39.25	31	14050,0
75	-1.75	39.25	31	14050,0
75	0.75	36.75	31	14050,0
75	1.75	36.75	31	14050,0
75	1.75	35.75	31	14050,0
75	3.75	33.75	31	14050,0
75	4.75	33.75	31	14050,0
75	4.75	25.25	31	14050,0
75	4.25	24.75	31	14050,0
75	3.75	24.75	31	14050,0
75	3.25	25.25	31	14050,0
75	2.75	25.25	31	14050,0
75	2.25	24.75	31	14050,0
75	2.25	23.25	31	14050,0
75	2.75	22.75	31	14050,0
75	2.75	22.25	31	14050,0
75	2.25	22.25	31	14050,0
75	1.25	23.25	31	14050,0
75	1.25	24.25	31	14050,0
75	0.75	24.75	31	14050,0
75	0.75	26.25	31	14050,0
75	1.25	26.75	31	14050,0
75	1.25	27.75	31	14050,0
75	3.75	30.25	31	14050,0
75	3.75	30.75	31	14050,0
75	1.75	32.75	31	14050,0
75	1.75	33.75	31	14050,0
75	0.75	33.75	31	14050,0
75	-0.25	34.75	31	14050,0
75	-0.25	36.75	31	14050,0
75	-0.75	37.25	31	14050,0
75	-1.75	37.25	31	14050,0
75	-1.75	38.25	31	14050,0
75	-2.75	38.25	31	14050,0
208	-12.25	2.75	55	14050,50
208	-12.25	3.25	55	14050,50
208	-11.75	3.25	55	14050,50
208	-11.25	2.75	55	14050,50
208	-10.75	2.75	55	14050,50
208	-10.25	3.25	55	14050,50
208	-9.75	3.25	55	14050,50
208	-8.25	1.75	55	14050,50
208	-7.25	1.75	55	14050,50
208	-7.25	0.75	55	14050,50
208	-6.25	-0.25	55	14050,50
208	-6.25	-0.75	55	14050,50
208	-9.75	-0.75	55	14050,50
208	-10.25	-0.25	55	14050,50
208	-10.25	0.75	55	14050,50
208	-11.25	0.75	55	14050,50
208	-11.75	1.25	55	14050,50
208	-11.75	2.25	55	14050,50
208	-12.25	2.75	55	14050,50
208	-9.25	48.75	55	14050,0
208	-9.25	49.25	55	14050,0
208	-5.75	49.25	55	14050,0
208	-3.75	47.25	55	14050,0
208	-3.75	46.25	55	14050,0
208	-2.75	46.25	55	14050,0
208	4.25	39.25	55	14050,0
208	4.25	38.25	55	14050,0
208	4.75	37.75	55	14050,0
208	4.75	35.25	55	14050,0
208	4.25	35.25	55	14050,0
208	3.25	36.25	55	14050,0
208	3.25	37.25	55	14050,0
208	2.25	37.25	55	14050,0
208	0.75	38.75	55	14050,0
208	-0.25	38.75	55	14050,0
208	-0.25	39.75	55	14050,0
208	-0.75	40.25	55	14050,0
208	-1.75	40.25	55	14050,0
208	-1.75	41.25	55	14050,0
208	-2.75	41.25	55	14050,0
208	-2.75	42.25	55	14050,0
208	-3.25	42.75	55	14050,0
208	-3.25	43.75	55	14050,0
208	-4.25	43.75	55	14050,0
208	-4.75	44.25	55	14050,0
208	-4.75	45.25	55	14050,0
208	-5.75	46.25	55	14050,0
208	-6.75	46.25	55	14050,0
208	-7.75	47.25	55	14050,0
208	-8.75	47.25	55	14050,0
208	-8.75	48.25	55	14050,0
208	-9.25	48.75	55	14050,0
208	-45.25	37.75	55	14100,0
208	-45.25	38.25	55	14100,0
208	-44.75	38.25	55	14100,0
208	-41.75	35.25	55	14100,0
208	-41.75	34.75	55	14100,0
208	-42.75	33.75	55	14100,0
208	-43.25	33.75	55	14100,0
208	-43.75	34.25	55	14100,0
208	-44.75	34.25	55	14100,0
208	-45.25	34.75	55	14100,0
208	-45.25	37.75	55	14100,0
13	-29.25	34.75	107	14050,0
13	-29.25	35.25	107	14050,0
13	-28.75	35.25	107	14050,0
13	-26.75	33.25	107	14050,0
13	-25.75	33.25	107	14050,0
13	-22.75	30.25	107	14050,0
13	-21.75	30.25	107	14050,0
13	-19.25	27.75	107	14050,0
13	-19.25	26.75	107	14050,0
13	-18.75	26.25	107	14050,0
13	-16.75	26.25	107	14050,0
13	-16.75	25.75	107	14050,0
13	-17.25	25.25	107	14050,0
13	-17.25	24.75	107	14050,0
13	-14.25	21.75	107	14050,0
13	-12.25	21.75	107	14050,0
13	-12.25	20.75	107	14050,0
13	-11.75	20.25	107	14050,0
13	-11.25	20.25	107	14050,0
13	-11.25	21.75	107	14050,0
13	-12.25	22.75	107	14050,0
13	-12.25	23.25	107	14050,0
13	-11.75	23.75	107	14050,0
13	-11.25	23.75	107	14050,0
13	-9.25	21.75	107	14050,0
13	-9.25	20.75	107	14050,0
13	-7.25	20.75	107	14050,0
13	-7.25	19.75	107	14050,0
13	-6.75	19.75	107	14050,0
13	-6.25	20.25	107	14050,0
13	-5.25	20.25	107	14050,0
13	-4.75	20.75	107	14050,0
13	-4.25	20.75	107	14050,0
13	-3.25	19.75	107	14050,0
13	-3.25	19.25	107	14050,0
13	-4.75	17.75	107	14050,0
13	-4.75	17.25	107	14050,0
13	-3.75	16.25	107	14050,0
13	-3.75	14.75	107	14050,0
13	-4.25	14.25	107	14050,0
13	-4.25	13.75	107	14050,0
13	-3.25	13.75	107	14050,0
13	-3.25	12.75	107	14050,0
13	-2.25	12.75	107	14050,0
13	-1.75	12.25	107	14050,0
13	-1.75	11.75	107	14050,0
13	-4.25	9.25	107	14050,0
13	-4.75	9.25	107	14050,0
13	-4.75	9.75	107	14050,0
13	-4.25	10.25	107	14050,0
13	-4.25	10.75	107	14050,0
13	-4.75	10.75	107	14050,0
13	-5.25	10.25	107	14050,0
13	-5.75	10.25	107	14050,0
13	-5.75	11.25	107	14050,0
13	-6.75	11.25	107	14050,0
13	-6.75	11.75	107	14050,0
13	-6.25	12.25	107	14050,0
13	-5.25	12.25	107	14050,0
13	-5.25	13.75	107	14050,0
13	-6.75	15.25	107	14050,0
13	-6.75	15.75	107	14050,0
13	-6.25	16.25	107	14050,0
13	-6.25	16.75	107	14050,0
13	-6.75	17.25	107	14050,0
13	-6.75	18.25	107	14050,0
13	-7.25	18.75	107	14050,0
13	-7.75	18.75	107	14050,0
13	-9.75	16.75	107	14050,0
13	-9.75	15.75	107	14050,0
13	-11.25	15.75	107	14050,0
13	-13.75	18.25	107	14050,0
13	-14.75	18.25	107	14050,0
13	-15.75	19.25	107	14050,0
13	-16.75	19.25	107	14050,0
13	-17.75	20.25	107	14050,0
13	-18.75	20.25	107	14050,0
13	-19.75	21.25	107	14050,0
13	-20.75	21.25	107	14050,0
13	-21.25	21.75	107	14050,0
13	-22.25	21.75	107	14050,0
13	-24.25	23.75	107	14050,0
13	-24.25	24.25	107	14050,0
13	-23.75	24.25	107	14050,0
13	-23.25	23.75	107	14050,0
13	-22.75	23.75	107	14050,0
13	-22.75	24.25	107	14050,0
13	-24.25	25.75	107	14050,0
13	-25.25	25.75	107	14050,0
13	-25.75	26.25	107	14050,0
13	-26.75	26.25	107	14050,0
13	-26.75	26.75	107	14050,0
13	-26.25	27.25	107	14050,0
13	-26.25	27.75	107	14050,0
13	-28.25	29.75	107	14050,0
13	-29.25	29.75	107	14050,0
13	-29.25	30.75	107	14050,0
13	-30.25	31.75	107	14050,0
13	-30.25	32.25	107	14050,0
13	-29.25	33.25	107	14050,0
13	-29.25	34.75	107	14050,0
324	-22.75	41.25	80	14050,0
324	-22.75	41.75	80	14050,0
324	-22.25	41.75	80	14050,0
324	-20.75	40.25	80	14050,0
324	-19.75	40.25	80	14050,0
324	-19.75	39.25	80	14050,0
324	-19.25	38.75	80	14050,0
324	-18.75	38.75	80	14050,0
324	-18.75	39.75	80	14050,0
324	-17.25	39.75	80	14050,0
324	-17.25	38.25	80	14050,0
324	-17.75	37.75	80	14050,0
324	-17.75	37.25	80	14050,0
324	-17.25	37.25	80	14050,0
324	-16.75	37.75	80	14050,0
324	-15.25	37.75	80	14050,0
324	-15.25	36.25	80	14050,0
324	-16.25	36.25	80	14050,0
324	-16.25	35.75	80	14050,0
324	-12.75	32.25	80	14050,0
324	-12.75	31.75	80	14050,0
324	-13.25	31.75	80	14050,0
324	-15.75	34.25	80	14050,0
324	-17.25	34.25	80	14050,0
324	-17.25	33.25	80	14050,0
324	-18.25	33.25	80	14050,0
324	-18.25	32.75	80	14050,0
324	-17.25	31.75	80	14050,0
324	-17.25	31.25	80	14050,0
324	-17.75	31.25	80	14050,0
324	-18.75	32.25	80	14050,0
324	-19.75	32.25	80	14050,0
324	-22.75	35.25	80	14050,0
324	-22.75	36.25	80	14050,0
324	-23.75	36.25	80	14050,0
324	-25.25	37.75	80	14050,0
324	-25.25	38.25	80	14050,0
324	-24.75	38.75	80	14050,0
324	-23.25	38.75	80	14050,0
324	-21.75	37.25	80	14050,0
324	-21.25	37.25	80	14050,0
324	-20.75	37.75	80	14050,0
324	-20.25	37.75	80	14050,0
324	-19.25	36.75	80	14050,0
324	-18.75	36.75	80	14050,0
324	-18.75	37.25	80	14050,0
324	-22.75	41.25	80	14050,0
293	-15.25	48.75	65	14050,0
293	-15.25	49.25	65	14050,0
293	-14.75	49.25	65	14050,0
293	-14.75	48.75	65	14050,0
293	-15.25	48.75	65	14050,0
293	-14.75	-0.75	65	14050,50
293	-14.75	-0.25	65	14050,50
293	-14.25	0.25	65	14050,50
293	-13.75	0.25	65	14050,50
293	-13.75	-0.25	65	14050,50
293	-14.25	-0.75	65	14050,50
293	-14.75	-0.75	65	14050,50
293	-45.25	33.75	65	14100,0
293	-45.25	34.25	65	14100,0
293	-43.75	34.25	65	14100,0
293	-43.25	33.75	65	14100,0
293	-42.75	33.75	65	14100,0
293	-42.25	34.25	65	14100,0
293	-41.75	34.25	65	14100,0
293	-41.25	33.75	65	14100,0
293	-41.25	33.25	65	14100,0
293	-42.25	33.25	65	14100,0
293	-42.75	32.75	65	14100,0
293	-43.25	32.75	65	14100,0
293	-43.75	33.25	65	14100,0
293	-44.75	33.25	65	14100,0
293	-45.25	33.75	65	14100,0
294	-14.25	49.25	65	14050,0
294	-14.25	48.75	65	14050,0
294	-9.75	44.25	65	14050,0
294	-8.75	44.25	65	14050,0
294	-7.75	43.25	65	14050,0
294	-7.75	40.75	65	14050,0
294	-8.25	40.75	65	14050,0
294	-8.75	41.25	65	14050,0
294	-9.25	41.25	65	14050,0
294	-9.25	40.25	65	14050,0
294	-9.75	40.25	65	14050,0
294	-10.75	41.25	65	14050,0
294	-11.25	41.25	65	14050,0
294	-11.75	40.75	65	14050,0
294	-11.75	40.25	65	14050,0
294	-7.25	35.75	65	14050,0
294	-6.25	35.75	65	14050,0
294	-6.25	34.75	65	14050,0
294	-2.75	31.25	65	14050,0
294	-2.75	30.25	65	14050,0
294	-1.75	30.25	65	14050,0
294	-0.25	28.75	65	14050,0
294	-0.25	28.25	65	14050,0
294	-0.75	27.75	65	14050,0
294	-1.75	27.75	65	14050,0
294	-2.25	27.25	65	14050,0
294	-2.25	26.25	65	14050,0
294	-3.75	26.25	65	14050,0
294	-3.75	27.25	65	14050,0
294	-4.75	27.25	65	14050,0
294	-5.25	27.75	65	14050,0
294	-5.75	27.75	65	14050,0
294	-5.75	27.25	65	14050,0
294	-4.25	25.75	65	14050,0
294	-4.25	25.25	65	14050,0
294	-4.75	24.75	65	14050,0
294	-4.75	24.25	65	14050,0
294	-4.25	23.75	65	14050,0
294	-4.25	23.25	65	14050,0
294	-6.25	21.25	65	14050,0
294	-6.25	20.75	65	14050,0
294	-5.75	20.25	65	14050,0
294	-5.25	20.25	65	14050,0
294	-4.75	20.75	65	14050,0
294	-4.25	20.75	65	14050,0
294	-3.25	19.75	65	14050,0
294	-3.25	19.25	65	14050,0
294	-4.75	17.75	65	14050,0
294	-4.75	17.25	65	14050,0
294	-3.75	16.25	65	14050,0
294	-3.75	14.75	65	14050,0
294	-4.25	14.25	65	14050,0
294	-4.25	13.75	65	14050,0
294	-3.25	13.75	65	14050,0
294	-3.25	12.75	65	14050,0
294	-2.25	12.75	65	14050,0
294	-1.75	12.25	65	14050,0
294	-1.25	12.25	65	14050,0
294	4.75	18.25	65	14050,0
294	4.75	24.75	65	14050,0
294	3.75	24.75	65	14050,0
294	3.25	25.25	65	14050,0
294	2.75	25.25	65	14050,0
294	2.25	24.75	65	14050,0
294	2.25	23.25	65	14050,0
294	2.75	22.75	65	14050,0
294	2.75	22.25	65	14050,0
294	2.25	22.25	65	14050,0
294	1.25	23.25	65	14050,0
294	1.25	24.25	65	14050,0
294	0.75	24.75	65	14050,0
294	0.75	26.25	65	14050,0
294	1.25	26.75	65	14050,0
294	1.25	27.75	65	14050,0
294	3.75	30.25	65	14050,0
294	3.75	30.75	65	14050,0
294	1.75	32.75	65	14050,0
294	1.75	33.75	65	14050,0
294	0.75	33.75	65	14050,0
294	-0.25	34.75	65	14050,0
294	-0.25	36.75	65	14050,0
294	-0.75	37.25	65	14050,0
294	-1.75	37.25	65	14050,0
294	-1.75	38.25	65	14050,0
294	-2.75	38.25	65	14050,0
294	-2.75	38.75	65	14050,0
294	-2.25	39.25	65	14050,0
294	-1.75	39.25	65	14050,0
294	0.75	36.75	65	14050,0
294	1.75	36.75	65	14050,0
294	1.75	35.75	65	14050,0
294	3.75	33.75	65	14050,0
294	4.25	33.75	65	14050,0
294	4.75	34.25	65	14050,0
294	4.75	34.75	65	14050,0
294	3.25	36.25	65	14050,0
294	3.25	37.25	65	14050,0
294	2.25	37.25	65	14050,0
294	0.75	38.75	65	14050,0
294	-0.25	38.75	65	14050,0
294	-0.25	39.75	65	14050,0
294	-0.75	40.25	65	14050,0
294	-1.75	40.25	65	14050,0
294	-1.75	41.25	65	14050,0
294	-2.75	41.25	65	14050,0
294	-2.75	42.25	65	14050,0
294	-3.25	42.75	65	14050,0
294	-3.25	43.75	65	14050,0
294	-4.25	43.75	65	14050,0
294	-4.75	44.25	65	14050,0
294	-4.75	45.25	65	14050,0
294	-5.75	46.25	65	14050,0
294	-6.75	46.25	65	14050,0
294	-7.75	47.25	65	14050,0
294	-8.75	47.25	65	14050,0
294	-8.75	48.25	65	14050,0
294	-9.75	49.25	65	14050,0
294	-11.25	49.25	65	14050,0
294	-11.25	48.25	65	14050,0
294	-11.75	47.75	65	14050,0
294	-12.25	47.75	65	14050,0
294	-12.25	48.75	65	14050,0
294	-12.75	49.25	65	14050,0
294	-14.25	49.25	65	14050,0
294	-12.75	0.25	65	14050,50
294	-12.75	0.75	65	14050,50
294	-10.25	0.75	65	14050,50
294	-10.25	-0.75	65	14050,50
294	-11.75	-0.75	65	14050,50
294	-12.75	0.25	65	14050,50
294	-45.25	26.75	65	14100,0
294	-45.25	27.25	65	14100,0
294	-44.25	28.25	65	14100,0
294	-43.75	28.25	65	14100,0
294	-42.25	26.75	65	14100,0
294	-39.75	26.75	65	14100,0
294	-39.75	27.25	65	14100,0
294	-40.25	27.75	65	14100,0
294	-40.25	28.75	65	14100,0
294	-40.75	28.75	65	14100,0
294	-41.75	27.75	65	14100,0
294	-42.25	27.75	65	14100,0
294	-42.25	28.25	65	14100,0
294	-40.75	29.75	65	14100,0
294	-39.75	29.75	65	14100,0
294	-39.75	30.25	65	14100,0
294	-40.75	31.25	65	14100,0
294	-40.75	31.75	65	14100,0
294	-39.75	32.75	65	14100,0
294	-39.25	32.75	65	14100,0
294	-38.25	31.75	65	14100,0
294	-37.75	31.75	65	14100,0
294	-37.25	32.25	65	14100,0
294	-36.75	32.25	65	14100,0
294	-34.75	30.25	65	14100,0
294	-34.25	30.25	65	14100,0
294	-34.25	31.25	65	14100,0
294	-32.75	32.75	65	14100,0
294	-32.75	33.25	65	14100,0
294	-33.75	33.25	65	14100,0
294	-33.75	33.75	65	14100,0
294	-33.25	34.25	65	14100,0
294	-33.25	34.75	65	14100,0
294	-33.75	35.25	65	14100,0
294	-33.75	35.75	65	14100,0
294	-32.75	36.75	65	14100,0
294	-32.25	36.75	65	14100,0
294	-32.25	34.75	65	14100,0
294	-30.75	33.25	65	14100,0
294	-29.75	33.25	65	14100,0
294	-29.25	32.75	65	14100,0
294	-27.75	32.75	65	14100,0
294	-26.75	33.75	65	14100,0
294	-25.75	33.75	65	14100,0
294	-25.25	34.25	65	14100,0
294	-24.75	34.25	65	14100,0
294	-23.25	32.75	65	14100,0
294	-23.25	31.25	65	14100,0
294	-24.25	31.25	65	14100,0
294	-24.25	29.75	65	14100,0
294	-21.75	27.25	65	14100,0
294	-21.25	27.25	65	14100,0
294	-20.75	27.75	65	14100,0
294	-20.25	27.75	65	14100,0
294	-19.75	27.25	65	14100,0
294	-19.25	27.25	65	14100,0
294	-18.25	28.25	65	14100,0
294	-16.75	28.25	65	14100,0
294	-14.75	26.25	65	14100,0
294	-14.75	25.75	65	14100,0
294	-16.25	24.25	65	14100,0
294	-16.75	24.25	65	14100,0
294	-17.25	24.75	65	14100,0
294	-17.75	24.75	65	14100,0
294	-18.25	24.25	65	14100,0
294	-18.75	24.25	65	14100,0
294	-18.75	25.75	65	14100,0
294	-18.25	26.25	65	14100,0
294	-18.25	26.75	65	14100,0
294	-18.75	26.75	65	14100,0
294	-20.25	25.25	65	14100,0
294	-21.75	25.25	65	14100,0
294	-22.25	25.75	65	14100,0
294	-23.25	25.75	65	14100,0
294	-26.75	29.25	65	14100,0
294	-26.75	29.75	65	14100,0
294	-26.25	30.25	65	14100,0
294	-26.25	30.75	65	14100,0
294	-27.25	31.75	65	14100,0
294	-27.75	31.75	65	14100,0
294	-28.25	31.25	65	14100,0
294	-28.75	31.25	65	14100,0
294	-29.25	31.75	65	14100,0
294	-29.75	31.75	65	14100,0
294	-30.25	31.25	65	14100,0
294	-30.75	31.25	65	14100,0
294	-31.25	31.75	65	14100,0
294	-31.75	31.75	65	14100,0
294	-34.25	29.25	65	14100,0
294	-34.25	27.75	65	14100,0
294	-33.75	27.25	65	14100,0
294	-33.75	24.75	65	14100,0
294	-34.75	24.75	65	14100,0
294	-34.75	24.25	65	14100,0
294	-34.25	23.75	65	14100,0
294	-34.25	23.25	65	14100,0
294	-34.75	22.75	65	14100,0
294	-34.75	21.75	65	14100,0
294	-35.75	21.75	65	14100,0
294	-35.75	21.25	65	14100,0
294	-35.25	20.75	65	14100,0
294	-35.25	19.75	65	14100,0
294	-32.25	16.75	65	14100,0
294	-32.25	16.25	65	14100,0
294	-33.25	15.25	65	14100,0
294	-33.75	15.25	65	14100,0
294	-34.75	16.25	65	14100,0
294	-34.75	17.25	65	14100,0
294	-35.25	17.75	65	14100,0
294	-35.25	18.75	65	14100,0
294	-36.25	19.75	65	14100,0
294	-36.25	20.75	65	14100,0
294	-37.25	21.75	65	14100,0
294	-38.25	21.75	65	14100,0
294	-39.75	23.25	65	14100,0
294	-40.25	23.25	65	14100,0
294	-44.75	18.75	65	14100,0
294	-45.25	18.75	65	14100,0
294	-45.25	24.25	65	14100,0
294	-44.75	24.75	65	14100,0
294	-43.75	24.75	65	14100,0
294	-43.25	25.25	65	14100,0
294	-43.25	25.75	65	14100,0
294	-43.75	26.25	65	14100,0
294	-44.25	26.25	65	14100,0
294	-44.75	25.75	65	14100,0
294	-45.25	25.75	65	14100,0
294	-45.25	26.75	65	14100,0
295	-6.75	40.25	65	14050,0
295	-6.75	40.75	65	14050,0
295	-6.25	40.75	65	14050,0
295	-0.75	35.25	65	14050,0
295	-0.75	34.75	65	14050,0
295	-1.25	34.25	65	14050,0
295	-1.25	33.25	65	14050,0
295	-1.75	33.25	65	14050,0
295	-2.25	33.75	65	14050,0
295	-2.25	34.75	65	14050,0
295	-4.25	34.75	65	14050,0
295	-4.75	35.25	65	14050,0
295	-4.75	36.25	65	14050,0
295	-5.75	37.25	65	14050,0
295	-5.75	38.25	65	14050,0
295	-6.75	38.25	65	14050,0
295	-6.75	40.25	65	14050,0
112	-13.25	-0.25	46	14000,0
112	-13.25	0.25	46	14000,0
112	-12.75	0.75	46	14000,0
112	4.75	0.75	46	14000,0
112	5.25	0.25	46	14000,0
112	5.25	-0.25	46	14000,0
112	-13.25	-0.25	46	14000,0
112	-44.75	0.25	46	14050,0
112	-44.75	0.75	46	14050,0
112	-28.75	0.75	46	14050,0
112	-28.25	1.25	46	14050,0
112	-27.75	1.25	46	14050,0
112	-27.25	0.75	46	14050,0
112	-24.75	0.75	46	14050,0
112	-22.75	2.75	46	14050,0
112	-22.25	2.75	46	14050,0
112	-20.25	0.75	46	14050,0
112	-18.75	0.75	46	14050,0
112	-17.25	2.25	46	14050,0
112	-16.75	2.25	46	14050,0
112	-15.25	0.75	46	14050,0
112	-14.75	0.75	46	14050,0
112	-13.75	1.75	46	14050,0
112	-13.25	1.75	46	14050,0
112	-12.75	1.25	46	14050,0
112	-12.75	0.75	46	14050,0
112	-13.75	-0.25	46	14050,0
112	-44.25	-0.25	46	14050,0
112	-44.75	0.25	46	14050,0
71	-11.25	1.75	30	14000,0
71	-11.25	2.25	30	14000,0
71	-0.75	12.75	30	14000,0
71	0.25	12.75	30	14000,0
71	0.75	13.25	30	14000,0
71	1.25	13.25	30	14000,0
71	1.25	12.75	30	14000,0
71	0.75	12.25	30	14000,0
71	0.75	9.75	30	14000,0
71	1.75	9.75	30	14000,0
71	5.25	6.25	30	14000,0
71	5.25	3.75	30	14000,0
71	4.75	3.25	30	14000,0
71	3.75	3.25	30	14000,0
71	1.25	0.75	30	14000,0
71	0.75	0.75	30	14000,0
71	-5.25	6.75	30	14000,0
71	-5.75	6.75	30	14000,0
71	-10.75	1.75	30	14000,0
71	-11.25	1.75	30	14000,0
71	-44.75	6.25	30	14050,0
71	-44.75	6.75	30	14050,0
71	-44.25	7.25	30	14050,0
71	-43.25	7.25	30	14050,0
71	-42.25	8.25	30	14050,0
71	-41.25	8.25	30	14050,0
71	-40.75	8.75	30	14050,0
71	-40.75	9.75	30	14050,0
71	-40.25	10.25	30	14050,0
71	-39.25	10.25	30	14050,0
71	-39.25	11.25	30	14050,0
71	-38.75	11.75	30	14050,0
71	-36.25	11.75	30	14050,0
71	-36.25	10.75	30	14050,0
71	-30.75	5.25	30	14050,0
71	-30.75	4.75	30	14050,0
71	-31.25	4.75	30	14050,0
71	-31.75	5.25	30	14050,0
71	-32.25	5.25	30	14050,0
71	-33.75	3.75	30	14050,0
71	-34.75	3.75	30	14050,0
71	-35.75	2.75	30	14050,0
71	-37.75	2.75	30	14050,0
71	-38.75	1.75	30	14050,0
71	-40.25	1.75	30	14050,0
71	-43.75	5.25	30	14050,0
71	-44.75	5.25	30	14050,0
71	-44.75	6.25	30	14050,0
347	-36.25	26.75	91	14050,0
347	-36.25	27.25	91	14050,0
347	-35.75	27.75	91	14050,0
347	-35.25	27.75	91	14050,0
347	-33.75	26.25	91	14050,0
347	-32.75	26.25	91	14050,0
347	-30.25	23.75	91	14050,0
347	-30.25	22.75	91	14050,0
347	-29.75	22.25	91	14050,0
347	-28.75	22.25	91	14050,0
347	-27.75	21.25	91	14050,0
347	-27.75	20.25	91	14050,0
347	-26.75	20.25	91	14050,0
347	-18.25	11.75	91	14050,0
347	-18.25	11.25	91	14050,0
347	-19.25	10.25	91	14050,0
347	-19.75	10.25	91	14050,0
347	-23.25	13.75	91	14050,0
347	-23.75	13.75	91	14050,0
347	-24.25	13.25	91	14050,0
347	-24.75	13.25	91	14050,0
347	-25.75	14.25	91	14050,0
347	-26.25	14.25	91	14050,0
347	-26.25	13.75	91	14050,0
347	-25.75	13.25	91	14050,0
347	-25.75	12.25	91	14050,0
347	-24.75	11.25	91	14050,0
347	-24.75	10.75	91	14050,0
347	-25.25	10.75	91	14050,0
347	-27.25	12.75	91	14050,0
347	-28.25	12.75	91	14050,0
347	-29.25	13.75	91	14050,0
347	-29.25	14.75	91	14050,0
347	-29.75	15.25	91	14050,0
347	-29.75	16.75	91	14050,0
347	-28.75	16.75	91	14050,0
347	-28.25	17.25	91	14050,0
347	-28.25	17.75	91	14050,0
347	-28.75	18.25	91	14050,0
347	-28.75	19.25	91	14050,0
347	-29.25	19.25	91	14050,0
347	-29.75	18.75	91	14050,0
347	-30.25	18.75	91	14050,0
347	-30.75	19.25	91	14050,0
347	-31.25	19.25	91	14050,0
347	-31.25	18.75	91	14050,0
347	-30.75	18.25	91	14050,0
347	-30.75	17.75	91	14050,0
347	-32.25	17.75	91	14050,0
347	-33.75	19.25	91	14050,0
347	-33.75	19.75	91	14050,0
347	-33.25	20.25	91	14050,0
347	-32.75	20.25	91	14050,0
347	-32.75	19.25	91	14050,0
347	-32.25	19.25	91	14050,0
347	-31.75	19.75	91	14050,0
347	-31.75	20.25	91	14050,0
347	-33.25	21.75	91	14050,0
347	-33.75	21.75	91	14050,0
347	-33.75	20.75	91	14050,0
347	-34.75	19.75	91	14050,0
347	-35.25	19.75	91	14050,0
347	-35.75	20.25	91	14050,0
347	-35.75	21.25	91	14050,0
347	-36.25	21.75	91	14050,0
347	-36.25	23.25	91	14050,0
347	-35.25	24.25	91	14050,0
347	-35.25	25.75	91	14050,0
347	-36.25	26.75	91	14050,0
314	-2.25	10.75	72	14050,50
314	-2.25	11.25	72	14050,50
314	-1.25	11.25	72	14050,50
314	-1.25	12.25	72	14050,50
314	-0.75	12.25	72	14050,50
314	0.25	11.25	72	14050,50
314	0.25	10.25	72	14050,50
314	1.25	9.25	72	14050,50
314	1.25	8.25	72	14050,50
314	2.75	6.75	72	14050,50
314	4.75	6.75	72	14050,50
314	4.75	1.25	72	14050,50
314	4.25	1.25	72	14050,50
314	4.25	2.25	72	14050,50
314	3.25	2.25	72	14050,50
314	2.75	2.75	72	14050,50
314	1.75	2.75	72	14050,50
314	1.75	3.75	72	14050,50
314	1.25	4.25	72	14050,50
314	1.25	5.25	72	14050,50
314	0.25	5.25	72	14050,50
314	-1.25	6.75	72	14050,50
314	-1.25	7.25	72	14050,50
314	-0.75	7.75	72	14050,50
314	-0.75	8.25	72	14050,50
314	-1.25	8.75	72	14050,50
314	-2.25	8.75	72	14050,50
314	-2.75	9.25	72	14050,50
314	-2.75	9.75	72	14050,50
314	-2.25	10.25	72	14050,50
314	-2.25	10.75	72	14050,50
314	-45.25	5.75	72	14100,50
314	-45.25	6.25	72	14100,50
314	-44.75	6.25	72	14100,50
314	-41.25	2.75	72	14100,50
314	-41.25	1.75	72	14100,50
314	-40.25	1.75	72	14100,50
314	-40.25	0.75	72	14100,50
314	-39.25	-0.25	72	14100,50
314	-39.25	-0.75	72	14100,50
314	-42.75	-0.75	72	14100,50
314	-43.25	-0.25	72	14100,50
314	-45.25	-0.25	72	14100,50
314	-45.25	5.75	72	14100,50
314	-43.25	48.75	72	14100,0
314	-43.25	49.25	72	14100,0
314	-42.75	49.25	72	14100,0
314	-42.75	48.75	72	14100,0
314	-43.25	48.75	72	14100,0
56	-38.75	2.25	23	14100,50
56	-38.75	2.75	23	14100,50
56	-38.25	2.75	23	14100,50
56	-38.25	2.25	23	14100,50
56	-38.75	2.25	23	14100,50
57	-37.75	1.25	23	14100,50
57	-37.75	1.75	23	14100,50
57	-37.25	1.75	23	14100,50
57	-36.75	1.25	23	14100,50
57	-36.75	0.75	23	14100,50
57	-37.25	0.75	23	14100,50
57	-37.75	1.25	23	14100,50
58	-36.25	1.25	23	14100,50
58	-36.25	0.75	23	14100,50
58	-35.75	0.75	23	14100,50
58	-35.75	1.25	23	14100,50
58	-36.25	1.25	23	14100,50
59	-35.25	1.75	23	14100,50
59	-35.25	2.25	23	14100,50
59	-34.75	2.25	23	14100,50
59	-34.75	1.75	23	14100,50
59	-35.25	1.75	23	14100,50
37	-39.25	16.75	20	14050,0
37	-39.25	17.25	20	14050,0
37	-38.75	17.75	20	14050,0
37	-38.25	17.75	20	14050,0
37	-36.25	15.75	20	14050,0
37	-35.25	15.75	20	14050,0
37	-34.75	15.25	20	14050,0
37	-34.75	14.25	20	14050,0
37	-34.25	14.25	20	14050,0
37	-33.75	14.75	20	14050,0
37	-33.25	14.75	20	14050,0
37	-33.25	13.75	20	14050,0
37	-25.25	5.75	20	14050,0
37	-24.75	5.75	20	14050,0
37	-24.75	6.25	20	14050,0
37	-25.25	6.75	20	14050,0
37	-25.25	7.25	20	14050,0
37	-24.75	7.25	20	14050,0
37	-24.25	6.75	20	14050,0
37	-23.75	6.75	20	14050,0
37	-23.75	7.75	20	14050,0
37	-21.75	7.75	20	14050,0
37	-21.75	8.25	20	14050,0
37	-22.75	9.25	20	14050,0
37	-22.75	9.75	20	14050,0
37	-21.25	11.25	20	14050,0
37	-20.75	11.25	20	14050,0
37	-19.75	10.25	20	14050,0
37	-19.25	10.25	20	14050,0
37	-18.25	11.25	20	14050,0
37	-18.25	11.75	20	14050,0
37	-20.75	14.25	20	14050,0
37	-20.75	15.25	20	14050,0
37	-21.25	15.75	20	14050,0
37	-21.25	17.25	20	14050,0
37	-20.25	18.25	20	14050,0
37	-20.25	20.25	20	14050,0
37	-17.75	20.25	20	14050,0
37	-16.75	19.25	20	14050,0
37	-15.75	19.25	20	14050,0
37	-14.75	18.25	20	14050,0
37	-13.75	18.25	20	14050,0
37	-11.25	15.75	20	14050,0
37	-9.75	15.75	20	14050,0
37	-9.75	16.75	20	14050,0
37	-7.75	18.75	20	14050,0
37	-7.25	18.75	20	14050,0
37	-6.75	18.25	20	14050,0
37	-6.75	17.25	20	14050,0
37	-6.25	16.75	20	14050,0
37	-6.25	16.25	20	14050,0
37	-6.75	15.75	20	14050,0
37	-6.75	15.25	20	14050,0
37	-5.25	13.75	20	14050,0
37	-5.25	12.25	20	14050,0
37	-6.25	12.25	20	14050,0
37	-6.75	11.75	20	14050,0
37	-6.75	11.25	20	14050,0
37	-5.75	11.25	20	14050,0
37	-5.75	10.25	20	14050,0
37	-5.25	10.25	20	14050,0
37	-4.75	10.75	20	14050,0
37	-4.25	10.75	20	14050,0
37	-4.25	10.25	20	14050,0
37	-4.75	9.75	20	14050,0
37	-4.75	8.75	20	14050,0
37	-8.25	5.25	20	14050,0
37	-8.75	5.25	20	14050,0
37	-8.75	5.75	20	14050,0
37	-8.25	6.25	20	14050,0
37	-8.25	6.75	20	14050,0
37	-9.25	6.75	20	14050,0
37	-10.75	8.25	20	14050,0
37	-10.75	8.75	20	14050,0
37	-10.25	9.25	20	14050,0
37	-10.25	10.75	20	14050,0
37	-10.75	10.75	20	14050,0
37	-11.25	10.25	20	14050,0
37	-12.25	10.25	20	14050,0
37	-12.75	9.75	20	14050,0
37	-13.25	9.75	20	14050,0
37	-13.75	10.25	20	14050,0
37	-13.75	11.25	20	14050,0
37	-15.75	13.25	20	14050,0
37	-16.25	13.25	20	14050,0
37	-17.25	12.25	20	14050,0
37	-17.25	11.75	20	14050,0
37	-16.75	11.25	20	14050,0
37	-16.75	9.75	20	14050,0
37	-21.25	5.25	20	14050,0
37	-21.25	4.25	20	14050,0
37	-22.25	4.25	20	14050,0
37	-22.75	3.75	20	14050,0
37	-24.25	3.75	20	14050,0
37	-25.25	4.75	20	14050,0
37	-25.75	4.75	20	14050,0
37	-25.75	3.25	20	14050,0
37	-25.25	2.75	20	14050,0
37	-25.25	2.25	20	14050,0
37	-25.75	1.75	20	14050,0
37	-26.25	1.75	20	14050,0
37	-26.75	2.25	20	14050,0
37	-27.75	2.25	20	14050,0
37	-32.75	7.25	20	14050,0
37	-32.75	7.75	20	14050,0
37	-32.25	7.75	20	14050,0
37	-30.25	5.75	20	14050,0
37	-29.75	5.75	20	14050,0
37	-29.75	7.25	20	14050,0
37	-32.25	9.75	20	14050,0
37	-32.25	10.75	20	14050,0
37	-33.25	10.75	20	14050,0
37	-34.75	12.25	20	14050,0
37	-35.75	12.25	20	14050,0
37	-35.75	13.25	20	14050,0
37	-39.25	16.75	20	14050,0
287	1.75	0.75	62	14000,0
287	1.75	1.25	62	14000,0
287	3.75	3.25	62	14000,0
287	5.25	3.25	62	14000,0
287	5.25	0.75	62	14000,0
287	1.75	0.75	62	14000,0
287	-44.75	4.25	62	14050,0
287	-44.75	4.75	62	14050,0
287	-44.25	5.25	62	14050,0
287	-43.75	5.25	62	14050,0
287	-40.25	1.75	62	14050,0
287	-38.75	1.75	62	14050,0
287	-37.75	2.75	62	14050,0
287	-35.75	2.75	62	14050,0
287	-34.75	3.75	62	14050,0
287	-33.75	3.75	62	14050,0
287	-32.25	5.25	62	14050,0
287	-31.75	5.25	62	14050,0
287	-31.25	4.75	62	14050,0
287	-30.25	4.75	62	14050,0
287	-26.75	1.25	62	14050,0
287	-26.75	0.75	62	14050,0
287	-27.25	0.75	62	14050,0
287	-27.75	1.25	62	14050,0
287	-28.25	1.25	62	14050,0
287	-28.75	0.75	62	14050,0
287	-44.25	0.75	62	14050,0
287	-44.75	1.25	62	14050,0
287	-44.75	4.25	62	14050,0
348	-6.75	40.25	92	14050,0
348	-6.75	40.75	92	14050,0
348	-6.25	40.75	92	14050,0
348	-0.75	35.25	92	14050,0
348	-0.75	34.75	92	14050,0
348	-1.25	34.25	92	14050,0
348	-1.25	33.25	92	14050,0
348	-1.75	33.25	92	14050,0
348	-2.25	33.75	92	14050,0
348	-2.25	34.75	92	14050,0
348	-4.25	34.75	92	14050,0
348	-4.75	35.25	92	14050,0
348	-4.75	36.25	92	14050,0
348	-5.75	37.25	92	14050,0
348	-5.75	38.25	92	14050,0
348	-6.75	38.25	92	14050,0
348	-6.75	40.25	92	14050,0
12	-12.25	30.75	106	14050,0
12	-12.25	31.25	106	14050,0
12	-11.75	31.25	106	14050,0
12	-10.25	29.75	106	14050,0
12	-9.75	29.75	106	14050,0
12	-9.75	30.75	106	14050,0
12	-9.25	30.75	106	14050,0
12	-7.25	28.75	106	14050,0
12	-7.25	26.75	106	14050,0
12	-5.75	25.25	106	14050,0
12	-5.25	25.25	106	14050,0
12	-5.25	25.75	106	14050,0
12	-6.25	26.75	106	14050,0
12	-6.25	27.25	106	14050,0
12	-5.75	27.25	106	14050,0
12	-4.25	25.75	106	14050,0
12	-4.25	25.25	106	14050,0
12	-4.75	24.75	106	14050,0
12	-4.75	24.25	106	14050,0
12	-4.25	23.75	106	14050,0
12	-4.25	23.25	106	14050,0
12	-6.25	21.25	106	14050,0
12	-6.25	20.25	106	14050,0
12	-6.75	19.75	106	14050,0
12	-7.25	19.75	106	14050,0
12	-7.25	20.75	106	14050,0
12	-9.25	20.75	106	14050,0
12	-9.25	21.75	106	14050,0
12	-12.75	25.25	106	14050,0
12	-12.75	26.75	106	14050,0
12	-12.25	26.75	106	14050,0
12	-11.75	26.25	106	14050,0
12	-11.25	26.25	106	14050,0
12	-10.25	27.25	106	14050,0
12	-10.25	28.75	106	14050,0
12	-12.25	30.75	106	14050,0
315	-42.25	49.25	72	14100,0
315	-42.25	48.75	72	14100,0
315	-41.75	48.25	72	14100,0
315	-41.75	47.25	72	14100,0
315	-39.75	45.25	72	14100,0
315	-38.75	45.25	72	14100,0
315	-38.75	44.25	72	14100,0
315	-35.75	41.25	72	14100,0
315	-34.25	41.25	72	14100,0
315	-33.25	42.25	72	14100,0
315	-32.25	42.25	72	14100,0
315	-32.25	43.75	72	14100,0
315	-33.25	43.75	72	14100,0
315	-33.75	44.25	72	14100,0
315	-34.75	44.25	72	14100,0
315	-35.25	44.75	72	14100,0
315	-35.25	45.75	72	14100,0
315	-38.75	49.25	72	14100,0
315	-42.25	49.25	72	14100,0
317	-31.25	2.75	74	14100,50
317	-31.25	3.25	74	14100,50
317	-30.75	3.75	74	14100,50
317	-30.25	3.75	74	14100,50
317	-28.75	2.25	74	14100,50
317	-27.75	2.25	74	14100,50
317	-25.75	0.25	74	14100,50
317	-25.75	-0.25	74	14100,50
317	-26.75	-0.25	74	14100,50
317	-27.25	-0.75	74	14100,50
317	-29.75	-0.75	74	14100,50
317	-29.75	-0.25	74	14100,50
317	-29.25	0.25	74	14100,50
317	-29.25	0.75	74	14100,50
317	-31.25	2.75	74	14100,50
317	-29.75	48.25	74	14100,0
317	-29.75	48.75	74	14100,0
317	-29.25	49.25	74	14100,0
317	-26.75	49.25	74	14100,0
317	-26.75	47.75	74	14100,0
317	-27.75	47.75	74	14100,0
317	-28.75	46.75	74	14100,0
317	-28.75	46.25	74	14100,0
317	-27.75	46.25	74	14100,0
317	-27.75	45.75	74	14100,0
317	-28.25	45.25	74	14100,0
317	-28.75	45.25	74	14100,0
317	-29.25	45.75	74	14100,0
317	-29.75	45.75	74	14100,0
317	-30.25	45.25	74	14100,0
317	-30.75	45.25	74	14100,0
317	-30.75	45.75	74	14100,0
317	-30.25	46.25	74	14100,0
317	-30.25	47.25	74	14100,0
317	-29.25	47.25	74	14100,0
317	-29.25	47.75	74	14100,0
317	-29.75	48.25	74	14100,0
4	-28.25	2.75	101	14100,50
4	-28.25	3.25	101	14100,50
4	-27.75	3.25	101	14100,50
4	-25.75	1.25	101	14100,50
4	-24.25	1.25	101	14100,50
4	-24.25	2.25	101	14100,50
4	-23.75	2.75	101	14100,50
4	-22.25	2.75	101	14100,50
4	-21.25	1.75	101	14100,50
4	-21.25	1.25	101	14100,50
4	-22.25	0.25	101	14100,50
4	-23.25	0.25	101	14100,50
4	-23.25	-0.75	101	14100,50
4	-25.75	-0.75	101	14100,50
4	-25.75	0.25	101	14100,50
4	-28.25	2.75	101	14100,50
4	-30.25	44.75	101	14100,0
4	-30.25	45.25	101	14100,0
4	-29.75	45.75	101	14100,0
4	-29.25	45.75	101	14100,0
4	-28.75	45.25	101	14100,0
4	-28.25	45.25	101	14100,0
4	-27.75	45.75	101	14100,0
4	-27.75	46.25	101	14100,0
4	-28.75	46.25	101	14100,0
4	-28.75	46.75	101	14100,0
4	-27.75	47.75	101	14100,0
4	-26.75	47.75	101	14100,0
4	-26.75	48.75	101	14100,0
4	-26.25	49.25	101	14100,0
4	-22.75	49.25	101	14100,0
4	-22.75	48.75	101	14100,0
4	-23.25	48.25	101	14100,0
4	-24.25	48.25	101	14100,0
4	-24.25	47.75	101	14100,0
4	-23.25	46.75	101	14100,0
4	-23.25	46.25	101	14100,0
4	-24.25	46.25	101	14100,0
4	-24.75	45.75	101	14100,0
4	-24.75	44.75	101	14100,0
4	-25.25	44.25	101	14100,0
4	-25.75	44.25	101	14100,0
4	-25.75	45.25	101	14100,0
4	-27.25	45.25	101	14100,0
4	-28.75	43.75	101	14100,0
4	-29.25	43.75	101	14100,0
4	-30.25	44.75	101	14100,0
5	-26.75	-0.75	101	14100,50
5	-26.75	-0.25	101	14100,50
5	-26.25	-0.25	101	14100,50
5	-26.25	-0.75	101	14100,50
5	-26.75	-0.75	101	14100,50
38	-25.75	4.25	21	14050,0
38	-25.75	4.75	21	14050,0
38	-25.25	4.75	21	14050,0
38	-24.25	3.75	21	14050,0
38	-22.75	3.75	21	14050,0
38	-22.25	4.25	21	14050,0
38	-21.25	4.25	21	14050,0
38	-21.25	5.25	21	14050,0
38	-16.75	9.75	21	14050,0
38	-16.75	11.25	21	14050,0
38	-17.25	11.75	21	14050,0
38	-17.25	12.25	21	14050,0
38	-16.25	13.25	21	14050,0
38	-15.75	13.25	21	14050,0
38	-13.75	11.25	21	14050,0
38	-13.75	10.25	21	14050,0
38	-13.25	9.75	21	14050,0
38	-12.75	9.75	21	14050,0
38	-12.25	10.25	21	14050,0
38	-11.25	10.25	21	14050,0
38	-10.75	10.75	21	14050,0
38	-10.25	10.75	21	14050,0
38	-10.25	9.25	21	14050,0
38	-10.75	8.75	21	14050,0
38	-10.75	8.25	21	14050,0
38	-9.25	6.75	21	14050,0
38	-8.25	6.75	21	14050,0
38	-8.25	6.25	21	14050,0
38	-8.75	5.75	21	14050,0
38	-8.75	4.75	21	14050,0
38	-10.75	2.75	21	14050,0
38	-11.25	2.75	21	14050,0
38	-14.25	5.75	21	14050,0
38	-14.75	5.75	21	14050,0
38	-19.75	0.75	21	14050,0
38	-20.25	0.75	21	14050,0
38	-22.25	2.75	21	14050,0
38	-22.75	2.75	21	14050,0
38	-24.75	0.75	21	14050,0
38	-26.25	0.75	21	14050,0
38	-27.25	1.75	21	14050,0
38	-27.25	2.25	21	14050,0
38	-26.75	2.25	21	14050,0
38	-26.25	1.75	21	14050,0
38	-25.75	1.75	21	14050,0
38	-25.25	2.25	21	14050,0
38	-25.25	2.75	21	14050,0
38	-25.75	3.25	21	14050,0
38	-25.75	4.25	21	14050,0
63	-31.75	44.25	26	14100,0
63	-31.75	44.75	26	14100,0
63	-31.25	44.75	26	14100,0
63	-26.25	39.75	26	14100,0
63	-26.25	39.25	26	14100,0
63	-26.75	39.25	26	14100,0
63	-27.25	39.75	26	14100,0
63	-28.25	39.75	26	14100,0
63	-29.25	40.75	26	14100,0
63	-30.25	40.75	26	14100,0
63	-30.25	41.75	26	14100,0
63	-31.75	43.25	26	14100,0
63	-31.75	44.25	26	14100,0
63	-23.25	-0.25	26	14100,50
63	-23.25	0.25	26	14100,50
63	-22.25	0.25	26	14100,50
63	-21.25	1.25	26	14100,50
63	-20.75	1.25	26	14100,50
63	-19.25	-0.25	26	14100,50
63	-19.25	-0.75	26	14100,50
63	-22.75	-0.75	26	14100,50
63	-23.25	-0.25	26	14100,50
63	-44.75	8.25	26	14150,0
63	-44.75	8.75	26	14150,0
63	-44.25	8.75	26	14150,0
63	-41.75	6.25	26	14150,0
63	-41.75	5.75	26	14150,0
63	-42.75	5.75	26	14150,0
63	-42.75	4.75	26	14150,0
63	-43.25	4.75	26	14150,0
63	-44.75	6.25	26	14150,0
63	-44.75	8.25	26	14150,0
64	-28.75	43.25	26	14100,0
64	-28.75	43.75	26	14100,0
64	-27.25	45.25	26	14100,0
64	-25.75	45.25	26	14100,0
64	-25.75	44.25	26	14100,0
64	-25.25	44.25	26	14100,0
64	-24.75	44.75	26	14100,0
64	-24.75	45.75	26	14100,0
64	-24.25	46.25	26	14100,0
64	-23.25	46.25	26	14100,0
64	-23.25	46.75	26	14100,0
64	-24.25	47.75	26	14100,0
64	-24.25	48.25	26	14100,0
64	-23.25	48.25	26	14100,0
64	-22.25	49.25	26	14100,0
64	-18.75	49.25	26	14100,0
64	-15.25	45.75	26	14100,0
64	-15.25	45.25	26	14100,0
64	-15.75	45.25	26	14100,0
64	-16.25	45.75	26	14100,0
64	-16.75	45.75	26	14100,0
64	-17.25	45.25	26	14100,0
64	-17.25	44.75	26	14100,0
64	-16.75	44.25	26	14100,0
64	-16.75	43.75	26	14100,0
64	-17.25	43.25	26	14100,0
64	-17.75	43.25	26	14100,0
64	-18.25	43.75	26	14100,0
64	-18.75	43.75	26	14100,0
64	-18.75	43.25	26	14100,0
64	-17.75	42.25	26	14100,0
64	-17.75	41.75	26	14100,0
64	-19.75	41.75	26	14100,0
64	-19.75	41.25	26	14100,0
64	-18.75	40.25	26	14100,0
64	-18.75	39.75	26	14100,0
64	-19.75	38.75	26	14100,0
64	-19.75	38.25	26	14100,0
64	-17.75	36.25	26	14100,0
64	-17.25	36.25	26	14100,0
64	-16.75	36.75	26	14100,0
64	-16.75	37.25	26	14100,0
64	-17.75	38.25	26	14100,0
64	-17.75	38.75	26	14100,0
64	-17.25	38.75	26	14100,0
64	-16.25	37.75	26	14100,0
64	-15.75	37.75	26	14100,0
64	-15.25	38.25	26	14100,0
64	-15.25	39.25	26	14100,0
64	-14.25	39.25	26	14100,0
64	-14.25	39.75	26	14100,0
64	-14.75	40.25	26	14100,0
64	-15.25	40.25	26	14100,0
64	-15.75	39.75	26	14100,0
64	-16.25	39.75	26	14100,0
64	-16.25	40.25	26	14100,0
64	-15.75	40.75	26	14100,0
64	-15.75	41.75	26	14100,0
64	-14.75	41.75	26	14100,0
64	-14.25	42.25	26	14100,0
64	-11.75	42.25	26	14100,0
64	-9.25	39.75	26	14100,0
64	-9.25	39.25	26	14100,0
64	-10.75	37.75	26	14100,0
64	-11.75	37.75	26	14100,0
64	-12.25	37.25	26	14100,0
64	-12.25	36.75	26	14100,0
64	-11.75	36.25	26	14100,0
64	-11.75	35.75	26	14100,0
64	-12.75	35.75	26	14100,0
64	-13.25	35.25	26	14100,0
64	-13.25	34.25	26	14100,0
64	-14.25	34.25	26	14100,0
64	-14.75	33.75	26	14100,0
64	-14.75	32.25	26	14100,0
64	-13.75	32.25	26	14100,0
64	-13.75	31.75	26	14100,0
64	-14.75	30.75	26	14100,0
64	-15.75	30.75	26	14100,0
64	-15.75	30.25	26	14100,0
64	5.25	9.25	26	14100,0
64	5.25	6.75	26	14100,0
64	4.75	6.75	26	14100,0
64	-4.75	16.25	26	14100,0
64	-4.75	16.75	26	14100,0
64	-4.25	16.75	26	14100,0
64	2.75	9.75	26	14100,0
64	3.25	9.75	26	14100,0
64	3.25	10.25	26	14100,0
64	-12.25	25.75	26	14100,0
64	-12.75	25.75	26	14100,0
64	-12.75	25.25	26	14100,0
64	-5.75	18.25	26	14100,0
64	-5.75	17.75	26	14100,0
64	-6.25	17.75	26	14100,0
64	-17.75	29.25	26	14100,0
64	-17.75	30.25	26	14100,0
64	-18.25	30.75	26	14100,0
64	-18.25	31.25	26	14100,0
64	-17.75	31.25	26	14100,0
64	-16.75	30.25	26	14100,0
64	-16.25	30.25	26	14100,0
64	-16.25	30.75	26	14100,0
64	-17.25	31.75	26	14100,0
64	-17.25	32.25	26	14100,0
64	-16.25	32.25	26	14100,0
64	-15.75	32.75	26	14100,0
64	-15.75	34.25	26	14100,0
64	-16.75	34.25	26	14100,0
64	-18.25	35.75	26	14100,0
64	-18.75	35.75	26	14100,0
64	-18.75	35.25	26	14100,0
64	-17.25	33.75	26	14100,0
64	-17.25	33.25	26	14100,0
64	-18.75	31.75	26	14100,0
64	-19.25	31.75	26	14100,0
64	-19.75	32.25	26	14100,0
64	-19.75	32.75	26	14100,0
64	-18.75	32.75	26	14100,0
64	-18.75	33.25	26	14100,0
64	-21.25	35.75	26	14100,0
64	-21.75	35.75	26	14100,0
64	-21.75	34.75	26	14100,0
64	-22.25	34.25	26	14100,0
64	-22.75	34.25	26	14100,0
64	-23.75	35.25	26	14100,0
64	-23.75	36.75	26	14100,0
64	-23.25	36.75	26	14100,0
64	-22.75	36.25	26	14100,0
64	-22.25	36.25	26	14100,0
64	-22.25	36.75	26	14100,0
64	-28.75	43.25	26	14100,0
10	-19.25	0.75	104	14050,0
10	-19.25	1.25	104	14050,0
10	-14.75	5.75	104	14050,0
10	-14.25	5.75	104	14050,0
10	-11.25	2.75	104	14050,0
10	-11.25	2.25	104	14050,0
10	-12.25	1.25	104	14050,0
10	-12.75	1.25	104	14050,0
10	-13.25	1.75	104	14050,0
10	-13.75	1.75	104	14050,0
10	-14.75	0.75	104	14050,0
10	-15.25	0.75	104	14050,0
10	-16.75	2.25	104	14050,0
10	-17.25	2.25	104	14050,0
10	-18.75	0.75	104	14050,0
10	-19.25	0.75	104	14050,0
76	-13.25	-0.25	32	14050,0
76	-13.25	0.25	32	14050,0
76	-11.25	2.25	32	14050,0
76	-10.75	2.25	32	14050,0
76	-9.25	0.75	32	14050,0
76	-8.75	0.75	32	14050,0
76	-8.25	1.25	32	14050,0
76	-6.75	1.25	32	14050,0
76	-6.25	0.75	32	14050,0
76	-5.75	0.75	32	14050,0
76	-5.25	1.25	32	14050,0
76	-4.75	1.25	32	14050,0
76	-4.25	0.75	32	14050,0
76	-2.75	0.75	32	14050,0
76	-2.25	1.25	32	14050,0
76	-1.75	1.25	32	14050,0
76	-1.25	0.75	32	14050,0
76	-0.75	0.75	32	14050,0
76	-0.25	1.25	32	14050,0
76	0.25	1.25	32	14050,0
76	0.75	0.75	32	14050,0
76	2.25	0.75	32	14050,0
76	3.25	1.75	32	14050,0
76	3.75	1.75	32	14050,0
76	4.75	0.75	32	14050,0
76	4.75	0.25	32	14050,0
76	4.25	-0.25	32	14050,0
76	-13.25	-0.25	32	14050,0
76	-45.25	-0.25	32	14100,0
76	-45.25	0.25	32	14100,0
76	-43.75	1.75	32	14100,0
76	-43.25	1.75	32	14100,0
76	-42.25	0.75	32	14100,0
76	-41.75	0.75	32	14100,0
76	-41.25	1.25	32	14100,0
76	-40.75	1.25	32	14100,0
76	-40.25	0.75	32	14100,0
76	-39.75	0.75	32	14100,0
76	-37.75	2.75	32	14100,0
76	-37.25	2.75	32	14100,0
76	-35.75	1.25	32	14100,0
76	-34.75	1.25	32	14100,0
76	-34.25	0.75	32	14100,0
76	-33.75	0.75	32	14100,0
76	-33.25	1.25	32	14100,0
76	-32.75	1.25	32	14100,0
76	-31.75	0.25	32	14100,0
76	-31.75	-0.25	32	14100,0
76	-45.25	-0.25	32	14100,0
123	-10.75	2.25	51	14050,0
123	-10.75	2.75	51	14050,0
123	-8.25	5.25	51	14050,0
123	-7.75	5.25	51	14050,0
123	-6.25	3.75	51	14050,0
123	-6.25	2.75	51	14050,0
123	-5.75	2.75	51	14050,0
123	-5.25	3.25	51	14050,0
123	-4.75	3.25	51	14050,0
123	-4.25	2.75	51	14050,0
123	-3.75	2.75	51	14050,0
123	-2.25	4.25	51	14050,0
123	-1.75	4.25	51	14050,0
123	-1.25	3.75	51	14050,0
123	-0.75	3.75	51	14050,0
123	-0.25	4.25	51	14050,0
123	0.75	4.25	51	14050,0
123	1.75	5.25	51	14050,0
123	2.25	5.25	51	14050,0
123	4.75	2.75	51	14050,0
123	4.75	1.25	51	14050,0
123	4.25	1.25	51	14050,0
123	3.75	1.75	51	14050,0
123	3.25	1.75	51	14050,0
123	2.25	0.75	51	14050,0
123	0.75	0.75	51	14050,0
123	0.25	1.25	51	14050,0
123	-0.25	1.25	51	14050,0
123	-0.75	0.75	51	14050,0
123	-1.25	0.75	51	14050,0
123	-1.75	1.25	51	14050,0
123	-2.25	1.25	51	14050,0
123	-2.75	0.75	51	14050,0
123	-4.25	0.75	51	14050,0
123	-4.75	1.25	51	14050,0
123	-5.25	1.25	51	14050,0
123	-5.75	0.75	51	14050,0
123	-6.25	0.75	51	14050,0
123	-6.75	1.25	51	14050,0
123	-8.25	1.25	51	14050,0
123	-8.75	0.75	51	14050,0
123	-9.25	0.75	51	14050,0
123	-10.75	2.25	51	14050,0
123	-45.25	2.75	51	14100,0
123	-45.25	3.25	51	14100,0
123	-44.75	3.25	51	14100,0
123	-43.75	2.25	51	14100,0
123	-43.75	1.75	51	14100,0
123	-44.75	0.75	51	14100,0
123	-45.25	0.75	51	14100,0
123	-45.25	2.75	51	14100,0
292	-7.75	5.25	64	14050,0
292	-7.75	5.75	64	14050,0
292	-4.75	8.75	64	14050,0
292	-4.25	8.75	64	14050,0
292	-2.75	7.25	64	14050,0
292	-0.25	7.25	64	14050,0
292	-0.25	7.75	64	14050,0
292	-0.75	8.25	64	14050,0
292	-0.75	8.75	64	14050,0
292	0.25	9.75	64	14050,0
292	0.75	9.75	64	14050,0
292	1.75	8.75	64	14050,0
292	1.75	8.25	64	14050,0
292	1.25	7.75	64	14050,0
292	1.25	7.25	64	14050,0
292	4.75	3.75	64	14050,0
292	4.75	3.25	64	14050,0
292	4.25	3.25	64	14050,0
292	2.25	5.25	64	14050,0
292	1.75	5.25	64	14050,0
292	0.75	4.25	64	14050,0
292	-0.25	4.25	64	14050,0
292	-0.75	3.75	64	14050,0
292	-1.25	3.75	64	14050,0
292	-1.75	4.25	64	14050,0
292	-2.25	4.25	64	14050,0
292	-3.75	2.75	64	14050,0
292	-4.25	2.75	64	14050,0
292	-4.75	3.25	64	14050,0
292	-5.25	3.25	64	14050,0
292	-5.75	2.75	64	14050,0
292	-6.25	2.75	64	14050,0
292	-6.25	3.75	64	14050,0
292	-7.75	5.25	64	14050,0
292	-45.25	3.75	64	14100,0
292	-45.25	4.25	64	14100,0
292	-44.25	4.25	64	14100,0
292	-43.25	5.25	64	14100,0
292	-42.75	5.25	64	14100,0
292	-41.75	4.25	64	14100,0
292	-41.25	4.25	64	14100,0
292	-38.75	6.75	64	14100,0
292	-38.25	6.75	64	14100,0
292	-36.25	4.75	64	14100,0
292	-36.25	4.25	64	14100,0
292	-37.25	3.25	64	14100,0
292	-37.75	3.25	64	14100,0
292	-38.25	3.75	64	14100,0
292	-38.75	3.75	64	14100,0
292	-39.75	2.75	64	14100,0
292	-42.75	2.75	64	14100,0
292	-43.25	2.25	64	14100,0
292	-43.75	2.25	64	14100,0
292	-45.25	3.75	64	14100,0
211	-4.25	8.75	58	14050,0
211	-4.25	9.25	58	14050,0
211	-1.25	12.25	58	14050,0
211	-0.25	12.25	58	14050,0
211	0.25	12.75	58	14050,0
211	0.75	12.75	58	14050,0
211	0.75	11.75	58	14050,0
211	1.25	11.75	58	14050,0
211	1.75	12.25	58	14050,0
211	1.75	12.75	58	14050,0
211	1.25	13.25	58	14050,0
211	1.25	13.75	58	14050,0
211	1.75	13.75	58	14050,0
211	2.75	12.75	58	14050,0
211	3.25	12.75	58	14050,0
211	4.25	13.75	58	14050,0
211	4.75	13.75	58	14050,0
211	4.75	10.25	58	14050,0
211	3.75	10.25	58	14050,0
211	3.25	9.75	58	14050,0
211	3.25	9.25	58	14050,0
211	4.75	7.75	58	14050,0
211	4.75	4.25	58	14050,0
211	4.25	4.25	58	14050,0
211	1.25	7.25	58	14050,0
211	1.25	7.75	58	14050,0
211	1.75	8.25	58	14050,0
211	1.75	8.75	58	14050,0
211	0.75	9.75	58	14050,0
211	0.25	9.75	58	14050,0
211	-0.75	8.75	58	14050,0
211	-0.75	8.25	58	14050,0
211	-0.25	7.75	58	14050,0
211	-0.25	7.25	58	14050,0
211	-2.75	7.25	58	14050,0
211	-4.25	8.75	58	14050,0
211	-45.25	12.75	58	14100,0
211	-45.25	13.25	58	14100,0
211	-44.75	13.25	58	14100,0
211	-44.25	12.75	58	14100,0
211	-44.25	12.25	58	14100,0
211	-44.75	11.75	58	14100,0
211	-45.25	11.75	58	14100,0
211	-45.25	12.75	58	14100,0
20	-0.75	12.25	12	14050,0
20	-0.75	12.75	12	14050,0
20	4.25	17.75	12	14050,0
20	4.75	17.75	12	14050,0
20	4.75	14.25	12	14050,0
20	3.25	12.75	12	14050,0
20	2.75	12.75	12	14050,0
20	1.75	13.75	12	14050,0
20	1.25	13.75	12	14050,0
20	1.25	13.25	12	14050,0
20	1.75	12.75	12	14050,0
20	1.75	12.25	12	14050,0
20	1.25	11.75	12	14050,0
20	0.75	11.75	12	14050,0
20	0.75	12.75	12	14050,0
20	0.25	12.75	12	14050,0
20	-0.25	12.25	12	14050,0
20	-0.75	12.25	12	14050,0
20	-45.25	17.75	12	14100,0
20	-45.25	18.25	12	14100,0
20	-40.25	23.25	12	14100,0
20	-39.75	23.25	12	14100,0
20	-38.25	21.75	12	14100,0
20	-37.25	21.75	12	14100,0
20	-36.25	20.75	12	14100,0
20	-36.25	19.75	12	14100,0
20	-35.25	18.75	12	14100,0
20	-35.25	17.75	12	14100,0
20	-34.75	17.25	12	14100,0
20	-34.75	16.25	12	14100,0
20	-33.75	15.25	12	14100,0
20	-33.75	14.75	12	14100,0
20	-36.25	12.25	12	14100,0
20	-37.25	12.25	12	14100,0
20	-37.25	10.25	12	14100,0
20	-38.25	10.25	12	14100,0
20	-42.75	5.75	12	14100,0
20	-43.25	5.75	12	14100,0
20	-45.25	7.75	12	14100,0
20	-45.25	11.25	12	14100,0
20	-44.25	12.25	12	14100,0
20	-44.25	12.75	12	14100,0
20	-45.25	13.75	12	14100,0
20	-45.25	17.75	12	14100,0
21	3.25	9.25	12	14050,0
21	3.25	9.75	12	14050,0
21	3.75	10.25	12	14050,0
21	4.25	10.25	12	14050,0
21	4.75	9.75	12	14050,0
21	4.75	8.25	12	14050,0
21	4.25	8.25	12	14050,0
21	3.25	9.25	12	14050,0
36	-34.25	28.75	2	14100,0
36	-34.25	29.25	2	14100,0
36	-31.75	31.75	2	14100,0
36	-31.25	31.75	2	14100,0
36	-30.75	31.25	2	14100,0
36	-30.25	31.25	2	14100,0
36	-29.75	31.75	2	14100,0
36	-29.25	31.75	2	14100,0
36	-28.75	31.25	2	14100,0
36	-28.25	31.25	2	14100,0
36	-27.75	31.75	2	14100,0
36	-27.25	31.75	2	14100,0
36	-26.25	30.75	2	14100,0
36	-26.25	30.25	2	14100,0
36	-26.75	29.75	2	14100,0
36	-26.75	29.25	2	14100,0
36	-23.25	25.75	2	14100,0
36	-22.25	25.75	2	14100,0
36	-21.75	25.25	2	14100,0
36	-20.75	25.25	2	14100,0
36	-20.75	24.75	2	14100,0
36	-21.25	24.25	2	14100,0
36	-21.75	24.25	2	14100,0
36	-22.25	24.75	2	14100,0
36	-23.25	24.75	2	14100,0
36	-26.25	27.75	2	14100,0
36	-26.75	27.75	2	14100,0
36	-28.25	26.25	2	14100,0
36	-28.25	25.25	2	14100,0
36	-28.75	25.25	2	14100,0
36	-29.75	26.25	2	14100,0
36	-30.25	26.25	2	14100,0
36	-30.25	25.75	2	14100,0
36	-27.25	22.75	2	14100,0
36	-27.25	21.25	2	14100,0
36	-29.25	19.25	2	14100,0
36	-30.25	19.25	2	14100,0
36	-30.75	18.75	2	14100,0
36	-31.25	18.75	2	14100,0
36	-32.25	19.75	2	14100,0
36	-32.25	20.75	2	14100,0
36	-33.75	20.75	2	14100,0
36	-33.75	19.25	2	14100,0
36	-31.75	17.25	2	14100,0
36	-31.75	16.75	2	14100,0
36	-32.25	16.75	2	14100,0
36	-35.25	19.75	2	14100,0
36	-35.25	20.75	2	14100,0
36	-35.75	21.25	2	14100,0
36	-35.75	21.75	2	14100,0
36	-34.75	21.75	2	14100,0
36	-34.75	22.75	2	14100,0
36	-34.25	23.25	2	14100,0
36	-34.25	23.75	2	14100,0
36	-34.75	24.25	2	14100,0
36	-34.75	24.75	2	14100,0
36	-33.75	24.75	2	14100,0
36	-33.75	27.25	2	14100,0
36	-34.25	27.75	2	14100,0
36	-34.25	28.75	2	14100,0
350	-18.75	43.25	94	14100,0
350	-18.75	43.75	94	14100,0
350	-18.25	43.75	94	14100,0
350	-17.75	43.25	94	14100,0
350	-17.25	43.25	94	14100,0
350	-16.75	43.75	94	14100,0
350	-16.75	44.25	94	14100,0
350	-17.25	44.75	94	14100,0
350	-17.25	45.25	94	14100,0
350	-16.75	45.75	94	14100,0
350	-16.25	45.75	94	14100,0
350	-15.75	45.25	94	14100,0
350	-14.75	45.25	94	14100,0
350	-12.25	42.75	94	14100,0
350	-12.25	42.25	94	14100,0
350	-14.25	42.25	94	14100,0
350	-14.75	41.75	94	14100,0
350	-15.75	41.75	94	14100,0
350	-15.75	40.75	94	14100,0
350	-16.25	40.25	94	14100,0
350	-16.25	39.75	94	14100,0
350	-15.75	39.75	94	14100,0
350	-15.25	40.25	94	14100,0
350	-14.75	40.25	94	14100,0
350	-14.25	39.75	94	14100,0
350	-14.25	39.25	94	14100,0
350	-15.25	39.25	94	14100,0
350	-15.25	38.25	94	14100,0
350	-15.75	37.75	94	14100,0
350	-16.25	37.75	94	14100,0
350	-17.25	38.75	94	14100,0
350	-17.75	38.75	94	14100,0
350	-17.75	38.25	94	14100,0
350	-16.75	37.25	94	14100,0
350	-16.75	36.75	94	14100,0
350	-17.25	36.25	94	14100,0
350	-17.75	36.25	94	14100,0
350	-19.75	38.25	94	14100,0
350	-19.75	38.75	94	14100,0
350	-18.75	39.75	94	14100,0
350	-18.75	40.25	94	14100,0
350	-19.75	41.25	94	14100,0
350	-19.75	41.75	94	14100,0
350	-17.75	41.75	94	14100,0
350	-17.75	42.25	94	14100,0
350	-18.75	43.25	94	14100,0
212	-45.25	6.75	58	14100,0
212	-45.25	7.25	58	14100,0
212	-44.75	7.25	58	14100,0
212	-43.25	5.75	58	14100,0
212	-43.25	5.25	58	14100,0
212	-44.25	4.25	58	14100,0
212	-44.75	4.25	58	14100,0
212	-45.25	4.75	58	14100,0
212	-45.25	6.75	58	14100,0
288	-21.75	35.25	63	14100,0
288	-21.75	35.75	63	14100,0
288	-21.25	35.75	63	14100,0
288	-18.75	33.25	63	14100,0
288	-18.75	32.75	63	14100,0
288	-19.75	32.75	63	14100,0
288	-19.75	32.25	63	14100,0
288	-19.25	31.75	63	14100,0
288	-18.75	31.75	63	14100,0
288	-16.25	34.25	63	14100,0
288	-15.75	34.25	63	14100,0
288	-15.75	32.75	63	14100,0
288	-16.25	32.25	63	14100,0
288	-17.25	32.25	63	14100,0
288	-18.25	31.25	63	14100,0
288	-18.25	30.75	63	14100,0
288	-17.75	30.25	63	14100,0
288	-17.75	29.75	63	14100,0
288	-19.25	29.75	63	14100,0
288	-20.25	30.75	63	14100,0
288	-20.25	31.75	63	14100,0
288	-22.25	33.75	63	14100,0
288	-22.25	34.25	63	14100,0
288	-21.75	34.75	63	14100,0
288	-21.75	35.25	63	14100,0
289	-18.75	35.25	63	14100,0
289	-18.75	35.75	63	14100,0
289	-18.25	35.75	63	14100,0
289	-18.25	35.25	63	14100,0
289	-18.75	35.25	63	14100,0
290	-17.75	34.25	63	14100,0
290	-17.75	34.75	63	14100,0
290	-17.25	34.75	63	14100,0
290	-17.25	34.25	63	14100,0
290	-17.75	34.25	63	14100,0
291	-17.25	30.75	63	14100,0
291	-17.25	31.25	63	14100,0
291	-16.75	31.25	63	14100,0
291	-16.75	30.75	63	14100,0
291	-17.25	30.75	63	14100,0
96	-30.25	25.75	36	14100,0
96	-30.25	26.25	36	14100,0
96	-29.75	26.25	36	14100,0
96	-28.75	25.25	36	14100,0
96	-28.25	25.25	36	14100,0
96	-28.25	26.25	36	14100,0
96	-26.75	27.75	36	14100,0
96	-26.25	27.75	36	14100,0
96	-23.25	24.75	36	14100,0
96	-22.25	24.75	36	14100,0
96	-21.75	24.25	36	14100,0
96	-21.25	24.25	36	14100,0
96	-20.75	24.75	36	14100,0
96	-20.25	24.75	36	14100,0
96	-20.25	22.75	36	14100,0
96	-19.75	22.25	36	14100,0
96	-19.75	21.75	36	14100,0
96	-20.75	21.75	36	14100,0
96	-22.75	19.75	36	14100,0
96	-22.75	18.25	36	14100,0
96	-22.25	17.75	36	14100,0
96	-21.25	17.75	36	14100,0
96	-20.75	17.25	36	14100,0
96	-20.75	16.75	36	14100,0
96	-21.25	16.25	36	14100,0
96	-21.25	15.75	36	14100,0
96	-18.75	13.25	36	14100,0
96	-18.75	12.75	36	14100,0
96	-23.75	7.75	36	14100,0
96	-24.25	7.75	36	14100,0
96	-29.25	12.75	36	14100,0
96	-29.75	12.75	36	14100,0
96	-30.25	12.25	36	14100,0
96	-30.75	12.25	36	14100,0
96	-31.25	12.75	36	14100,0
96	-31.25	13.25	36	14100,0
96	-30.75	13.75	36	14100,0
96	-30.75	14.25	36	14100,0
96	-32.25	15.75	36	14100,0
96	-32.25	16.25	36	14100,0
96	-31.75	16.75	36	14100,0
96	-31.75	17.25	36	14100,0
96	-33.75	19.25	36	14100,0
96	-33.75	20.75	36	14100,0
96	-32.25	20.75	36	14100,0
96	-32.25	19.75	36	14100,0
96	-31.25	18.75	36	14100,0
96	-30.75	18.75	36	14100,0
96	-30.25	19.25	36	14100,0
96	-29.25	19.25	36	14100,0
96	-27.25	21.25	36	14100,0
96	-27.25	22.75	36	14100,0
96	-30.25	25.75	36	14100,0
77	-37.25	11.75	33	14100,0
77	-37.25	12.25	33	14100,0
77	-36.25	12.25	33	14100,0
77	-32.75	15.75	33	14100,0
77	-32.25	15.75	33	14100,0
77	-30.75	14.25	33	14100,0
77	-30.75	13.75	33	14100,0
77	-31.25	13.25	33	14100,0
77	-31.25	12.75	33	14100,0
77	-30.75	12.25	33	14100,0
77	-30.75	11.25	33	14100,0
77	-30.25	10.75	33	14100,0
77	-30.25	10.25	33	14100,0
77	-30.75	10.25	33	14100,0
77	-31.75	11.25	33	14100,0
77	-32.25	11.25	33	14100,0
77	-32.25	10.25	33	14100,0
77	-32.75	9.75	33	14100,0
77	-32.75	9.25	33	14100,0
77	-31.75	8.25	33	14100,0
77	-31.75	7.75	33	14100,0
77	-34.25	5.25	33	14100,0
77	-35.25	5.25	33	14100,0
77	-35.25	4.75	33	14100,0
77	-33.75	3.25	33	14100,0
77	-33.75	2.75	33	14100,0
77	-34.25	2.75	33	14100,0
77	-38.25	6.75	33	14100,0
77	-38.75	6.75	33	14100,0
77	-41.25	4.25	33	14100,0
77	-41.75	4.25	33	14100,0
77	-42.75	5.25	33	14100,0
77	-42.75	5.75	33	14100,0
77	-38.25	10.25	33	14100,0
77	-37.25	10.25	33	14100,0
77	-37.25	11.75	33	14100,0
297	-12.25	36.75	67	14100,0
297	-12.25	37.25	67	14100,0
297	-11.75	37.75	67	14100,0
297	-10.75	37.75	67	14100,0
297	-9.25	39.25	67	14100,0
297	-8.75	39.25	67	14100,0
297	-7.75	38.25	67	14100,0
297	-7.75	37.75	67	14100,0
297	-8.25	37.25	67	14100,0
297	-8.75	37.25	67	14100,0
297	-9.25	37.75	67	14100,0
297	-9.75	37.75	67	14100,0
297	-9.75	35.75	67	14100,0
297	-10.25	35.25	67	14100,0
297	-10.25	34.75	67	14100,0
297	-9.25	33.75	67	14100,0
297	-9.25	33.25	67	14100,0
297	-10.25	33.25	67	14100,0
297	-10.25	32.75	67	14100,0
297	-9.75	32.25	67	14100,0
297	-9.75	31.75	67	14100,0
297	-10.25	31.25	67	14100,0
297	-10.25	30.25	67	14100,0
297	-10.75	29.75	67	14100,0
297	-10.75	28.75	67	14100,0
297	-11.25	28.25	67	14100,0
297	-11.75	28.25	67	14100,0
297	-12.75	29.25	67	14100,0
297	-13.25	29.25	67	14100,0
297	-13.75	28.75	67	14100,0
297	-14.25	28.75	67	14100,0
297	-15.75	30.25	67	14100,0
297	-15.75	30.75	67	14100,0
297	-14.75	30.75	67	14100,0
297	-13.75	31.75	67	14100,0
297	-13.75	32.25	67	14100,0
297	-14.75	32.25	67	14100,0
297	-14.75	33.75	67	14100,0
297	-14.25	34.25	67	14100,0
297	-13.25	34.25	67	14100,0
297	-13.25	35.25	67	14100,0
297	-12.75	35.75	67	14100,0
297	-11.75	35.75	67	14100,0
297	-11.75	36.25	67	14100,0
297	-12.25	36.75	67	14100,0
16	-9.75	37.25	11	14100,0
16	-9.75	37.75	11	14100,0
16	-9.25	37.75	11	14100,0
16	-8.75	37.25	11	14100,0
16	-8.25	37.25	11	14100,0
16	-7.75	37.75	11	14100,0
16	-7.25	37.75	11	14100,0
16	-7.25	36.75	11	14100,0
16	-2.25	31.75	11	14100,0
16	-2.25	31.25	11	14100,0
16	-3.25	31.25	11	14100,0
16	-3.75	30.75	11	14100,0
16	-3.75	28.75	11	14100,0
16	-4.25	28.75	11	14100,0
16	-4.75	29.25	11	14100,0
16	-5.25	29.25	11	14100,0
16	-5.25	28.75	11	14100,0
16	-4.25	27.75	11	14100,0
16	-4.25	27.25	11	14100,0
16	-4.75	26.75	11	14100,0
16	-5.75	26.75	11	14100,0
16	-5.75	25.75	11	14100,0
16	-6.25	25.25	11	14100,0
16	-6.75	25.25	11	14100,0
16	-7.25	25.75	11	14100,0
16	-7.75	25.75	11	14100,0
16	-8.25	25.25	11	14100,0
16	-8.25	24.75	11	14100,0
16	-4.25	20.75	11	14100,0
16	-3.75	20.75	11	14100,0
16	-3.25	21.25	11	14100,0
16	-3.25	21.75	11	14100,0
16	-5.75	24.25	11	14100,0
16	-5.75	24.75	11	14100,0
16	-4.25	26.25	11	14100,0
16	-3.75	26.25	11	14100,0
16	-3.25	25.75	11	14100,0
16	-3.25	25.25	11	14100,0
16	-3.75	24.75	11	14100,0
16	-3.75	24.25	11	14100,0
16	-1.75	22.25	11	14100,0
16	-1.25	22.25	11	14100,0
16	-1.25	22.75	11	14100,0
16	-2.75	24.25	11	14100,0
16	-2.75	24.75	11	14100,0
16	-2.25	25.25	11	14100,0
16	-1.75	25.25	11	14100,0
16	-0.25	23.75	11	14100,0
16	0.25	23.75	11	14100,0
16	0.25	24.25	11	14100,0
16	-2.75	27.25	11	14100,0
16	-2.75	27.75	11	14100,0
16	-2.25	27.75	11	14100,0
16	-0.25	25.75	11	14100,0
16	0.75	25.75	11	14100,0
16	0.75	24.75	11	14100,0
16	1.25	24.75	11	14100,0
16	2.75	26.25	11	14100,0
16	3.25	26.25	11	14100,0
16	5.25	24.25	11	14100,0
16	5.25	9.75	11	14100,0
16	4.75	9.75	11	14100,0
16	-13.75	28.25	11	14100,0
16	-13.75	28.75	11	14100,0
16	-13.25	29.25	11	14100,0
16	-12.75	29.25	11	14100,0
16	-11.75	28.25	11	14100,0
16	-11.25	28.25	11	14100,0
16	-10.75	28.75	11	14100,0
16	-10.75	29.75	11	14100,0
16	-10.25	30.25	11	14100,0
16	-10.25	31.25	11	14100,0
16	-9.75	31.75	11	14100,0
16	-9.75	32.25	11	14100,0
16	-10.25	32.75	11	14100,0
16	-10.25	33.25	11	14100,0
16	-9.25	33.25	11	14100,0
16	-9.25	33.75	11	14100,0
16	-10.25	34.75	11	14100,0
16	-10.25	35.25	11	14100,0
16	-9.75	35.75	11	14100,0
16	-9.75	37.25	11	14100,0
16	-44.75	23.25	11	14150,0
16	-44.75	23.75	11	14150,0
16	-44.25	23.75	11	14150,0
16	-42.75	22.25	11	14150,0
16	-42.75	21.25	11	14150,0
16	-41.75	21.25	11	14150,0
16	-38.25	17.75	11	14150,0
16	-38.25	17.25	11	14150,0
16	-38.75	16.75	11	14150,0
16	-38.75	16.25	11	14150,0
16	-37.25	14.75	11	14150,0
16	-37.25	13.75	11	14150,0
16	-36.25	13.75	11	14150,0
16	-36.25	12.75	11	14150,0
16	-35.75	12.75	11	14150,0
16	-34.75	13.75	11	14150,0
16	-34.25	13.75	11	14150,0
16	-29.75	9.25	11	14150,0
16	-29.75	8.75	11	14150,0
16	-30.75	8.75	11	14150,0
16	-31.25	8.25	11	14150,0
16	-33.25	8.25	11	14150,0
16	-33.75	7.75	11	14150,0
16	-34.25	7.75	11	14150,0
16	-34.25	8.25	11	14150,0
16	-33.75	8.75	11	14150,0
16	-33.75	9.25	11	14150,0
16	-35.25	10.75	11	14150,0
16	-35.25	11.75	11	14150,0
16	-36.75	11.75	11	14150,0
16	-36.75	11.25	11	14150,0
16	-34.75	9.25	11	14150,0
16	-34.75	8.75	11	14150,0
16	-35.25	8.75	11	14150,0
16	-35.75	9.25	11	14150,0
16	-36.75	9.25	11	14150,0
16	-36.75	10.25	11	14150,0
16	-37.25	10.75	11	14150,0
16	-37.75	10.75	11	14150,0
16	-38.25	10.25	11	14150,0
16	-38.25	9.75	11	14150,0
16	-36.75	8.25	11	14150,0
16	-36.75	7.75	11	14150,0
16	-37.25	7.75	11	14150,0
16	-38.25	8.75	11	14150,0
16	-38.75	8.75	11	14150,0
16	-39.25	8.25	11	14150,0
16	-39.25	7.75	11	14150,0
16	-38.25	6.75	11	14150,0
16	-38.25	6.25	11	14150,0
16	-38.75	5.75	11	14150,0
16	-39.25	5.75	11	14150,0
16	-39.75	6.25	11	14150,0
16	-41.75	6.25	11	14150,0
16	-41.75	6.75	11	14150,0
16	-40.25	8.25	11	14150,0
16	-40.25	8.75	11	14150,0
16	-43.75	12.25	11	14150,0
16	-44.75	12.25	11	14150,0
16	-44.75	23.25	11	14150,0
320	-43.25	1.75	77	14100,0
320	-43.25	2.25	77	14100,0
320	-42.75	2.75	77	14100,0
320	-39.75	2.75	77	14100,0
320	-38.75	3.75	77	14100,0
320	-38.25	3.75	77	14100,0
320	-37.75	3.25	77	14100,0
320	-37.75	2.75	77	14100,0
320	-39.75	0.75	77	14100,0
320	-40.25	0.75	77	14100,0
320	-40.75	1.25	77	14100,0
320	-41.25	1.25	77	14100,0
320	-41.75	0.75	77	14100,0
320	-42.25	0.75	77	14100,0
320	-43.25	1.75	77	14100,0
344	-20.25	24.75	89	14100,0
344	-20.25	25.25	89	14100,0
344	-18.75	26.75	89	14100,0
344	-18.25	26.75	89	14100,0
344	-18.25	26.25	89	14100,0
344	-18.75	25.75	89	14100,0
344	-18.75	24.25	89	14100,0
344	-18.25	24.25	89	14100,0
344	-17.75	24.75	89	14100,0
344	-17.25	24.75	89	14100,0
344	-16.75	24.25	89	14100,0
344	-16.25	24.25	89	14100,0
344	-14.75	25.75	89	14100,0
344	-14.25	25.75	89	14100,0
344	-10.25	21.75	89	14100,0
344	-10.25	21.25	89	14100,0
344	-12.75	18.75	89	14100,0
344	-13.75	18.75	89	14100,0
344	-14.25	18.25	89	14100,0
344	-14.25	17.25	89	14100,0
344	-14.75	16.75	89	14100,0
344	-15.25	16.75	89	14100,0
344	-15.75	17.25	89	14100,0
344	-16.75	17.25	89	14100,0
344	-16.75	18.25	89	14100,0
344	-17.75	19.25	89	14100,0
344	-18.25	19.25	89	14100,0
344	-20.25	17.25	89	14100,0
344	-20.75	17.25	89	14100,0
344	-21.25	17.75	89	14100,0
344	-22.25	17.75	89	14100,0
344	-22.75	18.25	89	14100,0
344	-22.75	19.75	89	14100,0
344	-20.75	21.75	89	14100,0
344	-19.75	21.75	89	14100,0
344	-19.75	22.25	89	14100,0
344	-20.25	22.75	89	14100,0
344	-20.25	24.75	89	14100,0
65	-7.25	36.75	27	14100,0
65	-7.25	37.25	27	14100,0
65	-6.75	37.25	27	14100,0
65	5.25	25.25	27	14100,0
65	5.25	24.75	27	14100,0
65	4.75	24.75	27	14100,0
65	3.25	26.25	27	14100,0
65	2.75	26.25	27	14100,0
65	1.25	24.75	27	14100,0
65	0.75	24.75	27	14100,0
65	0.75	25.75	27	14100,0
65	-0.25	25.75	27	14100,0
65	-2.25	27.75	27	14100,0
65	-2.75	27.75	27	14100,0
65	-2.75	27.25	27	14100,0
65	0.25	24.25	27	14100,0
65	0.25	23.75	27	14100,0
65	-0.25	23.75	27	14100,0
65	-1.75	25.25	27	14100,0
65	-2.25	25.25	27	14100,0
65	-2.75	24.75	27	14100,0
65	-2.75	24.25	27	14100,0
65	-1.25	22.75	27	14100,0
65	-1.25	22.25	27	14100,0
65	-1.75	22.25	27	14100,0
65	-3.75	24.25	27	14100,0
65	-3.75	24.75	27	14100,0
65	-3.25	25.25	27	14100,0
65	-3.25	25.75	27	14100,0
65	-3.75	26.25	27	14100,0
65	-4.25	26.25	27	14100,0
65	-5.75	24.75	27	14100,0
65	-5.75	24.25	27	14100,0
65	-3.25	21.75	27	14100,0
65	-3.25	21.25	27	14100,0
65	-3.75	20.75	27	14100,0
65	-4.25	20.75	27	14100,0
65	-8.25	24.75	27	14100,0
65	-8.25	25.25	27	14100,0
65	-7.75	25.75	27	14100,0
65	-7.25	25.75	27	14100,0
65	-6.75	25.25	27	14100,0
65	-6.25	25.25	27	14100,0
65	-5.75	25.75	27	14100,0
65	-5.75	26.75	27	14100,0
65	-4.75	26.75	27	14100,0
65	-4.25	27.25	27	14100,0
65	-4.25	27.75	27	14100,0
65	-5.25	28.75	27	14100,0
65	-5.25	29.25	27	14100,0
65	-4.75	29.25	27	14100,0
65	-4.25	28.75	27	14100,0
65	-3.75	28.75	27	14100,0
65	-3.75	30.75	27	14100,0
65	-3.25	31.25	27	14100,0
65	-2.25	31.25	27	14100,0
65	-2.25	31.75	27	14100,0
65	-7.25	36.75	27	14100,0
65	-44.75	24.25	27	14150,0
65	-44.75	24.75	27	14150,0
65	-44.25	24.75	27	14150,0
65	-27.75	8.25	27	14150,0
65	-27.75	7.75	27	14150,0
65	-34.25	1.25	27	14150,0
65	-34.75	1.25	27	14150,0
65	-34.75	1.75	27	14150,0
65	-30.75	5.75	27	14150,0
65	-30.75	6.25	27	14150,0
65	-31.25	6.25	27	14150,0
65	-33.25	4.25	27	14150,0
65	-33.75	4.25	27	14150,0
65	-33.75	4.75	27	14150,0
65	-29.75	8.75	27	14150,0
65	-29.75	9.25	27	14150,0
65	-34.25	13.75	27	14150,0
65	-34.75	13.75	27	14150,0
65	-35.75	12.75	27	14150,0
65	-36.25	12.75	27	14150,0
65	-36.25	13.75	27	14150,0
65	-37.25	13.75	27	14150,0
65	-37.25	14.75	27	14150,0
65	-38.75	16.25	27	14150,0
65	-38.75	16.75	27	14150,0
65	-38.25	17.25	27	14150,0
65	-38.25	17.75	27	14150,0
65	-41.75	21.25	27	14150,0
65	-42.75	21.25	27	14150,0
65	-42.75	22.25	27	14150,0
65	-44.75	24.25	27	14150,0
353	-32.25	10.75	96	14100,0
353	-32.25	11.25	96	14100,0
353	-31.75	11.25	96	14100,0
353	-30.75	10.25	96	14100,0
353	-30.25	10.25	96	14100,0
353	-30.25	10.75	96	14100,0
353	-30.75	11.25	96	14100,0
353	-30.75	11.75	96	14100,0
353	-29.75	12.75	96	14100,0
353	-29.25	12.75	96	14100,0
353	-20.25	3.75	96	14100,0
353	-20.25	3.25	96	14100,0
353	-23.75	3.25	96	14100,0
353	-24.75	4.25	96	14100,0
353	-24.75	4.75	96	14100,0
353	-24.25	5.25	96	14100,0
353	-24.25	5.75	96	14100,0
353	-24.75	5.75	96	14100,0
353	-25.75	4.75	96	14100,0
353	-26.25	4.75	96	14100,0
353	-28.75	7.25	96	14100,0
353	-29.25	7.25	96	14100,0
353	-29.75	6.75	96	14100,0
353	-29.75	5.75	96	14100,0
353	-33.25	2.25	96	14100,0
353	-33.75	2.25	96	14100,0
353	-33.75	3.25	96	14100,0
353	-35.25	4.75	96	14100,0
353	-35.25	5.25	96	14100,0
353	-34.25	5.25	96	14100,0
353	-31.75	7.75	96	14100,0
353	-31.75	8.25	96	14100,0
353	-32.75	9.25	96	14100,0
353	-32.75	9.75	96	14100,0
353	-32.25	10.25	96	14100,0
353	-32.25	10.75	96	14100,0
116	-37.25	2.75	49	14100,0
116	-37.25	3.25	49	14100,0
116	-36.25	4.25	49	14100,0
116	-35.75	4.25	49	14100,0
116	-33.75	2.25	49	14100,0
116	-33.25	2.25	49	14100,0
116	-29.75	5.75	49	14100,0
116	-29.75	6.75	49	14100,0
116	-29.25	7.25	49	14100,0
116	-28.75	7.25	49	14100,0
116	-26.25	4.75	49	14100,0
116	-25.75	4.75	49	14100,0
116	-24.75	5.75	49	14100,0
116	-24.25	5.75	49	14100,0
116	-24.25	5.25	49	14100,0
116	-24.75	4.75	49	14100,0
116	-24.75	4.25	49	14100,0
116	-23.75	3.25	49	14100,0
116	-19.75	3.25	49	14100,0
116	-18.25	1.75	49	14100,0
116	-17.75	1.75	49	14100,0
116	-17.25	2.25	49	14100,0
116	-16.75	2.25	49	14100,0
116	-15.25	0.75	49	14100,0
116	-15.25	0.25	49	14100,0
116	-15.75	0.25	49	14100,0
116	-16.25	0.75	49	14100,0
116	-19.25	0.75	49	14100,0
116	-19.75	1.25	49	14100,0
116	-20.25	1.25	49	14100,0
116	-21.25	0.25	49	14100,0
116	-21.75	0.25	49	14100,0
116	-22.25	0.75	49	14100,0
116	-23.25	0.75	49	14100,0
116	-26.25	3.75	49	14100,0
116	-26.75	3.75	49	14100,0
116	-30.75	-0.25	49	14100,0
116	-31.25	-0.25	49	14100,0
116	-32.75	1.25	49	14100,0
116	-33.25	1.25	49	14100,0
116	-33.75	0.75	49	14100,0
116	-34.25	0.75	49	14100,0
116	-34.75	1.25	49	14100,0
116	-35.75	1.25	49	14100,0
116	-37.25	2.75	49	14100,0
346	-12.75	25.25	90	14100,0
346	-12.75	25.75	90	14100,0
346	-12.25	25.75	90	14100,0
346	3.25	10.25	90	14100,0
346	3.25	9.75	90	14100,0
346	2.75	9.75	90	14100,0
346	-4.25	16.75	90	14100,0
346	-5.25	16.75	90	14100,0
346	-5.75	17.25	90	14100,0
346	-5.75	18.25	90	14100,0
346	-12.75	25.25	90	14100,0
110	-21.25	15.75	44	14100,0
110	-21.25	16.25	44	14100,0
110	-18.25	19.25	44	14100,0
110	-17.75	19.25	44	14100,0
110	-16.75	18.25	44	14100,0
110	-16.75	17.25	44	14100,0
110	-15.75	17.25	44	14100,0
110	-15.25	16.75	44	14100,0
110	-14.75	16.75	44	14100,0
110	-14.25	17.25	44	14100,0
110	-14.25	18.25	44	14100,0
110	-13.75	18.75	44	14100,0
110	-12.75	18.75	44	14100,0
110	-10.25	21.25	44	14100,0
110	-9.75	21.25	44	14100,0
110	-6.25	17.75	44	14100,0
110	-6.25	17.25	44	14100,0
110	-6.75	16.75	44	14100,0
110	-8.25	16.75	44	14100,0
110	-9.75	18.25	44	14100,0
110	-9.75	20.25	44	14100,0
110	-10.25	20.25	44	14100,0
110	-16.75	13.75	44	14100,0
110	-17.25	13.75	44	14100,0
110	-18.75	15.25	44	14100,0
110	-20.75	15.25	44	14100,0
110	-21.25	15.75	44	14100,0
322	-20.25	14.75	79	14100,0
322	-20.25	15.25	79	14100,0
322	-18.75	15.25	79	14100,0
322	-17.25	13.75	79	14100,0
322	-16.75	13.75	79	14100,0
322	-10.25	20.25	79	14100,0
322	-9.75	20.25	79	14100,0
322	-9.75	18.25	79	14100,0
322	-8.25	16.75	79	14100,0
322	-6.75	16.75	79	14100,0
322	-6.25	17.25	79	14100,0
322	-5.75	17.25	79	14100,0
322	-0.25	11.75	79	14100,0
322	-0.25	11.25	79	14100,0
322	-1.25	10.25	79	14100,0
322	-2.25	10.25	79	14100,0
322	-3.25	9.25	79	14100,0
322	-3.75	9.25	79	14100,0
322	-4.75	10.25	79	14100,0
322	-4.75	10.75	79	14100,0
322	-4.25	11.25	79	14100,0
322	-4.25	12.75	79	14100,0
322	-4.75	13.25	79	14100,0
322	-5.25	13.25	79	14100,0
322	-5.75	12.75	79	14100,0
322	-6.75	12.75	79	14100,0
322	-7.25	12.25	79	14100,0
322	-7.75	12.25	79	14100,0
322	-7.75	12.75	79	14100,0
322	-6.75	13.75	79	14100,0
322	-6.75	14.75	79	14100,0
322	-6.25	15.25	79	14100,0
322	-6.25	15.75	79	14100,0
322	-7.75	15.75	79	14100,0
322	-9.25	14.25	79	14100,0
322	-10.25	14.25	79	14100,0
322	-10.75	13.75	79	14100,0
322	-10.75	13.25	79	14100,0
322	-9.75	12.25	79	14100,0
322	-9.75	11.75	79	14100,0
322	-12.75	8.75	79	14100,0
322	-14.25	8.75	79	14100,0
322	-14.75	9.25	79	14100,0
322	-15.25	9.25	79	14100,0
322	-15.75	8.75	79	14100,0
322	-16.25	8.75	79	14100,0
322	-17.75	10.25	79	14100,0
322	-17.75	11.25	79	14100,0
322	-18.25	11.75	79	14100,0
322	-18.75	11.75	79	14100,0
322	-23.25	7.25	79	14100,0
322	-23.75	7.25	79	14100,0
322	-23.75	7.75	79	14100,0
322	-18.75	12.75	79	14100,0
322	-18.75	13.25	79	14100,0
322	-20.25	14.75	79	14100,0
70	-30.25	-0.25	3	14100,0
70	-30.25	0.25	3	14100,0
70	-26.75	3.75	3	14100,0
70	-26.25	3.75	3	14100,0
70	-23.25	0.75	3	14100,0
70	-22.25	0.75	3	14100,0
70	-21.75	0.25	3	14100,0
70	-21.75	-0.25	3	14100,0
70	-30.25	-0.25	3	14100,0
1	-23.25	6.75	1	14100,0
1	-23.25	7.25	1	14100,0
1	-18.75	11.75	1	14100,0
1	-18.25	11.75	1	14100,0
1	-17.75	11.25	1	14100,0
1	-17.75	10.25	1	14100,0
1	-16.25	8.75	1	14100,0
1	-15.75	8.75	1	14100,0
1	-15.25	9.25	1	14100,0
1	-14.75	9.25	1	14100,0
1	-14.25	8.75	1	14100,0
1	-12.75	8.75	1	14100,0
1	-9.75	11.75	1	14100,0
1	-9.75	12.25	1	14100,0
1	-10.75	13.25	1	14100,0
1	-10.75	13.75	1	14100,0
1	-10.25	14.25	1	14100,0
1	-9.25	14.25	1	14100,0
1	-7.75	15.75	1	14100,0
1	-6.25	15.75	1	14100,0
1	-6.25	15.25	1	14100,0
1	-6.75	14.75	1	14100,0
1	-6.75	13.75	1	14100,0
1	-7.75	12.75	1	14100,0
1	-7.75	12.25	1	14100,0
1	-7.25	12.25	1	14100,0
1	-6.75	12.75	1	14100,0
1	-5.75	12.75	1	14100,0
1	-5.25	13.25	1	14100,0
1	-4.75	13.25	1	14100,0
1	-4.25	12.75	1	14100,0
1	-4.25	11.25	1	14100,0
1	-4.75	10.75	1	14100,0
1	-4.75	10.25	1	14100,0
1	-3.75	9.25	1	14100,0
1	-3.25	9.25	1	14100,0
1	-2.25	10.25	1	14100,0
1	-1.25	10.25	1	14100,0
1	-0.25	11.25	1	14100,0
1	0.25	11.25	1	14100,0
1	2.25	9.25	1	14100,0
1	2.25	7.75	1	14100,0
1	1.25	7.75	1	14100,0
1	1.25	6.25	1	14100,0
1	1.75	5.75	1	14100,0
1	1.75	4.75	1	14100,0
1	3.75	2.75	1	14100,0
1	4.25	2.75	1	14100,0
1	4.75	3.25	1	14100,0
1	5.25	3.25	1	14100,0
1	5.25	2.75	1	14100,0
1	4.25	1.75	1	14100,0
1	3.75	1.75	1	14100,0
1	3.25	2.25	1	14100,0
1	2.25	2.25	1	14100,0
1	1.75	2.75	1	14100,0
1	0.75	2.75	1	14100,0
1	0.75	3.75	1	14100,0
1	-1.25	5.75	1	14100,0
1	-1.75	5.75	1	14100,0
1	-2.75	4.75	1	14100,0
1	-2.75	3.75	1	14100,0
1	-4.25	2.25	1	14100,0
1	-4.75	2.25	1	14100,0
1	-6.25	3.75	1	14100,0
1	-6.25	4.25	1	14100,0
1	-4.75	5.75	1	14100,0
1	-3.75	5.75	1	14100,0
1	-3.75	6.25	1	14100,0
1	-6.25	8.75	1	14100,0
1	-6.75	8.75	1	14100,0
1	-10.25	5.25	1	14100,0
1	-10.75	5.25	1	14100,0
1	-13.25	7.75	1	14100,0
1	-14.25	7.75	1	14100,0
1	-14.75	8.25	1	14100,0
1	-15.25	8.25	1	14100,0
1	-16.75	6.75	1	14100,0
1	-16.75	5.75	1	14100,0
1	-17.75	4.75	1	14100,0
1	-18.25	4.75	1	14100,0
1	-18.25	5.25	1	14100,0
1	-17.75	5.75	1	14100,0
1	-17.75	6.25	1	14100,0
1	-18.75	6.25	1	14100,0
1	-19.25	6.75	1	14100,0
1	-19.75	6.75	1	14100,0
1	-19.75	5.75	1	14100,0
1	-20.25	5.25	1	14100,0
1	-20.25	4.75	1	14100,0
1	-19.75	4.25	1	14100,0
1	-19.75	3.75	1	14100,0
1	-20.25	3.75	1	14100,0
1	-23.25	6.75	1	14100,0
1	-44.75	3.25	1	14150,0
1	-44.75	3.75	1	14150,0
1	-43.75	4.75	1	14150,0
1	-42.75	4.75	1	14150,0
1	-42.75	5.75	1	14150,0
1	-41.75	5.75	1	14150,0
1	-41.25	6.25	1	14150,0
1	-39.75	6.25	1	14150,0
1	-39.25	5.75	1	14150,0
1	-38.75	5.75	1	14150,0
1	-38.25	6.25	1	14150,0
1	-38.25	6.75	1	14150,0
1	-39.25	7.75	1	14150,0
1	-39.25	8.25	1	14150,0
1	-38.75	8.75	1	14150,0
1	-38.25	8.75	1	14150,0
1	-37.25	7.75	1	14150,0
1	-36.75	7.75	1	14150,0
1	-36.75	8.25	1	14150,0
1	-38.25	9.75	1	14150,0
1	-38.25	10.25	1	14150,0
1	-37.75	10.75	1	14150,0
1	-37.25	10.75	1	14150,0
1	-36.75	10.25	1	14150,0
1	-36.75	9.25	1	14150,0
1	-35.75	9.25	1	14150,0
1	-35.25	8.75	1	14150,0
1	-34.75	8.75	1	14150,0
1	-34.75	9.25	1	14150,0
1	-36.75	11.25	1	14150,0
1	-36.75	11.75	1	14150,0
1	-35.25	11.75	1	14150,0
1	-35.25	10.75	1	14150,0
1	-33.75	9.25	1	14150,0
1	-33.75	8.75	1	14150,0
1	-34.25	8.25	1	14150,0
1	-34.25	7.75	1	14150,0
1	-33.75	7.75	1	14150,0
1	-33.25	8.25	1	14150,0
1	-31.25	8.25	1	14150,0
1	-30.75	8.75	1	14150,0
1	-30.25	8.75	1	14150,0
1	-30.25	8.25	1	14150,0
1	-33.75	4.75	1	14150,0
1	-33.75	4.25	1	14150,0
1	-33.25	4.25	1	14150,0
1	-31.25	6.25	1	14150,0
1	-30.75	6.25	1	14150,0
1	-30.75	5.75	1	14150,0
1	-34.75	1.75	1	14150,0
1	-35.25	1.75	1	14150,0
1	-37.25	3.75	1	14150,0
1	-38.25	3.75	1	14150,0
1	-39.25	4.75	1	14150,0
1	-39.75	4.75	1	14150,0
1	-39.75	4.25	1	14150,0
1	-36.75	1.25	1	14150,0
1	-36.75	0.75	1	14150,0
1	-37.25	0.75	1	14150,0
1	-40.75	4.25	1	14150,0
1	-41.25	4.25	1	14150,0
1	-41.25	3.25	1	14150,0
1	-44.75	3.25	1	14150,0
18	-19.75	6.25	111	14100,0
18	-19.75	6.75	111	14100,0
18	-19.25	6.75	111	14100,0
18	-18.75	6.25	111	14100,0
18	-17.75	6.25	111	14100,0
18	-17.75	5.75	111	14100,0
18	-18.25	5.25	111	14100,0
18	-18.25	4.75	111	14100,0
18	-17.75	4.75	111	14100,0
18	-16.75	5.75	111	14100,0
18	-16.75	6.75	111	14100,0
18	-15.25	8.25	111	14100,0
18	-14.75	8.25	111	14100,0
18	-14.25	7.75	111	14100,0
18	-13.25	7.75	111	14100,0
18	-10.75	5.25	111	14100,0
18	-10.75	4.75	111	14100,0
18	-11.25	4.75	111	14100,0
18	-12.25	5.75	111	14100,0
18	-12.75	5.75	111	14100,0
18	-14.25	4.25	111	14100,0
18	-14.75	4.25	111	14100,0
18	-15.75	5.25	111	14100,0
18	-16.25	5.25	111	14100,0
18	-18.25	3.25	111	14100,0
18	-18.75	3.25	111	14100,0
18	-20.25	4.75	111	14100,0
18	-20.25	5.25	111	14100,0
18	-19.75	5.75	111	14100,0
18	-19.75	6.25	111	14100,0
19	-19.75	3.25	112	14100,0
19	-19.75	3.75	112	14100,0
19	-19.25	3.75	112	14100,0
19	-18.75	3.25	112	14100,0
19	-18.25	3.25	112	14100,0
19	-16.25	5.25	112	14100,0
19	-15.75	5.25	112	14100,0
19	-14.75	4.25	112	14100,0
19	-14.25	4.25	112	14100,0
19	-12.75	5.75	112	14100,0
19	-12.25	5.75	112	14100,0
19	-11.25	4.75	112	14100,0
19	-10.25	4.75	112	14100,0
19	-9.75	4.25	112	14100,0
19	-9.25	4.25	112	14100,0
19	-8.75	4.75	112	14100,0
19	-8.25	4.75	112	14100,0
19	-7.25	3.75	112	14100,0
19	-7.25	2.75	112	14100,0
19	-5.75	1.25	112	14100,0
19	-5.75	0.75	112	14100,0
19	-6.25	0.75	112	14100,0
19	-6.75	1.25	112	14100,0
19	-7.75	1.25	112	14100,0
19	-7.75	2.25	112	14100,0
19	-8.75	3.25	112	14100,0
19	-9.25	3.25	112	14100,0
19	-10.75	1.75	112	14100,0
19	-12.25	1.75	112	14100,0
19	-12.75	2.25	112	14100,0
19	-13.25	2.25	112	14100,0
19	-14.75	0.75	112	14100,0
19	-15.25	0.75	112	14100,0
19	-16.75	2.25	112	14100,0
19	-17.25	2.25	112	14100,0
19	-17.75	1.75	112	14100,0
19	-18.25	1.75	112	14100,0
19	-19.75	3.25	112	14100,0
3	-21.25	-0.25	100	14100,0
3	-21.25	0.25	100	14100,0
3	-20.25	1.25	100	14100,0
3	-19.75	1.25	100	14100,0
3	-19.25	0.75	100	14100,0
3	-16.25	0.75	100	14100,0
3	-15.75	0.25	100	14100,0
3	-15.75	-0.25	100	14100,0
3	-21.25	-0.25	100	14100,0
354	-15.25	-0.25	97	14100,0
354	-15.25	0.25	97	14100,0
354	-14.25	1.25	97	14100,0
354	-13.75	1.25	97	14100,0
354	-13.25	0.75	97	14100,0
354	-9.75	0.75	97	14100,0
354	-9.25	1.25	97	14100,0
354	-8.75	1.25	97	14100,0
354	-7.75	0.25	97	14100,0
354	-7.75	-0.25	97	14100,0
354	-15.25	-0.25	97	14100,0
355	-13.75	1.25	98	14100,0
355	-13.75	1.75	98	14100,0
355	-13.25	2.25	98	14100,0
355	-12.75	2.25	98	14100,0
355	-12.25	1.75	98	14100,0
355	-10.75	1.75	98	14100,0
355	-9.25	3.25	98	14100,0
355	-8.75	3.25	98	14100,0
355	-7.75	2.25	98	14100,0
355	-7.75	1.25	98	14100,0
355	-6.75	1.25	98	14100,0
355	-6.75	0.75	98	14100,0
355	-7.25	0.25	98	14100,0
355	-7.75	0.25	98	14100,0
355	-8.75	1.25	98	14100,0
355	-9.25	1.25	98	14100,0
355	-9.75	0.75	98	14100,0
355	-13.25	0.75	98	14100,0
355	-13.75	1.25	98	14100,0
113	-10.25	4.75	47	14100,0
113	-10.25	5.25	47	14100,0
113	-6.75	8.75	47	14100,0
113	-6.25	8.75	47	14100,0
113	-3.75	6.25	47	14100,0
113	-3.75	5.75	47	14100,0
113	-4.75	5.75	47	14100,0
113	-6.25	4.25	47	14100,0
113	-6.25	3.75	47	14100,0
113	-4.75	2.25	47	14100,0
113	-4.25	2.25	47	14100,0
113	-2.75	3.75	47	14100,0
113	-2.75	4.75	47	14100,0
113	-1.75	5.75	47	14100,0
113	-1.25	5.75	47	14100,0
113	0.75	3.75	47	14100,0
113	0.75	2.75	47	14100,0
113	1.75	2.75	47	14100,0
113	2.25	2.25	47	14100,0
113	3.25	2.25	47	14100,0
113	3.25	1.75	47	14100,0
113	2.25	0.75	47	14100,0
113	1.75	0.75	47	14100,0
113	-0.75	3.25	47	14100,0
113	-1.25	3.25	47	14100,0
113	-3.25	1.25	47	14100,0
113	-5.75	1.25	47	14100,0
113	-7.25	2.75	47	14100,0
113	-7.25	3.75	47	14100,0
113	-8.25	4.75	47	14100,0
113	-8.75	4.75	47	14100,0
113	-9.25	4.25	47	14100,0
113	-9.75	4.25	47	14100,0
113	-10.25	4.75	47	14100,0
25	-7.25	-0.25	15	14100,0
25	-7.25	0.25	15	14100,0
25	-6.75	0.75	15	14100,0
25	-5.75	0.75	15	14100,0
25	-5.25	1.25	15	14100,0
25	-3.75	1.25	15	14100,0
25	-3.25	0.75	15	14100,0
25	2.25	0.75	15	14100,0
25	3.25	1.75	15	14100,0
25	4.75	1.75	15	14100,0
25	5.25	1.25	15	14100,0
25	5.25	-0.25	15	14100,0
25	-7.25	-0.25	15	14100,0
25	-44.75	1.25	15	14150,0
25	-44.75	1.75	15	14150,0
25	-40.25	1.75	15	14150,0
25	-38.75	0.25	15	14150,0
25	-38.75	-0.25	15	14150,0
25	-44.25	-0.25	15	14150,0
25	-44.75	0.25	15	14150,0
25	-44.75	1.25	15	14150,0
99	1.25	7.25	39	14100,0
99	1.25	7.75	39	14100,0
99	2.25	7.75	39	14100,0
99	2.25	8.75	39	14100,0
99	2.75	8.75	39	14100,0
99	5.25	6.25	39	14100,0
99	5.25	3.75	39	14100,0
99	4.25	2.75	39	14100,0
99	3.75	2.75	39	14100,0
99	1.75	4.75	39	14100,0
99	1.75	5.75	39	14100,0
99	1.25	6.25	39	14100,0
99	1.25	7.25	39	14100,0
99	-44.75	5.25	39	14150,0
99	-44.75	5.75	39	14150,0
99	-44.25	5.75	39	14150,0
99	-43.75	5.25	39	14150,0
99	-43.75	4.75	39	14150,0
99	-44.25	4.25	39	14150,0
99	-44.75	4.25	39	14150,0
99	-44.75	5.25	39	14150,0
124	-44.75	11.25	52	14150,0
124	-44.75	11.75	52	14150,0
124	-44.25	12.25	52	14150,0
124	-43.75	12.25	52	14150,0
124	-40.25	8.75	52	14150,0
124	-40.25	8.25	52	14150,0
124	-41.75	6.75	52	14150,0
124	-42.25	6.75	52	14150,0
124	-44.75	9.25	52	14150,0
124	-44.75	11.25	52	14150,0
356	-3.25	0.75	99	14100,0
356	-3.25	1.25	99	14100,0
356	-1.25	3.25	99	14100,0
356	-0.75	3.25	99	14100,0
356	1.25	1.25	99	14100,0
356	1.25	0.75	99	14100,0
356	-3.25	0.75	99	14100,0
34	4.75	1.75	18	14100,0
34	4.75	2.25	18	14100,0
34	5.25	2.25	18	14100,0
34	5.25	1.75	18	14100,0
34	4.75	1.75	18	14100,0
34	-44.75	2.25	18	14150,0
34	-44.75	2.75	18	14150,0
34	-44.25	3.25	18	14150,0
34	-41.25	3.25	18	14150,0
34	-41.25	4.25	18	14150,0
34	-40.75	4.25	18	14150,0
34	-37.25	0.75	18	14150,0
34	-36.75	0.75	18	14150,0
34	-36.75	1.25	18	14150,0
34	-39.75	4.25	18	14150,0
34	-39.75	4.75	18	14150,0
34	-39.25	4.75	18	14150,0
34	-38.25	3.75	18	14150,0
34	-37.25	3.75	18	14150,0
34	-34.75	1.25	18	14150,0
34	-34.75	0.75	18	14150,0
34	-35.75	-0.25	18	14150,0
34	-38.25	-0.25	18	14150,0
34	-40.25	1.75	18	14150,0
34	-44.25	1.75	18	14150,0
34	-44.75	2.25	18	14150,0
318	-35.25	-0.25	75	14150,0
318	-35.25	0.25	75	14150,0
318	-34.75	0.75	75	14150,0
318	-33.25	0.75	75	14150,0
318	-32.75	0.25	75	14150,0
318	-32.75	-0.25	75	14150,0
318	-35.25	-0.25	75	14150,0
349	-34.25	0.75	93	14150,0
349	-34.25	1.25	93	14150,0
349	-31.25	4.25	93	14150,0
349	-30.25	4.25	93	14150,0
349	-29.75	4.75	93	14150,0
349	-29.25	4.75	93	14150,0
349	-29.25	4.25	93	14150,0
349	-30.25	3.25	93	14150,0
349	-30.25	2.25	93	14150,0
349	-32.25	0.25	93	14150,0
349	-32.75	0.25	93	14150,0
349	-33.25	0.75	93	14150,0
349	-34.25	0.75	93	14150,0
286	-30.75	4.25	61	14150,0
286	-30.75	4.75	61	14150,0
286	-27.75	7.75	61	14150,0
286	-27.25	7.75	61	14150,0
286	-22.75	3.25	61	14150,0
286	-22.75	2.75	61	14150,0
286	-23.25	2.75	61	14150,0
286	-25.25	4.75	61	14150,0
286	-26.75	4.75	61	14150,0
286	-27.75	3.75	61	14150,0
286	-28.75	3.75	61	14150,0
286	-29.75	2.75	61	14150,0
286	-30.25	2.75	61	14150,0
286	-30.25	3.25	61	14150,0
286	-29.25	4.25	61	14150,0
286	-29.25	4.75	61	14150,0
286	-29.75	4.75	61	14150,0
286	-30.25	4.25	61	14150,0
286	-30.75	4.25	61	14150,0
106	-32.25	-0.25	42	14150,0
106	-32.25	0.25	42	14150,0
106	-30.25	2.25	42	14150,0
106	-28.75	2.25	42	14150,0
106	-28.25	1.75	42	14150,0
106	-26.75	1.75	42	14150,0
106	-26.25	2.25	42	14150,0
106	-25.75	2.25	42	14150,0
106	-24.25	0.75	42	14150,0
106	-21.75	0.75	42	14150,0
106	-21.25	1.25	42	14150,0
106	-20.75	1.25	42	14150,0
106	-19.75	0.25	42	14150,0
106	-19.75	-0.25	42	14150,0
106	-32.25	-0.25	42	14150,0
296	-29.75	2.25	66	14150,0
296	-29.75	2.75	66	14150,0
296	-28.75	3.75	66	14150,0
296	-27.75	3.75	66	14150,0
296	-26.75	4.75	66	14150,0
296	-25.25	4.75	66	14150,0
296	-23.25	2.75	66	14150,0
296	-22.25	2.75	66	14150,0
296	-21.25	1.75	66	14150,0
296	-21.25	1.25	66	14150,0
296	-21.75	0.75	66	14150,0
296	-24.25	0.75	66	14150,0
296	-25.75	2.25	66	14150,0
296	-26.25	2.25	66	14150,0
296	-26.75	1.75	66	14150,0
296	-28.25	1.75	66	14150,0
296	-28.75	2.25	66	14150,0
296	-29.75	2.25	66	14150,0
