group	fill	colour	clickSelects
2	#CD1076	#000000	32
3	#CD1076	#000000	51
4	#F0A0BC	#6A6A6A	58
5	#F0A0BC	#6A6A6A	58
6	#FBDBE5	#AAAAAA	12
7	#FFFFFF	#D3D3D3	65
8	#FFFFFF	#D3D3D3	65
9	#FFFFFF	#D3D3D3	65
10	#FFFFFF	#D3D3D3	65
11	#FFFFFF	#D3D3D3	65
12	#FFFFFF	#D3D3D3	65
13	#FFFFFF	#D3D3D3	65
14	#CD1076	#000000	51
15	#FFFFFF	#D3D3D3	65
16	#FFFFFF	#D3D3D3	65
17	#FFFFFF	#D3D3D3	65
18	#FFFFFF	#D3D3D3	65
19	#FFFFFF	#D3D3D3	65
20	#FFFFFF	#D3D3D3	65
21	#FFFFFF	#D3D3D3	65
22	#FFFFFF	#D3D3D3	65
23	#FFFFFF	#D3D3D3	5
24	#FFFFFF	#D3D3D3	65
25	#CD1076	#000000	51
26	#FFFFFF	#D3D3D3	65
27	#FFFFFF	#D3D3D3	65
28	#FFFFFF	#D3D3D3	65
29	#FFFFFF	#D3D3D3	65
30	#FFFFFF	#D3D3D3	65
31	#FFFFFF	#D3D3D3	65
32	#FFFFFF	#D3D3D3	65
33	#FFFFFF	#D3D3D3	31
34	#FFFFFF	#D3D3D3	65
35	#FFFFFF	#D3D3D3	65
36	#D33680	#151515	64
37	#FFFFFF	#D3D3D3	55
38	#FFFFFF	#D3D3D3	55
39	#FFFFFF	#D3D3D3	55
40	#FFFFFF	#D3D3D3	55
41	#FFFFFF	#D3D3D3	31
42	#FFFFFF	#D3D3D3	31
43	#FFFFFF	#D3D3D3	31
44	#FFFFFF	#D3D3D3	31
45	#FFFFFF	#D3D3D3	31
46	#D33680	#151515	64
47	#D33680	#151515	64
48	#F0A0BC	#6A6A6A	58
49	#D33680	#151515	64
50	#F0A0BC	#6A6A6A	58
51	#CD1076	#000000	32
52	#CD1076	#000000	51
53	#F0A0BC	#6A6A6A	58
54	#F0A0BC	#6A6A6A	58
55	#F0A0BC	#6A6A6A	58
56	#FFFFFF	#D3D3D3	65
57	#FFFFFF	#D3D3D3	65
58	#FFFFFF	#D3D3D3	65
59	#FFFFFF	#D3D3D3	65
60	#FFFFFF	#D3D3D3	65
61	#FFFFFF	#D3D3D3	65
62	#FFFFFF	#D3D3D3	65
63	#CD1076	#000000	51
64	#FFFFFF	#D3D3D3	65
65	#FFFFFF	#D3D3D3	65
66	#FFFFFF	#D3D3D3	65
67	#FFFFFF	#D3D3D3	65
68	#FFFFFF	#D3D3D3	65
69	#FFFFFF	#D3D3D3	65
70	#FFFFFF	#D3D3D3	65
71	#FFFFFF	#D3D3D3	65
72	#FFFFFF	#D3D3D3	5
73	#FFFFFF	#D3D3D3	5
74	#CD1076	#000000	51
75	#FFFFFF	#D3D3D3	65
76	#FFFFFF	#D3D3D3	65
77	#FFFFFF	#D3D3D3	65
78	#FFFFFF	#D3D3D3	65
79	#FFFFFF	#D3D3D3	65
80	#FFFFFF	#D3D3D3	92
81	#FFFFFF	#D3D3D3	65
82	#FFFFFF	#D3D3D3	65
83	#FFFFFF	#D3D3D3	31
84	#FFFFFF	#D3D3D3	65
85	#D33680	#151515	64
86	#FFFFFF	#D3D3D3	65
87	#FFFFFF	#D3D3D3	55
88	#FFFFFF	#D3D3D3	55
89	#FFFFFF	#D3D3D3	55
90	#FFFFFF	#D3D3D3	55
91	#FFFFFF	#D3D3D3	31
92	#FFFFFF	#D3D3D3	31
93	#FFFFFF	#D3D3D3	31
94	#FFFFFF	#D3D3D3	31
95	#FFFFFF	#D3D3D3	31
96	#D33680	#151515	64
97	#D33680	#151515	64
98	#D33680	#151515	64
99	#F0A0BC	#6A6A6A	58
100	#F0A0BC	#6A6A6A	58
102	#CD1076	#000000	32
103	#CD1076	#000000	51
104	#F0A0BC	#6A6A6A	58
105	#F0A0BC	#6A6A6A	58
106	#FFFFFF	#D3D3D3	65
107	#FFFFFF	#D3D3D3	65
108	#FFFFFF	#D3D3D3	65
109	#FFFFFF	#D3D3D3	65
110	#FFFFFF	#D3D3D3	65
111	#FFFFFF	#D3D3D3	65
112	#FFFFFF	#D3D3D3	65
113	#FFFFFF	#D3D3D3	65
114	#CD1076	#000000	51
115	#FFFFFF	#D3D3D3	65
116	#FFFFFF	#D3D3D3	65
117	#FFFFFF	#D3D3D3	65
118	#FFFFFF	#D3D3D3	65
119	#FFFFFF	#D3D3D3	65
120	#FFFFFF	#D3D3D3	65
121	#FFFFFF	#D3D3D3	65
122	#FFFFFF	#D3D3D3	65
123	#FFFFFF	#D3D3D3	5
124	#FFFFFF	#D3D3D3	5
125	#CD1076	#000000	51
126	#FFFFFF	#D3D3D3	65
127	#FFFFFF	#D3D3D3	65
128	#FFFFFF	#D3D3D3	65
129	#FFFFFF	#D3D3D3	92
130	#FFFFFF	#D3D3D3	92
131	#FFFFFF	#D3D3D3	92
132	#FFFFFF	#D3D3D3	65
133	#FFFFFF	#D3D3D3	31
134	#FFFFFF	#D3D3D3	31
135	#FFFFFF	#D3D3D3	65
136	#D33680	#151515	64
137	#FFFFFF	#D3D3D3	55
138	#FFFFFF	#D3D3D3	55
139	#FFFFFF	#D3D3D3	55
140	#FFFFFF	#D3D3D3	55
141	#FFFFFF	#D3D3D3	55
142	#FFFFFF	#D3D3D3	31
143	#FFFFFF	#D3D3D3	31
144	#FFFFFF	#D3D3D3	31
145	#FFFFFF	#D3D3D3	31
146	#D33680	#151515	64
147	#D33680	#151515	64
148	#F0A0BC	#6A6A6A	58
149	#F0A0BC	#6A6A6A	58
150	#F0A0BC	#6A6A6A	58
151	#CD1076	#000000	32
152	#CD1076	#000000	32
153	#FFFFFF	#D3D3D3	20
154	#FFFFFF	#D3D3D3	20
155	#FFFFFF	#D3D3D3	20
156	#FFFFFF	#D3D3D3	20
157	#FFFFFF	#D3D3D3	20
158	#FFFFFF	#D3D3D3	20
159	#FFFFFF	#D3D3D3	107
160	#FFFFFF	#D3D3D3	107
161	#FFFFFF	#D3D3D3	107
162	#FFFFFF	#D3D3D3	107
163	#CD1076	#000000	51
164	#FFFFFF	#D3D3D3	107
165	#FFFFFF	#D3D3D3	107
166	#FFFFFF	#D3D3D3	107
167	#FFFFFF	#D3D3D3	106
168	#FFFFFF	#D3D3D3	106
169	#FFFFFF	#D3D3D3	106
170	#FFFFFF	#D3D3D3	106
171	#FFFFFF	#D3D3D3	106
172	#FFFFFF	#D3D3D3	106
173	#FFFFFF	#D3D3D3	106
174	#CD1076	#000000	51
175	#FFFFFF	#D3D3D3	5
176	#FFFFFF	#D3D3D3	5
177	#FFFFFF	#D3D3D3	5
178	#FFFFFF	#D3D3D3	5
179	#FFFFFF	#D3D3D3	5
180	#FFFFFF	#D3D3D3	5
181	#FFFFFF	#D3D3D3	5
182	#FFFFFF	#D3D3D3	5
183	#FFFFFF	#D3D3D3	5
184	#FFFFFF	#D3D3D3	65
185	#FFFFFF	#D3D3D3	21
186	#FFFFFF	#D3D3D3	65
187	#FFFFFF	#D3D3D3	5
188	#FFFFFF	#D3D3D3	5
189	#FFFFFF	#D3D3D3	5
190	#FFFFFF	#D3D3D3	5
191	#FFFFFF	#D3D3D3	65
192	#FFFFFF	#D3D3D3	65
193	#FFFFFF	#D3D3D3	65
194	#FFFFFF	#D3D3D3	65
195	#FFFFFF	#D3D3D3	65
196	#FFFFFF	#D3D3D3	21
197	#FFFFFF	#D3D3D3	21
198	#FFFFFF	#D3D3D3	21
199	#FFFFFF	#D3D3D3	20
200	#FFFFFF	#D3D3D3	20
202	#CD1076	#000000	32
203	#CD1076	#000000	32
204	#FFFFFF	#D3D3D3	21
205	#FFFFFF	#D3D3D3	20
206	#FFFFFF	#D3D3D3	20
207	#FFFFFF	#D3D3D3	20
208	#FFFFFF	#D3D3D3	20
209	#FFFFFF	#D3D3D3	20
210	#FFFFFF	#D3D3D3	107
211	#FFFFFF	#D3D3D3	107
212	#FFFFFF	#D3D3D3	107
213	#FFFFFF	#D3D3D3	107
214	#CD1076	#000000	51
215	#FFFFFF	#D3D3D3	107
216	#FFFFFF	#D3D3D3	107
217	#FFFFFF	#D3D3D3	107
218	#FFFFFF	#D3D3D3	106
219	#FFFFFF	#D3D3D3	106
220	#FFFFFF	#D3D3D3	106
221	#FFFFFF	#D3D3D3	106
222	#FFFFFF	#D3D3D3	5
223	#FFFFFF	#D3D3D3	5
224	#FFFFFF	#D3D3D3	106
225	#FFFFFF	#D3D3D3	21
226	#FFFFFF	#D3D3D3	5
227	#FFFFFF	#D3D3D3	5
228	#FFFFFF	#D3D3D3	5
229	#FFFFFF	#D3D3D3	5
230	#FFFFFF	#D3D3D3	5
231	#FFFFFF	#D3D3D3	5
232	#FFFFFF	#D3D3D3	5
233	#FFFFFF	#D3D3D3	5
234	#FFFFFF	#D3D3D3	5
235	#FFFFFF	#D3D3D3	65
236	#FFFFFF	#D3D3D3	21
237	#FFFFFF	#D3D3D3	65
238	#FFFFFF	#D3D3D3	5
239	#FFFFFF	#D3D3D3	5
240	#FFFFFF	#D3D3D3	5
241	#FFFFFF	#D3D3D3	5
242	#FFFFFF	#D3D3D3	65
243	#FFFFFF	#D3D3D3	65
244	#FFFFFF	#D3D3D3	65
245	#FFFFFF	#D3D3D3	65
246	#FFFFFF	#D3D3D3	21
247	#FFFFFF	#D3D3D3	21
248	#FFFFFF	#D3D3D3	21
249	#FFFFFF	#D3D3D3	20
250	#FFFFFF	#D3D3D3	21
251	#CD1076	#000000	32
252	#CD1076	#000000	32
253	#FFFFFF	#D3D3D3	21
254	#FFFFFF	#D3D3D3	20
255	#FFFFFF	#D3D3D3	20
256	#FFFFFF	#D3D3D3	20
257	#FFFFFF	#D3D3D3	20
258	#FFFFFF	#D3D3D3	20
259	#FFFFFF	#D3D3D3	107
260	#FFFFFF	#D3D3D3	107
261	#FFFFFF	#D3D3D3	107
262	#FFFFFF	#D3D3D3	107
263	#CD1076	#000000	32
264	#FFFFFF	#D3D3D3	107
265	#FFFFFF	#D3D3D3	107
266	#FFFFFF	#D3D3D3	107
267	#FFFFFF	#D3D3D3	107
268	#FFFFFF	#D3D3D3	106
269	#FFFFFF	#D3D3D3	106
270	#FFFFFF	#D3D3D3	106
271	#FFFFFF	#D3D3D3	5
272	#FFFFFF	#D3D3D3	5
273	#FFFFFF	#D3D3D3	5
274	#FFFFFF	#D3D3D3	21
275	#FFFFFF	#D3D3D3	106
276	#FFFFFF	#D3D3D3	5
277	#FFFFFF	#D3D3D3	5
278	#FFFFFF	#D3D3D3	5
279	#FFFFFF	#D3D3D3	5
280	#FFFFFF	#D3D3D3	5
281	#FFFFFF	#D3D3D3	5
282	#FFFFFF	#D3D3D3	5
283	#FFFFFF	#D3D3D3	5
284	#FFFFFF	#D3D3D3	5
285	#FFFFFF	#D3D3D3	21
286	#FFFFFF	#D3D3D3	65
287	#FFFFFF	#D3D3D3	65
288	#FFFFFF	#D3D3D3	5
289	#FFFFFF	#D3D3D3	5
290	#FFFFFF	#D3D3D3	5
291	#FFFFFF	#D3D3D3	5
292	#FFFFFF	#D3D3D3	65
293	#FFFFFF	#D3D3D3	65
294	#FFFFFF	#D3D3D3	65
295	#FFFFFF	#D3D3D3	65
296	#FFFFFF	#D3D3D3	21
297	#FFFFFF	#D3D3D3	21
298	#FFFFFF	#D3D3D3	21
299	#FFFFFF	#D3D3D3	21
300	#FFFFFF	#D3D3D3	21
302	#CD1076	#000000	32
303	#CD1076	#000000	32
304	#FFFFFF	#D3D3D3	20
305	#FFFFFF	#D3D3D3	20
306	#FFFFFF	#D3D3D3	20
307	#FFFFFF	#D3D3D3	20
308	#FFFFFF	#D3D3D3	20
309	#FFFFFF	#D3D3D3	20
310	#FFFFFF	#D3D3D3	107
311	#FFFFFF	#D3D3D3	107
312	#FFFFFF	#D3D3D3	107
313	#FFFFFF	#D3D3D3	107
314	#FFFFFF	#D3D3D3	104
315	#FFFFFF	#D3D3D3	5
316	#FFFFFF	#D3D3D3	5
317	#FFFFFF	#D3D3D3	107
318	#FFFFFF	#D3D3D3	107
319	#FFFFFF	#D3D3D3	106
320	#FFFFFF	#D3D3D3	106
321	#FFFFFF	#D3D3D3	5
322	#FFFFFF	#D3D3D3	5
323	#FFFFFF	#D3D3D3	5
324	#FFFFFF	#D3D3D3	5
325	#FFFFFF	#D3D3D3	21
326	#FFFFFF	#D3D3D3	106
327	#FFFFFF	#D3D3D3	5
328	#FFFFFF	#D3D3D3	5
329	#FFFFFF	#D3D3D3	5
330	#FFFFFF	#D3D3D3	5
331	#FFFFFF	#D3D3D3	5
332	#FFFFFF	#D3D3D3	5
333	#FFFFFF	#D3D3D3	5
334	#FFFFFF	#D3D3D3	5
335	#FFFFFF	#D3D3D3	5
336	#FFFFFF	#D3D3D3	21
337	#FFFFFF	#D3D3D3	65
338	#FFFFFF	#D3D3D3	5
339	#FFFFFF	#D3D3D3	5
340	#FFFFFF	#D3D3D3	5
341	#FFFFFF	#D3D3D3	5
342	#FFFFFF	#D3D3D3	5
343	#FFFFFF	#D3D3D3	65
344	#FFFFFF	#D3D3D3	65
345	#FFFFFF	#D3D3D3	31
346	#FFFFFF	#D3D3D3	21
347	#FFFFFF	#D3D3D3	21
348	#FFFFFF	#D3D3D3	21
349	#FFFFFF	#D3D3D3	21
350	#FFFFFF	#D3D3D3	21
351	#CD1076	#000000	32
352	#CD1076	#000000	32
353	#FFFFFF	#D3D3D3	21
354	#FFFFFF	#D3D3D3	20
355	#FFFFFF	#D3D3D3	20
356	#FFFFFF	#D3D3D3	20
357	#FFFFFF	#D3D3D3	20
358	#FFFFFF	#D3D3D3	20
359	#FFFFFF	#D3D3D3	20
360	#FFFFFF	#D3D3D3	107
361	#FFFFFF	#D3D3D3	107
362	#FFFFFF	#D3D3D3	107
363	#FFFFFF	#D3D3D3	104
364	#FFFFFF	#D3D3D3	107
365	#FFFFFF	#D3D3D3	5
366	#FFFFFF	#D3D3D3	5
367	#FFFFFF	#D3D3D3	107
368	#FFFFFF	#D3D3D3	5
369	#FFFFFF	#D3D3D3	106
370	#FFFFFF	#D3D3D3	106
371	#FFFFFF	#D3D3D3	5
372	#FFFFFF	#D3D3D3	5
373	#FFFFFF	#D3D3D3	5
374	#FFFFFF	#D3D3D3	104
375	#FFFFFF	#D3D3D3	5
376	#FFFFFF	#D3D3D3	106
377	#FFFFFF	#D3D3D3	5
378	#FFFFFF	#D3D3D3	5
379	#FFFFFF	#D3D3D3	5
380	#FFFFFF	#D3D3D3	5
381	#FFFFFF	#D3D3D3	5
382	#FFFFFF	#D3D3D3	5
383	#FFFFFF	#D3D3D3	5
384	#FFFFFF	#D3D3D3	5
385	#FFFFFF	#D3D3D3	21
386	#FFFFFF	#D3D3D3	5
387	#FFFFFF	#D3D3D3	5
388	#FFFFFF	#D3D3D3	5
389	#FFFFFF	#D3D3D3	5
390	#FFFFFF	#D3D3D3	5
391	#FFFFFF	#D3D3D3	5
392	#FFFFFF	#D3D3D3	5
393	#FFFFFF	#D3D3D3	65
394	#FFFFFF	#D3D3D3	31
395	#FFFFFF	#D3D3D3	31
396	#FFFFFF	#D3D3D3	21
397	#FFFFFF	#D3D3D3	21
398	#FFFFFF	#D3D3D3	21
399	#FFFFFF	#D3D3D3	21
400	#FFFFFF	#D3D3D3	21
402	#CD1076	#000000	32
403	#FFFFFF	#D3D3D3	104
404	#FFFFFF	#D3D3D3	20
405	#FFFFFF	#D3D3D3	20
406	#FFFFFF	#D3D3D3	20
407	#FFFFFF	#D3D3D3	20
408	#FFFFFF	#D3D3D3	20
409	#FFFFFF	#D3D3D3	20
410	#FFFFFF	#D3D3D3	20
411	#FFFFFF	#D3D3D3	107
412	#FFFFFF	#D3D3D3	107
413	#FFFFFF	#D3D3D3	107
414	#FFFFFF	#D3D3D3	104
415	#FFFFFF	#D3D3D3	107
416	#FFFFFF	#D3D3D3	107
417	#FFFFFF	#D3D3D3	5
418	#FFFFFF	#D3D3D3	5
419	#FFFFFF	#D3D3D3	5
420	#FFFFFF	#D3D3D3	106
421	#FFFFFF	#D3D3D3	106
422	#FFFFFF	#D3D3D3	5
423	#FFFFFF	#D3D3D3	5
424	#FFFFFF	#D3D3D3	5
425	#FFFFFF	#D3D3D3	104
426	#FFFFFF	#D3D3D3	5
427	#FFFFFF	#D3D3D3	5
428	#FFFFFF	#D3D3D3	5
429	#FFFFFF	#D3D3D3	5
430	#FFFFFF	#D3D3D3	5
431	#FFFFFF	#D3D3D3	5
432	#FFFFFF	#D3D3D3	5
433	#FFFFFF	#D3D3D3	5
434	#FFFFFF	#D3D3D3	5
435	#FFFFFF	#D3D3D3	5
436	#FFFFFF	#D3D3D3	21
437	#FFFFFF	#D3D3D3	5
438	#FFFFFF	#D3D3D3	5
439	#FFFFFF	#D3D3D3	5
440	#FFFFFF	#D3D3D3	5
441	#FFFFFF	#D3D3D3	5
442	#FFFFFF	#D3D3D3	5
443	#FFFFFF	#D3D3D3	5
444	#FFFFFF	#D3D3D3	65
445	#FFFFFF	#D3D3D3	65
446	#FFFFFF	#D3D3D3	21
447	#FFFFFF	#D3D3D3	21
448	#FFFFFF	#D3D3D3	21
449	#FFFFFF	#D3D3D3	21
450	#FFFFFF	#D3D3D3	21
451	#CD1076	#000000	32
452	#FEF3F6	#C5C5C5	46
453	#FFFFFF	#D3D3D3	20
454	#FFFFFF	#D3D3D3	20
455	#FFFFFF	#D3D3D3	20
456	#FFFFFF	#D3D3D3	20
457	#FFFFFF	#D3D3D3	20
458	#FFFFFF	#D3D3D3	20
459	#FFFFFF	#D3D3D3	20
460	#FFFFFF	#D3D3D3	20
461	#FFFFFF	#D3D3D3	107
462	#FFFFFF	#D3D3D3	107
463	#FFFFFF	#D3D3D3	104
464	#FFFFFF	#D3D3D3	107
465	#FFFFFF	#D3D3D3	107
466	#FFFFFF	#D3D3D3	5
467	#FFFFFF	#D3D3D3	5
468	#FFFFFF	#D3D3D3	5
469	#FFFFFF	#D3D3D3	5
470	#FFFFFF	#D3D3D3	5
471	#FFFFFF	#D3D3D3	5
472	#FFFFFF	#D3D3D3	5
473	#FFFFFF	#D3D3D3	5
474	#FFFFFF	#D3D3D3	104
475	#FFFFFF	#D3D3D3	5
476	#FFFFFF	#D3D3D3	5
477	#FFFFFF	#D3D3D3	80
478	#FFFFFF	#D3D3D3	5
479	#FFFFFF	#D3D3D3	5
480	#FFFFFF	#D3D3D3	5
481	#FFFFFF	#D3D3D3	5
482	#FFFFFF	#D3D3D3	5
483	#FFFFFF	#D3D3D3	5
484	#FFFFFF	#D3D3D3	5
485	#FFFFFF	#D3D3D3	104
486	#FFFFFF	#D3D3D3	5
487	#FFFFFF	#D3D3D3	5
488	#FFFFFF	#D3D3D3	5
489	#FFFFFF	#D3D3D3	5
490	#FFFFFF	#D3D3D3	5
491	#FFFFFF	#D3D3D3	5
492	#FFFFFF	#D3D3D3	5
493	#FFFFFF	#D3D3D3	5
494	#FFFFFF	#D3D3D3	65
495	#FFFFFF	#D3D3D3	65
496	#FFFFFF	#D3D3D3	21
497	#FFFFFF	#D3D3D3	21
498	#FFFFFF	#D3D3D3	21
499	#FFFFFF	#D3D3D3	21
500	#FFFFFF	#D3D3D3	21
502	#FEF3F6	#C5C5C5	46
503	#FEF3F6	#C5C5C5	46
504	#FFFFFF	#D3D3D3	20
505	#FFFFFF	#D3D3D3	20
506	#FFFFFF	#D3D3D3	20
507	#FFFFFF	#D3D3D3	20
508	#FFFFFF	#D3D3D3	20
509	#FFFFFF	#D3D3D3	20
510	#FFFFFF	#D3D3D3	20
511	#FFFFFF	#D3D3D3	20
512	#FFFFFF	#D3D3D3	107
513	#FFFFFF	#D3D3D3	107
514	#FFFFFF	#D3D3D3	104
515	#FFFFFF	#D3D3D3	107
516	#FFFFFF	#D3D3D3	107
517	#FFFFFF	#D3D3D3	5
518	#FFFFFF	#D3D3D3	5
519	#FFFFFF	#D3D3D3	5
520	#FFFFFF	#D3D3D3	5
521	#FFFFFF	#D3D3D3	5
522	#FFFFFF	#D3D3D3	5
523	#FFFFFF	#D3D3D3	5
524	#FFFFFF	#D3D3D3	5
525	#FFFFFF	#D3D3D3	104
526	#FFFFFF	#D3D3D3	5
527	#FFFFFF	#D3D3D3	5
528	#FFFFFF	#D3D3D3	80
529	#FFFFFF	#D3D3D3	5
530	#FFFFFF	#D3D3D3	5
531	#FFFFFF	#D3D3D3	5
532	#FFFFFF	#D3D3D3	5
533	#FFFFFF	#D3D3D3	5
534	#FFFFFF	#D3D3D3	5
535	#FFFFFF	#D3D3D3	5
536	#FFFFFF	#D3D3D3	104
537	#FFFFFF	#D3D3D3	5
538	#FFFFFF	#D3D3D3	5
539	#FFFFFF	#D3D3D3	5
540	#FFFFFF	#D3D3D3	5
541	#FFFFFF	#D3D3D3	5
542	#FFFFFF	#D3D3D3	5
543	#FFFFFF	#D3D3D3	5
544	#FFFFFF	#D3D3D3	5
545	#FFFFFF	#D3D3D3	65
546	#FFFFFF	#D3D3D3	21
547	#FFFFFF	#D3D3D3	21
548	#FFFFFF	#D3D3D3	21
549	#FFFFFF	#D3D3D3	21
550	#FFFFFF	#D3D3D3	21
551	#FEF3F6	#C5C5C5	46
552	#FEF3F6	#C5C5C5	46
553	#FFFFFF	#D3D3D3	21
554	#FFFFFF	#D3D3D3	21
555	#FFFFFF	#D3D3D3	20
556	#FFFFFF	#D3D3D3	20
557	#FFFFFF	#D3D3D3	20
558	#FFFFFF	#D3D3D3	20
559	#FFFFFF	#D3D3D3	20
560	#FFFFFF	#D3D3D3	20
561	#FFFFFF	#D3D3D3	20
562	#FFFFFF	#D3D3D3	107
563	#FFFFFF	#D3D3D3	104
564	#FFFFFF	#D3D3D3	107
565	#FFFFFF	#D3D3D3	107
566	#FFFFFF	#D3D3D3	5
567	#FFFFFF	#D3D3D3	5
568	#FFFFFF	#D3D3D3	5
569	#FFFFFF	#D3D3D3	5
570	#FFFFFF	#D3D3D3	5
571	#FFFFFF	#D3D3D3	5
572	#FFFFFF	#D3D3D3	5
573	#FFFFFF	#D3D3D3	5
574	#FFFFFF	#D3D3D3	104
575	#FFFFFF	#D3D3D3	5
576	#FFFFFF	#D3D3D3	5
577	#FFFFFF	#D3D3D3	5
578	#FFFFFF	#D3D3D3	80
579	#FFFFFF	#D3D3D3	5
580	#FFFFFF	#D3D3D3	5
581	#FFFFFF	#D3D3D3	5
582	#FFFFFF	#D3D3D3	5
583	#FFFFFF	#D3D3D3	5
584	#FFFFFF	#D3D3D3	5
585	#FFFFFF	#D3D3D3	104
586	#FFFFFF	#D3D3D3	5
587	#FFFFFF	#D3D3D3	5
588	#FFFFFF	#D3D3D3	5
589	#FFFFFF	#D3D3D3	5
590	#FFFFFF	#D3D3D3	5
591	#FFFFFF	#D3D3D3	5
592	#FFFFFF	#D3D3D3	5
593	#FFFFFF	#D3D3D3	5
594	#FFFFFF	#D3D3D3	5
595	#FFFFFF	#D3D3D3	65
596	#FFFFFF	#D3D3D3	104
597	#FFFFFF	#D3D3D3	21
598	#FFFFFF	#D3D3D3	21
599	#FFFFFF	#D3D3D3	21
600	#FFFFFF	#D3D3D3	21
602	#FEF3F6	#C5C5C5	46
603	#FFFFFF	#D3D3D3	104
604	#FFFFFF	#D3D3D3	21
605	#FFFFFF	#D3D3D3	21
606	#FFFFFF	#D3D3D3	20
607	#FFFFFF	#D3D3D3	20
608	#FFFFFF	#D3D3D3	20
609	#FFFFFF	#D3D3D3	20
610	#FFFFFF	#D3D3D3	20
611	#FFFFFF	#D3D3D3	20
612	#FFFFFF	#D3D3D3	107
613	#FFFFFF	#D3D3D3	107
614	#FFFFFF	#D3D3D3	104
615	#FFFFFF	#D3D3D3	107
616	#FFFFFF	#D3D3D3	107
617	#FFFFFF	#D3D3D3	5
618	#FFFFFF	#D3D3D3	5
619	#FFFFFF	#D3D3D3	5
620	#FFFFFF	#D3D3D3	5
621	#FFFFFF	#D3D3D3	5
622	#FFFFFF	#D3D3D3	5
623	#FFFFFF	#D3D3D3	5
624	#FFFFFF	#D3D3D3	5
625	#FFFFFF	#D3D3D3	104
626	#FFFFFF	#D3D3D3	5
627	#FFFFFF	#D3D3D3	5
628	#FFFFFF	#D3D3D3	5
629	#FFFFFF	#D3D3D3	80
630	#FFFFFF	#D3D3D3	5
631	#FFFFFF	#D3D3D3	5
632	#FFFFFF	#D3D3D3	5
633	#FFFFFF	#D3D3D3	5
634	#FFFFFF	#D3D3D3	5
635	#FFFFFF	#D3D3D3	5
636	#FFFFFF	#D3D3D3	104
637	#FFFFFF	#D3D3D3	5
638	#FFFFFF	#D3D3D3	5
639	#FFFFFF	#D3D3D3	5
640	#FFFFFF	#D3D3D3	5
641	#FFFFFF	#D3D3D3	5
642	#FFFFFF	#D3D3D3	5
643	#FFFFFF	#D3D3D3	5
644	#FFFFFF	#D3D3D3	5
645	#FFFFFF	#D3D3D3	5
646	#FFFFFF	#D3D3D3	104
647	#FFFFFF	#D3D3D3	21
648	#FFFFFF	#D3D3D3	21
649	#FFFFFF	#D3D3D3	21
650	#FFFFFF	#D3D3D3	21
651	#FEF3F6	#C5C5C5	46
652	#FFFFFF	#D3D3D3	104
653	#FFFFFF	#D3D3D3	21
654	#FFFFFF	#D3D3D3	21
655	#FFFFFF	#D3D3D3	21
656	#FFFFFF	#D3D3D3	20
657	#FFFFFF	#D3D3D3	20
658	#FFFFFF	#D3D3D3	20
659	#FFFFFF	#D3D3D3	20
660	#FFFFFF	#D3D3D3	20
661	#FFFFFF	#D3D3D3	20
662	#FFFFFF	#D3D3D3	107
663	#FFFFFF	#D3D3D3	104
664	#FFFFFF	#D3D3D3	107
665	#FFFFFF	#D3D3D3	107
666	#FFFFFF	#D3D3D3	107
667	#FFFFFF	#D3D3D3	5
668	#FFFFFF	#D3D3D3	5
669	#FFFFFF	#D3D3D3	5
670	#FFFFFF	#D3D3D3	5
671	#FFFFFF	#D3D3D3	5
672	#FFFFFF	#D3D3D3	5
673	#FFFFFF	#D3D3D3	5
674	#FFFFFF	#D3D3D3	104
675	#FFFFFF	#D3D3D3	5
676	#FFFFFF	#D3D3D3	5
677	#FFFFFF	#D3D3D3	5
678	#FFFFFF	#D3D3D3	5
679	#FFFFFF	#D3D3D3	80
680	#FFFFFF	#D3D3D3	5
681	#FFFFFF	#D3D3D3	5
682	#FFFFFF	#D3D3D3	5
683	#FFFFFF	#D3D3D3	5
684	#FFFFFF	#D3D3D3	5
685	#FFFFFF	#D3D3D3	104
686	#FFFFFF	#D3D3D3	5
687	#FFFFFF	#D3D3D3	5
688	#FFFFFF	#D3D3D3	5
689	#FFFFFF	#D3D3D3	5
690	#FFFFFF	#D3D3D3	5
691	#FFFFFF	#D3D3D3	5
692	#FFFFFF	#D3D3D3	5
693	#FFFFFF	#D3D3D3	5
694	#FFFFFF	#D3D3D3	5
695	#FFFFFF	#D3D3D3	65
696	#FFFFFF	#D3D3D3	104
697	#FFFFFF	#D3D3D3	21
698	#FFFFFF	#D3D3D3	21
699	#FFFFFF	#D3D3D3	21
700	#FFFFFF	#D3D3D3	21
702	#FEF3F6	#C5C5C5	46
703	#FFFFFF	#D3D3D3	104
704	#FFFFFF	#D3D3D3	21
705	#FFFFFF	#D3D3D3	21
706	#FFFFFF	#D3D3D3	21
707	#FFFFFF	#D3D3D3	20
708	#FFFFFF	#D3D3D3	20
709	#FFFFFF	#D3D3D3	20
710	#FFFFFF	#D3D3D3	20
711	#FFFFFF	#D3D3D3	20
712	#FFFFFF	#D3D3D3	20
713	#FFFFFF	#D3D3D3	107
714	#FFFFFF	#D3D3D3	104
715	#FFFFFF	#D3D3D3	107
716	#FFFFFF	#D3D3D3	107
717	#FFFFFF	#D3D3D3	107
718	#FFFFFF	#D3D3D3	5
719	#FFFFFF	#D3D3D3	5
720	#FFFFFF	#D3D3D3	5
721	#FFFFFF	#D3D3D3	5
722	#FFFFFF	#D3D3D3	5
723	#FFFFFF	#D3D3D3	5
724	#FFFFFF	#D3D3D3	5
725	#FFFFFF	#D3D3D3	104
726	#FFFFFF	#D3D3D3	5
727	#FFFFFF	#D3D3D3	5
728	#FFFFFF	#D3D3D3	5
729	#FFFFFF	#D3D3D3	5
730	#FFFFFF	#D3D3D3	80
731	#FFFFFF	#D3D3D3	5
732	#FFFFFF	#D3D3D3	80
733	#FFFFFF	#D3D3D3	80
734	#FFFFFF	#D3D3D3	5
735	#FFFFFF	#D3D3D3	5
736	#FFFFFF	#D3D3D3	104
737	#FFFFFF	#D3D3D3	5
738	#FFFFFF	#D3D3D3	5
739	#FFFFFF	#D3D3D3	5
740	#FFFFFF	#D3D3D3	5
741	#FFFFFF	#D3D3D3	31
742	#FFFFFF	#D3D3D3	31
743	#FFFFFF	#D3D3D3	5
744	#FFFFFF	#D3D3D3	5
745	#FFFFFF	#D3D3D3	31
746	#FFFFFF	#D3D3D3	21
747	#FFFFFF	#D3D3D3	21
748	#FFFFFF	#D3D3D3	21
749	#FFFFFF	#D3D3D3	21
750	#FFFFFF	#D3D3D3	21
751	#FEF3F6	#C5C5C5	46
752	#FEF3F6	#C5C5C5	46
753	#FFFFFF	#D3D3D3	21
754	#FFFFFF	#D3D3D3	21
755	#FFFFFF	#D3D3D3	21
756	#FFFFFF	#D3D3D3	21
757	#FFFFFF	#D3D3D3	20
758	#FFFFFF	#D3D3D3	20
759	#FFFFFF	#D3D3D3	20
760	#FFFFFF	#D3D3D3	20
761	#FFFFFF	#D3D3D3	20
762	#FFFFFF	#D3D3D3	20
763	#FFFFFF	#D3D3D3	104
764	#FFFFFF	#D3D3D3	107
765	#FFFFFF	#D3D3D3	107
766	#FFFFFF	#D3D3D3	107
767	#FFFFFF	#D3D3D3	107
768	#FFFFFF	#D3D3D3	5
769	#FFFFFF	#D3D3D3	5
770	#FFFFFF	#D3D3D3	5
771	#FFFFFF	#D3D3D3	5
772	#FFFFFF	#D3D3D3	5
773	#FFFFFF	#D3D3D3	5
774	#FFFFFF	#D3D3D3	104
775	#FFFFFF	#D3D3D3	5
776	#FFFFFF	#D3D3D3	5
777	#FFFFFF	#D3D3D3	5
778	#FFFFFF	#D3D3D3	5
779	#FFFFFF	#D3D3D3	5
780	#FFFFFF	#D3D3D3	80
781	#FFFFFF	#D3D3D3	5
782	#FFFFFF	#D3D3D3	80
783	#FFFFFF	#D3D3D3	5
784	#FFFFFF	#D3D3D3	5
785	#FFFFFF	#D3D3D3	104
786	#FFFFFF	#D3D3D3	5
787	#FFFFFF	#D3D3D3	5
788	#FFFFFF	#D3D3D3	5
789	#FFFFFF	#D3D3D3	5
790	#FFFFFF	#D3D3D3	5
791	#FFFFFF	#D3D3D3	31
792	#FFFFFF	#D3D3D3	31
793	#FFFFFF	#D3D3D3	31
794	#FFFFFF	#D3D3D3	31
795	#FFFFFF	#D3D3D3	31
796	#FFFFFF	#D3D3D3	21
797	#FFFFFF	#D3D3D3	21
798	#FFFFFF	#D3D3D3	21
799	#FFFFFF	#D3D3D3	21
800	#FFFFFF	#D3D3D3	21
802	#FEF3F6	#C5C5C5	46
803	#FEF3F6	#C5C5C5	46
804	#FFFFFF	#D3D3D3	21
805	#FFFFFF	#D3D3D3	21
806	#FFFFFF	#D3D3D3	21
807	#FFFFFF	#D3D3D3	20
808	#FFFFFF	#D3D3D3	20
809	#FFFFFF	#D3D3D3	20
810	#FFFFFF	#D3D3D3	20
811	#FFFFFF	#D3D3D3	20
812	#FFFFFF	#D3D3D3	20
813	#FFFFFF	#D3D3D3	107
814	#FFFFFF	#D3D3D3	104
815	#FFFFFF	#D3D3D3	107
816	#FFFFFF	#D3D3D3	107
817	#FFFFFF	#D3D3D3	107
818	#FFFFFF	#D3D3D3	107
819	#FFFFFF	#D3D3D3	5
820	#FFFFFF	#D3D3D3	5
821	#FFFFFF	#D3D3D3	5
822	#FFFFFF	#D3D3D3	5
823	#FFFFFF	#D3D3D3	5
824	#FFFFFF	#D3D3D3	5
825	#FFFFFF	#D3D3D3	104
826	#FFFFFF	#D3D3D3	5
827	#FFFFFF	#D3D3D3	5
828	#FFFFFF	#D3D3D3	5
829	#FFFFFF	#D3D3D3	5
830	#FFFFFF	#D3D3D3	80
831	#FFFFFF	#D3D3D3	80
832	#FFFFFF	#D3D3D3	80
833	#FFFFFF	#D3D3D3	80
834	#FFFFFF	#D3D3D3	5
835	#FFFFFF	#D3D3D3	5
836	#FFFFFF	#D3D3D3	21
837	#FFFFFF	#D3D3D3	5
838	#FFFFFF	#D3D3D3	5
839	#FFFFFF	#D3D3D3	5
840	#FFFFFF	#D3D3D3	5
841	#FFFFFF	#D3D3D3	5
842	#FFFFFF	#D3D3D3	31
843	#FFFFFF	#D3D3D3	31
844	#FFFFFF	#D3D3D3	31
845	#FFFFFF	#D3D3D3	31
846	#FFFFFF	#D3D3D3	21
847	#FFFFFF	#D3D3D3	21
848	#FFFFFF	#D3D3D3	21
849	#FFFFFF	#D3D3D3	21
850	#FFFFFF	#D3D3D3	21
851	#FEF3F6	#C5C5C5	46
852	#FEF3F6	#C5C5C5	46
853	#FFFFFF	#D3D3D3	20
854	#FFFFFF	#D3D3D3	20
855	#FFFFFF	#D3D3D3	21
856	#FFFFFF	#D3D3D3	20
857	#FFFFFF	#D3D3D3	20
858	#FFFFFF	#D3D3D3	20
859	#FFFFFF	#D3D3D3	20
860	#FFFFFF	#D3D3D3	20
861	#FFFFFF	#D3D3D3	20
862	#FFFFFF	#D3D3D3	20
863	#FEF3F6	#C5C5C5	46
864	#FFFFFF	#D3D3D3	107
865	#FFFFFF	#D3D3D3	107
866	#FFFFFF	#D3D3D3	107
867	#FFFFFF	#D3D3D3	107
868	#FFFFFF	#D3D3D3	107
869	#FFFFFF	#D3D3D3	5
870	#FFFFFF	#D3D3D3	107
871	#FFFFFF	#D3D3D3	5
872	#FFFFFF	#D3D3D3	5
873	#FFFFFF	#D3D3D3	5
874	#FFFFFF	#D3D3D3	104
875	#FFFFFF	#D3D3D3	5
876	#FFFFFF	#D3D3D3	5
877	#FFFFFF	#D3D3D3	5
878	#FFFFFF	#D3D3D3	5
879	#FFFFFF	#D3D3D3	5
880	#FFFFFF	#D3D3D3	80
881	#FFFFFF	#D3D3D3	80
882	#FFFFFF	#D3D3D3	80
883	#FFFFFF	#D3D3D3	5
884	#FFFFFF	#D3D3D3	5
885	#FFFFFF	#D3D3D3	21
886	#FFFFFF	#D3D3D3	5
887	#FFFFFF	#D3D3D3	5
888	#FFFFFF	#D3D3D3	5
889	#FFFFFF	#D3D3D3	5
890	#FFFFFF	#D3D3D3	5
891	#FFFFFF	#D3D3D3	5
892	#FFFFFF	#D3D3D3	31
893	#FFFFFF	#D3D3D3	31
894	#FFFFFF	#D3D3D3	31
895	#FFFFFF	#D3D3D3	31
896	#FFFFFF	#D3D3D3	21
897	#FFFFFF	#D3D3D3	21
898	#FFFFFF	#D3D3D3	21
899	#FFFFFF	#D3D3D3	21
900	#FFFFFF	#D3D3D3	21
902	#FEF3F6	#C5C5C5	46
903	#FEF3F6	#C5C5C5	46
904	#FFFFFF	#D3D3D3	20
905	#FFFFFF	#D3D3D3	20
906	#FFFFFF	#D3D3D3	20
907	#FFFFFF	#D3D3D3	20
908	#FFFFFF	#D3D3D3	20
909	#FFFFFF	#D3D3D3	20
910	#FFFFFF	#D3D3D3	20
911	#FFFFFF	#D3D3D3	20
912	#FFFFFF	#D3D3D3	20
913	#FFFFFF	#D3D3D3	20
914	#FFFFFF	#D3D3D3	104
915	#FFFFFF	#D3D3D3	107
916	#FFFFFF	#D3D3D3	107
917	#FFFFFF	#D3D3D3	107
918	#FFFFFF	#D3D3D3	107
919	#FFFFFF	#D3D3D3	107
920	#FFFFFF	#D3D3D3	107
921	#FFFFFF	#D3D3D3	5
922	#FFFFFF	#D3D3D3	5
923	#FFFFFF	#D3D3D3	5
924	#FFFFFF	#D3D3D3	5
925	#FFFFFF	#D3D3D3	21
926	#FFFFFF	#D3D3D3	5
927	#FFFFFF	#D3D3D3	80
928	#FFFFFF	#D3D3D3	5
929	#FFFFFF	#D3D3D3	80
930	#FFFFFF	#D3D3D3	80
931	#FFFFFF	#D3D3D3	80
932	#FFFFFF	#D3D3D3	80
933	#FFFFFF	#D3D3D3	5
934	#FFFFFF	#D3D3D3	80
935	#FFFFFF	#D3D3D3	80
936	#FFFFFF	#D3D3D3	21
937	#FFFFFF	#D3D3D3	5
938	#FFFFFF	#D3D3D3	5
939	#FFFFFF	#D3D3D3	5
940	#FFFFFF	#D3D3D3	5
941	#FFFFFF	#D3D3D3	5
942	#FFFFFF	#D3D3D3	5
943	#FFFFFF	#D3D3D3	31
944	#FFFFFF	#D3D3D3	31
945	#FFFFFF	#D3D3D3	31
946	#FFFFFF	#D3D3D3	21
947	#FFFFFF	#D3D3D3	21
948	#FFFFFF	#D3D3D3	21
949	#FFFFFF	#D3D3D3	21
950	#FFFFFF	#D3D3D3	20
951	#FEF3F6	#C5C5C5	46
952	#FEF3F6	#C5C5C5	46
953	#FFFFFF	#D3D3D3	20
954	#FFFFFF	#D3D3D3	20
955	#FFFFFF	#D3D3D3	20
956	#FFFFFF	#D3D3D3	20
957	#FFFFFF	#D3D3D3	20
958	#FFFFFF	#D3D3D3	20
959	#FFFFFF	#D3D3D3	20
960	#FFFFFF	#D3D3D3	20
961	#FFFFFF	#D3D3D3	20
962	#FFFFFF	#D3D3D3	20
963	#FFFFFF	#D3D3D3	104
964	#FFFFFF	#D3D3D3	20
965	#FFFFFF	#D3D3D3	107
966	#FFFFFF	#D3D3D3	107
967	#FFFFFF	#D3D3D3	107
968	#FFFFFF	#D3D3D3	107
969	#FFFFFF	#D3D3D3	107
970	#FFFFFF	#D3D3D3	107
971	#FFFFFF	#D3D3D3	5
972	#FFFFFF	#D3D3D3	5
973	#FFFFFF	#D3D3D3	5
974	#FFFFFF	#D3D3D3	21
975	#FFFFFF	#D3D3D3	5
976	#FFFFFF	#D3D3D3	5
977	#FFFFFF	#D3D3D3	80
978	#FFFFFF	#D3D3D3	5
979	#FFFFFF	#D3D3D3	80
980	#FFFFFF	#D3D3D3	80
981	#FFFFFF	#D3D3D3	80
982	#FFFFFF	#D3D3D3	80
983	#FFFFFF	#D3D3D3	80
984	#FFFFFF	#D3D3D3	80
985	#FFFFFF	#D3D3D3	21
986	#FFFFFF	#D3D3D3	5
987	#FFFFFF	#D3D3D3	5
988	#FFFFFF	#D3D3D3	5
989	#FFFFFF	#D3D3D3	5
990	#FFFFFF	#D3D3D3	5
991	#FFFFFF	#D3D3D3	5
992	#FFFFFF	#D3D3D3	31
993	#FFFFFF	#D3D3D3	31
994	#FFFFFF	#D3D3D3	31
995	#FFFFFF	#D3D3D3	5
996	#FFFFFF	#D3D3D3	21
997	#FFFFFF	#D3D3D3	21
998	#FFFFFF	#D3D3D3	21
999	#FFFFFF	#D3D3D3	21
1000	#FFFFFF	#D3D3D3	20
1002	#FEF3F6	#C5C5C5	46
1003	#FFFFFF	#D3D3D3	104
1004	#FFFFFF	#D3D3D3	20
1005	#FFFFFF	#D3D3D3	91
1006	#FFFFFF	#D3D3D3	20
1007	#FFFFFF	#D3D3D3	20
1008	#FFFFFF	#D3D3D3	20
1009	#FFFFFF	#D3D3D3	20
1010	#FFFFFF	#D3D3D3	20
1011	#FFFFFF	#D3D3D3	20
1012	#FFFFFF	#D3D3D3	20
1013	#FFFFFF	#D3D3D3	20
1014	#FFFFFF	#D3D3D3	21
1015	#FFFFFF	#D3D3D3	107
1016	#FFFFFF	#D3D3D3	107
1017	#FFFFFF	#D3D3D3	107
1018	#FFFFFF	#D3D3D3	107
1019	#FFFFFF	#D3D3D3	107
1020	#FFFFFF	#D3D3D3	107
1021	#FFFFFF	#D3D3D3	5
1022	#FFFFFF	#D3D3D3	5
1023	#FFFFFF	#D3D3D3	5
1024	#FFFFFF	#D3D3D3	5
1025	#FFFFFF	#D3D3D3	21
1026	#FFFFFF	#D3D3D3	5
1027	#FFFFFF	#D3D3D3	5
1028	#FFFFFF	#D3D3D3	80
1029	#FFFFFF	#D3D3D3	80
1030	#FFFFFF	#D3D3D3	80
1031	#FFFFFF	#D3D3D3	80
1032	#FFFFFF	#D3D3D3	80
1033	#FFFFFF	#D3D3D3	80
1034	#FFFFFF	#D3D3D3	80
1035	#FFFFFF	#D3D3D3	80
1036	#FFFFFF	#D3D3D3	21
1037	#FFFFFF	#D3D3D3	5
1038	#FFFFFF	#D3D3D3	5
1039	#FFFFFF	#D3D3D3	5
1040	#FFFFFF	#D3D3D3	5
1041	#FFFFFF	#D3D3D3	5
1042	#FFFFFF	#D3D3D3	31
1043	#FFFFFF	#D3D3D3	31
1044	#FFFFFF	#D3D3D3	31
1045	#FFFFFF	#D3D3D3	5
1046	#FFFFFF	#D3D3D3	21
1047	#FFFFFF	#D3D3D3	21
1048	#FFFFFF	#D3D3D3	21
1049	#FFFFFF	#D3D3D3	20
1050	#FFFFFF	#D3D3D3	20
1051	#FEF3F6	#C5C5C5	46
1052	#FFFFFF	#D3D3D3	104
1053	#FFFFFF	#D3D3D3	20
1054	#FFFFFF	#D3D3D3	91
1055	#FFFFFF	#D3D3D3	91
1056	#FFFFFF	#D3D3D3	20
1057	#FFFFFF	#D3D3D3	20
1058	#FFFFFF	#D3D3D3	20
1059	#FFFFFF	#D3D3D3	20
1060	#FFFFFF	#D3D3D3	20
1061	#FFFFFF	#D3D3D3	20
1062	#FFFFFF	#D3D3D3	20
1063	#FFFFFF	#D3D3D3	21
1064	#FFFFFF	#D3D3D3	20
1065	#FFFFFF	#D3D3D3	107
1066	#FFFFFF	#D3D3D3	107
1067	#FFFFFF	#D3D3D3	107
1068	#FFFFFF	#D3D3D3	107
1069	#FFFFFF	#D3D3D3	107
1070	#FFFFFF	#D3D3D3	107
1071	#FFFFFF	#D3D3D3	5
1072	#FFFFFF	#D3D3D3	5
1073	#FFFFFF	#D3D3D3	5
1074	#FFFFFF	#D3D3D3	21
1075	#FFFFFF	#D3D3D3	5
1076	#FFFFFF	#D3D3D3	5
1077	#FFFFFF	#D3D3D3	5
1078	#FFFFFF	#D3D3D3	80
1079	#FFFFFF	#D3D3D3	80
1080	#FFFFFF	#D3D3D3	80
1081	#FFFFFF	#D3D3D3	80
1082	#FFFFFF	#D3D3D3	5
1083	#FFFFFF	#D3D3D3	80
1084	#FFFFFF	#D3D3D3	5
1085	#FFFFFF	#D3D3D3	21
1086	#FFFFFF	#D3D3D3	5
1087	#FFFFFF	#D3D3D3	5
1088	#FFFFFF	#D3D3D3	5
1089	#FFFFFF	#D3D3D3	5
1090	#FFFFFF	#D3D3D3	5
1091	#FFFFFF	#D3D3D3	5
1092	#FFFFFF	#D3D3D3	31
1093	#FFFFFF	#D3D3D3	31
1094	#FFFFFF	#D3D3D3	5
1095	#FFFFFF	#D3D3D3	5
1096	#FFFFFF	#D3D3D3	21
1097	#FFFFFF	#D3D3D3	21
1098	#FFFFFF	#D3D3D3	21
1099	#FFFFFF	#D3D3D3	20
1100	#FFFFFF	#D3D3D3	20
1102	#FEF3F6	#C5C5C5	46
1103	#FFFFFF	#D3D3D3	21
1104	#FFFFFF	#D3D3D3	91
1105	#FFFFFF	#D3D3D3	91
1106	#FFFFFF	#D3D3D3	91
1107	#FFFFFF	#D3D3D3	20
1108	#FFFFFF	#D3D3D3	20
1109	#FFFFFF	#D3D3D3	20
1110	#FFFFFF	#D3D3D3	20
1111	#FFFFFF	#D3D3D3	20
1112	#FFFFFF	#D3D3D3	20
1113	#FFFFFF	#D3D3D3	20
1114	#FFFFFF	#D3D3D3	21
1115	#FFFFFF	#D3D3D3	102
1116	#FFFFFF	#D3D3D3	107
1117	#FFFFFF	#D3D3D3	107
1118	#FFFFFF	#D3D3D3	107
1119	#FFFFFF	#D3D3D3	107
1120	#FFFFFF	#D3D3D3	107
1121	#FFFFFF	#D3D3D3	107
1122	#FFFFFF	#D3D3D3	107
1123	#FFFFFF	#D3D3D3	5
1124	#FFFFFF	#D3D3D3	5
1125	#FFFFFF	#D3D3D3	21
1126	#FFFFFF	#D3D3D3	5
1127	#FFFFFF	#D3D3D3	5
1128	#FFFFFF	#D3D3D3	80
1129	#FFFFFF	#D3D3D3	80
1130	#FFFFFF	#D3D3D3	80
1131	#FFFFFF	#D3D3D3	80
1132	#FFFFFF	#D3D3D3	80
1133	#FFFFFF	#D3D3D3	5
1134	#FFFFFF	#D3D3D3	80
1135	#FFFFFF	#D3D3D3	5
1136	#FFFFFF	#D3D3D3	21
1137	#FFFFFF	#D3D3D3	5
1138	#FFFFFF	#D3D3D3	5
1139	#FFFFFF	#D3D3D3	5
1140	#FFFFFF	#D3D3D3	5
1141	#FFFFFF	#D3D3D3	5
1142	#FFFFFF	#D3D3D3	5
1143	#FFFFFF	#D3D3D3	31
1144	#FFFFFF	#D3D3D3	5
1145	#FFFFFF	#D3D3D3	5
1146	#FFFFFF	#D3D3D3	21
1147	#FFFFFF	#D3D3D3	21
1148	#FFFFFF	#D3D3D3	20
1149	#FFFFFF	#D3D3D3	20
1150	#FFFFFF	#D3D3D3	20
1151	#CD1076	#000000	32
1152	#CD1076	#000000	32
1153	#F0A0BC	#6A6A6A	58
1154	#F0A0BC	#6A6A6A	58
1155	#FFFFFF	#D3D3D3	107
1156	#FFFFFF	#D3D3D3	65
1157	#FFFFFF	#D3D3D3	65
1158	#FFFFFF	#D3D3D3	65
1159	#FFFFFF	#D3D3D3	65
1160	#FFFFFF	#D3D3D3	65
1161	#FFFFFF	#D3D3D3	65
1162	#FFFFFF	#D3D3D3	65
1163	#CD1076	#000000	51
1164	#FFFFFF	#D3D3D3	65
1165	#FFFFFF	#D3D3D3	65
1166	#FFFFFF	#D3D3D3	65
1167	#FFFFFF	#D3D3D3	65
1168	#FFFFFF	#D3D3D3	65
1169	#FFFFFF	#D3D3D3	65
1170	#FFFFFF	#D3D3D3	65
1171	#FFFFFF	#D3D3D3	65
1172	#FFFFFF	#D3D3D3	5
1173	#FFFFFF	#D3D3D3	5
1174	#CD1076	#000000	51
1175	#FFFFFF	#D3D3D3	5
1176	#FFFFFF	#D3D3D3	65
1177	#FFFFFF	#D3D3D3	65
1178	#FFFFFF	#D3D3D3	65
1179	#FFFFFF	#D3D3D3	92
1180	#FFFFFF	#D3D3D3	92
1181	#FFFFFF	#D3D3D3	92
1182	#FFFFFF	#D3D3D3	65
1183	#FFFFFF	#D3D3D3	65
1184	#FFFFFF	#D3D3D3	31
1185	#CD1076	#000000	51
1186	#FFFFFF	#D3D3D3	65
1187	#FFFFFF	#D3D3D3	65
1188	#FFFFFF	#D3D3D3	55
1189	#FFFFFF	#D3D3D3	55
1190	#FFFFFF	#D3D3D3	55
1191	#FFFFFF	#D3D3D3	55
1192	#FFFFFF	#D3D3D3	31
1193	#FFFFFF	#D3D3D3	31
1194	#FFFFFF	#D3D3D3	31
1195	#FFFFFF	#D3D3D3	31
1196	#D33680	#151515	64
1197	#D33680	#151515	64
1198	#D33680	#151515	64
1199	#F0A0BC	#6A6A6A	58
1200	#F0A0BC	#6A6A6A	58
1202	#CD1076	#000000	32
1203	#CD1076	#000000	51
1204	#F0A0BC	#6A6A6A	58
1205	#FFFFFF	#D3D3D3	107
1206	#FFFFFF	#D3D3D3	107
1207	#FFFFFF	#D3D3D3	65
1208	#FFFFFF	#D3D3D3	65
1209	#FFFFFF	#D3D3D3	65
1210	#FFFFFF	#D3D3D3	65
1211	#FFFFFF	#D3D3D3	65
1212	#FFFFFF	#D3D3D3	65
1213	#FFFFFF	#D3D3D3	65
1214	#CD1076	#000000	51
1215	#FFFFFF	#D3D3D3	65
1216	#FFFFFF	#D3D3D3	65
1217	#FFFFFF	#D3D3D3	65
1218	#FFFFFF	#D3D3D3	65
1219	#FFFFFF	#D3D3D3	65
1220	#FFFFFF	#D3D3D3	65
1221	#FFFFFF	#D3D3D3	5
1222	#FFFFFF	#D3D3D3	5
1223	#FFFFFF	#D3D3D3	5
1224	#FFFFFF	#D3D3D3	5
1225	#CD1076	#000000	51
1226	#FFFFFF	#D3D3D3	65
1227	#FFFFFF	#D3D3D3	65
1228	#FFFFFF	#D3D3D3	65
1229	#FFFFFF	#D3D3D3	65
1230	#FFFFFF	#D3D3D3	65
1231	#FFFFFF	#D3D3D3	92
1232	#FFFFFF	#D3D3D3	92
1233	#FFFFFF	#D3D3D3	65
1234	#FFFFFF	#D3D3D3	31
1235	#FFFFFF	#D3D3D3	65
1236	#D33680	#151515	64
1237	#FFFFFF	#D3D3D3	65
1238	#FFFFFF	#D3D3D3	55
1239	#FFFFFF	#D3D3D3	55
1240	#FFFFFF	#D3D3D3	55
1241	#FFFFFF	#D3D3D3	55
1242	#FFFFFF	#D3D3D3	55
1243	#FFFFFF	#D3D3D3	31
1244	#FFFFFF	#D3D3D3	31
1245	#FFFFFF	#D3D3D3	31
1246	#D33680	#151515	64
1247	#D33680	#151515	64
1248	#F0A0BC	#6A6A6A	58
1249	#F0A0BC	#6A6A6A	58
1250	#F0A0BC	#6A6A6A	58
1251	#FEF3F6	#C5C5C5	46
1252	#FFFFFF	#D3D3D3	21
1253	#FFFFFF	#D3D3D3	20
1254	#FFFFFF	#D3D3D3	91
1255	#FFFFFF	#D3D3D3	91
1256	#FFFFFF	#D3D3D3	91
1257	#FFFFFF	#D3D3D3	20
1258	#FFFFFF	#D3D3D3	20
1259	#FFFFFF	#D3D3D3	20
1260	#FFFFFF	#D3D3D3	20
1261	#FFFFFF	#D3D3D3	20
1262	#FFFFFF	#D3D3D3	20
1263	#FFFFFF	#D3D3D3	21
1264	#FFFFFF	#D3D3D3	20
1265	#FFFFFF	#D3D3D3	102
1266	#FFFFFF	#D3D3D3	107
1267	#FFFFFF	#D3D3D3	107
1268	#FFFFFF	#D3D3D3	107
1269	#FFFFFF	#D3D3D3	107
1270	#FFFFFF	#D3D3D3	107
1271	#FFFFFF	#D3D3D3	107
1272	#FFFFFF	#D3D3D3	107
1273	#FFFFFF	#D3D3D3	5
1274	#FFFFFF	#D3D3D3	21
1275	#FFFFFF	#D3D3D3	5
1276	#FFFFFF	#D3D3D3	5
1277	#FFFFFF	#D3D3D3	5
1278	#FFFFFF	#D3D3D3	80
1279	#FFFFFF	#D3D3D3	80
1280	#FFFFFF	#D3D3D3	80
1281	#FFFFFF	#D3D3D3	80
1282	#FFFFFF	#D3D3D3	80
1283	#FFFFFF	#D3D3D3	5
1284	#FFFFFF	#D3D3D3	80
1285	#FFFFFF	#D3D3D3	21
1286	#FFFFFF	#D3D3D3	80
1287	#FFFFFF	#D3D3D3	5
1288	#FFFFFF	#D3D3D3	5
1289	#FFFFFF	#D3D3D3	5
1290	#FFFFFF	#D3D3D3	5
1291	#FFFFFF	#D3D3D3	5
1292	#FFFFFF	#D3D3D3	5
1293	#FFFFFF	#D3D3D3	5
1294	#FFFFFF	#D3D3D3	5
1295	#FFFFFF	#D3D3D3	5
1296	#FFFFFF	#D3D3D3	21
1297	#FFFFFF	#D3D3D3	21
1298	#FFFFFF	#D3D3D3	20
1299	#FFFFFF	#D3D3D3	20
1300	#FFFFFF	#D3D3D3	20
1302	#FEF3F6	#C5C5C5	46
1303	#FFFFFF	#D3D3D3	21
1304	#FFFFFF	#D3D3D3	20
1305	#FFFFFF	#D3D3D3	91
1306	#FFFFFF	#D3D3D3	91
1307	#FFFFFF	#D3D3D3	91
1308	#FFFFFF	#D3D3D3	20
1309	#FFFFFF	#D3D3D3	20
1310	#FFFFFF	#D3D3D3	20
1311	#FFFFFF	#D3D3D3	20
1312	#FFFFFF	#D3D3D3	102
1313	#FFFFFF	#D3D3D3	102
1314	#FFFFFF	#D3D3D3	21
1315	#FFFFFF	#D3D3D3	102
1316	#FFFFFF	#D3D3D3	107
1317	#FFFFFF	#D3D3D3	107
1318	#FFFFFF	#D3D3D3	107
1319	#FFFFFF	#D3D3D3	107
1320	#FFFFFF	#D3D3D3	107
1321	#FFFFFF	#D3D3D3	107
1322	#FFFFFF	#D3D3D3	107
1323	#FFFFFF	#D3D3D3	107
1324	#FFFFFF	#D3D3D3	5
1325	#FFFFFF	#D3D3D3	21
1326	#FFFFFF	#D3D3D3	5
1327	#FFFFFF	#D3D3D3	5
1328	#FFFFFF	#D3D3D3	5
1329	#FFFFFF	#D3D3D3	80
1330	#FFFFFF	#D3D3D3	80
1331	#FFFFFF	#D3D3D3	80
1332	#FFFFFF	#D3D3D3	80
1333	#FFFFFF	#D3D3D3	80
1334	#FFFFFF	#D3D3D3	5
1335	#FFFFFF	#D3D3D3	80
1336	#FFFFFF	#D3D3D3	21
1337	#FFFFFF	#D3D3D3	5
1338	#FFFFFF	#D3D3D3	5
1339	#FFFFFF	#D3D3D3	5
1340	#FFFFFF	#D3D3D3	5
1341	#FFFFFF	#D3D3D3	5
1342	#FFFFFF	#D3D3D3	5
1343	#FFFFFF	#D3D3D3	5
1344	#FFFFFF	#D3D3D3	5
1345	#FFFFFF	#D3D3D3	5
1346	#FFFFFF	#D3D3D3	21
1347	#FFFFFF	#D3D3D3	20
1348	#FFFFFF	#D3D3D3	20
1349	#FFFFFF	#D3D3D3	20
1350	#FFFFFF	#D3D3D3	20
1351	#FEF3F6	#C5C5C5	46
1352	#FEF3F6	#C5C5C5	46
1353	#FFFFFF	#D3D3D3	20
1354	#FFFFFF	#D3D3D3	20
1355	#FFFFFF	#D3D3D3	91
1356	#FFFFFF	#D3D3D3	91
1357	#FFFFFF	#D3D3D3	91
1358	#FFFFFF	#D3D3D3	102
1359	#FFFFFF	#D3D3D3	20
1360	#FFFFFF	#D3D3D3	20
1361	#FFFFFF	#D3D3D3	102
1362	#FFFFFF	#D3D3D3	102
1363	#FFFFFF	#D3D3D3	21
1364	#FFFFFF	#D3D3D3	102
1365	#FFFFFF	#D3D3D3	102
1366	#FFFFFF	#D3D3D3	107
1367	#FFFFFF	#D3D3D3	107
1368	#FFFFFF	#D3D3D3	107
1369	#FFFFFF	#D3D3D3	107
1370	#FFFFFF	#D3D3D3	107
1371	#FFFFFF	#D3D3D3	107
1372	#FFFFFF	#D3D3D3	107
1373	#FFFFFF	#D3D3D3	107
1374	#FFFFFF	#D3D3D3	21
1375	#FFFFFF	#D3D3D3	5
1376	#FFFFFF	#D3D3D3	5
1377	#FFFFFF	#D3D3D3	5
1378	#FFFFFF	#D3D3D3	5
1379	#FFFFFF	#D3D3D3	80
1380	#FFFFFF	#D3D3D3	80
1381	#FFFFFF	#D3D3D3	80
1382	#FFFFFF	#D3D3D3	80
1383	#FFFFFF	#D3D3D3	5
1384	#FFFFFF	#D3D3D3	5
1385	#FFFFFF	#D3D3D3	21
1386	#FFFFFF	#D3D3D3	80
1387	#FFFFFF	#D3D3D3	5
1388	#FFFFFF	#D3D3D3	5
1389	#FFFFFF	#D3D3D3	5
1390	#FFFFFF	#D3D3D3	5
1391	#FFFFFF	#D3D3D3	5
1392	#FFFFFF	#D3D3D3	5
1393	#FFFFFF	#D3D3D3	5
1394	#FFFFFF	#D3D3D3	5
1395	#FFFFFF	#D3D3D3	5
1396	#FFFFFF	#D3D3D3	21
1397	#FFFFFF	#D3D3D3	20
1398	#FFFFFF	#D3D3D3	20
1399	#FFFFFF	#D3D3D3	20
1400	#FFFFFF	#D3D3D3	20
1402	#FEF3F6	#C5C5C5	46
1403	#FEF3F6	#C5C5C5	46
1404	#FFFFFF	#D3D3D3	20
1405	#FFFFFF	#D3D3D3	102
1406	#FFFFFF	#D3D3D3	91
1407	#FFFFFF	#D3D3D3	91
1408	#FFFFFF	#D3D3D3	91
1409	#FFFFFF	#D3D3D3	102
1410	#FFFFFF	#D3D3D3	102
1411	#FFFFFF	#D3D3D3	102
1412	#FFFFFF	#D3D3D3	102
1413	#FFFFFF	#D3D3D3	102
1414	#FFFFFF	#D3D3D3	21
1415	#FFFFFF	#D3D3D3	102
1416	#FFFFFF	#D3D3D3	102
1417	#FFFFFF	#D3D3D3	107
1418	#FFFFFF	#D3D3D3	107
1419	#FFFFFF	#D3D3D3	107
1420	#FFFFFF	#D3D3D3	107
1421	#FFFFFF	#D3D3D3	107
1422	#FFFFFF	#D3D3D3	107
1423	#FFFFFF	#D3D3D3	107
1424	#FFFFFF	#D3D3D3	107
1425	#FFFFFF	#D3D3D3	21
1426	#FFFFFF	#D3D3D3	5
1427	#FFFFFF	#D3D3D3	5
1428	#FFFFFF	#D3D3D3	5
1429	#FFFFFF	#D3D3D3	5
1430	#FFFFFF	#D3D3D3	80
1431	#FFFFFF	#D3D3D3	80
1432	#FFFFFF	#D3D3D3	80
1433	#FFFFFF	#D3D3D3	5
1434	#FFFFFF	#D3D3D3	5
1435	#FFFFFF	#D3D3D3	5
1436	#FFFFFF	#D3D3D3	20
1437	#FFFFFF	#D3D3D3	80
1438	#FFFFFF	#D3D3D3	5
1439	#FFFFFF	#D3D3D3	5
1440	#FFFFFF	#D3D3D3	5
1441	#FFFFFF	#D3D3D3	5
1442	#FFFFFF	#D3D3D3	5
1443	#FFFFFF	#D3D3D3	5
1444	#FFFFFF	#D3D3D3	5
1445	#FFFFFF	#D3D3D3	5
1446	#FFFFFF	#D3D3D3	20
1447	#FFFFFF	#D3D3D3	20
1448	#FFFFFF	#D3D3D3	20
1449	#FFFFFF	#D3D3D3	20
1450	#FFFFFF	#D3D3D3	20
1452	#FEF3F6	#C5C5C5	46
1453	#FEF3F6	#C5C5C5	46
1454	#FFFFFF	#D3D3D3	20
1455	#FFFFFF	#D3D3D3	102
1456	#FFFFFF	#D3D3D3	102
1457	#FFFFFF	#D3D3D3	91
1458	#FFFFFF	#D3D3D3	91
1459	#FFFFFF	#D3D3D3	91
1460	#FFFFFF	#D3D3D3	102
1461	#FFFFFF	#D3D3D3	102
1462	#FFFFFF	#D3D3D3	102
1463	#FFFFFF	#D3D3D3	102
1464	#FEF3F6	#C5C5C5	46
1465	#FFFFFF	#D3D3D3	102
1466	#FFFFFF	#D3D3D3	102
1467	#FFFFFF	#D3D3D3	107
1468	#FFFFFF	#D3D3D3	107
1469	#FFFFFF	#D3D3D3	107
1470	#FFFFFF	#D3D3D3	107
1471	#FFFFFF	#D3D3D3	107
1472	#FFFFFF	#D3D3D3	107
1473	#FFFFFF	#D3D3D3	107
1474	#FFFFFF	#D3D3D3	107
1475	#FFFFFF	#D3D3D3	21
1476	#FFFFFF	#D3D3D3	107
1477	#FFFFFF	#D3D3D3	5
1478	#FFFFFF	#D3D3D3	5
1479	#FFFFFF	#D3D3D3	5
1480	#FFFFFF	#D3D3D3	5
1481	#FFFFFF	#D3D3D3	80
1482	#FFFFFF	#D3D3D3	80
1483	#FFFFFF	#D3D3D3	80
1484	#FFFFFF	#D3D3D3	5
1485	#FFFFFF	#D3D3D3	5
1486	#FFFFFF	#D3D3D3	21
1487	#FFFFFF	#D3D3D3	5
1488	#FFFFFF	#D3D3D3	80
1489	#FFFFFF	#D3D3D3	5
1490	#FFFFFF	#D3D3D3	5
1491	#FFFFFF	#D3D3D3	5
1492	#FFFFFF	#D3D3D3	5
1493	#FFFFFF	#D3D3D3	5
1494	#FFFFFF	#D3D3D3	5
1495	#FFFFFF	#D3D3D3	5
1496	#FFFFFF	#D3D3D3	5
1497	#FFFFFF	#D3D3D3	20
1498	#FFFFFF	#D3D3D3	20
1499	#FFFFFF	#D3D3D3	20
1500	#FFFFFF	#D3D3D3	102
1501	#FFFFFF	#D3D3D3	20
1503	#FEF3F6	#C5C5C5	46
1504	#FEF3F6	#C5C5C5	46
1505	#FFFFFF	#D3D3D3	102
1506	#FFFFFF	#D3D3D3	102
1507	#FFFFFF	#D3D3D3	102
1508	#FFFFFF	#D3D3D3	91
1509	#FFFFFF	#D3D3D3	91
1510	#FFFFFF	#D3D3D3	91
1511	#FFFFFF	#D3D3D3	102
1512	#FFFFFF	#D3D3D3	102
1513	#FFFFFF	#D3D3D3	102
1514	#FFFFFF	#D3D3D3	102
1515	#FEF3F6	#C5C5C5	46
1516	#FFFFFF	#D3D3D3	102
1517	#FFFFFF	#D3D3D3	102
1518	#FFFFFF	#D3D3D3	107
1519	#FFFFFF	#D3D3D3	107
1520	#FFFFFF	#D3D3D3	107
1521	#FFFFFF	#D3D3D3	107
1522	#FFFFFF	#D3D3D3	107
1523	#FFFFFF	#D3D3D3	107
1524	#FFFFFF	#D3D3D3	107
1525	#FFFFFF	#D3D3D3	107
1526	#FFFFFF	#D3D3D3	21
1527	#FFFFFF	#D3D3D3	5
1528	#FFFFFF	#D3D3D3	5
1529	#FFFFFF	#D3D3D3	5
1530	#FFFFFF	#D3D3D3	5
1531	#FFFFFF	#D3D3D3	5
1532	#FFFFFF	#D3D3D3	80
1533	#FFFFFF	#D3D3D3	80
1534	#FFFFFF	#D3D3D3	80
1535	#FFFFFF	#D3D3D3	5
1536	#FFFFFF	#D3D3D3	5
1537	#FFFFFF	#D3D3D3	20
1538	#FFFFFF	#D3D3D3	5
1539	#FFFFFF	#D3D3D3	80
1540	#FFFFFF	#D3D3D3	5
1541	#FFFFFF	#D3D3D3	5
1542	#FFFFFF	#D3D3D3	5
1543	#FFFFFF	#D3D3D3	5
1544	#FFFFFF	#D3D3D3	5
1545	#FFFFFF	#D3D3D3	5
1546	#FFFFFF	#D3D3D3	5
1547	#FFFFFF	#D3D3D3	20
1548	#FFFFFF	#D3D3D3	20
1549	#FFFFFF	#D3D3D3	20
1550	#FFFFFF	#D3D3D3	102
1551	#FFFFFF	#D3D3D3	20
1553	#FEF3F6	#C5C5C5	46
1554	#FEF3F6	#C5C5C5	46
1555	#FFFFFF	#D3D3D3	102
1556	#FFFFFF	#D3D3D3	102
1557	#FFFFFF	#D3D3D3	102
1558	#FFFFFF	#D3D3D3	102
1559	#FFFFFF	#D3D3D3	91
1560	#FFFFFF	#D3D3D3	91
1561	#FFFFFF	#D3D3D3	91
1562	#FFFFFF	#D3D3D3	102
1563	#FFFFFF	#D3D3D3	102
1564	#FFFFFF	#D3D3D3	102
1565	#FEF3F6	#C5C5C5	46
1566	#FFFFFF	#D3D3D3	102
1567	#FFFFFF	#D3D3D3	102
1568	#FFFFFF	#D3D3D3	102
1569	#FFFFFF	#D3D3D3	107
1570	#FFFFFF	#D3D3D3	102
1571	#FFFFFF	#D3D3D3	107
1572	#FFFFFF	#D3D3D3	107
1573	#FFFFFF	#D3D3D3	107
1574	#FFFFFF	#D3D3D3	107
1575	#FFFFFF	#D3D3D3	107
1576	#FFFFFF	#D3D3D3	21
1577	#FFFFFF	#D3D3D3	107
1578	#FFFFFF	#D3D3D3	5
1579	#FFFFFF	#D3D3D3	5
1580	#FFFFFF	#D3D3D3	5
1581	#FFFFFF	#D3D3D3	5
1582	#FFFFFF	#D3D3D3	5
1583	#FFFFFF	#D3D3D3	5
1584	#FFFFFF	#D3D3D3	80
1585	#FFFFFF	#D3D3D3	80
1586	#FFFFFF	#D3D3D3	5
1587	#FFFFFF	#D3D3D3	20
1588	#FFFFFF	#D3D3D3	5
1589	#FFFFFF	#D3D3D3	5
1590	#FFFFFF	#D3D3D3	5
1591	#FFFFFF	#D3D3D3	5
1592	#FFFFFF	#D3D3D3	5
1593	#FFFFFF	#D3D3D3	5
1594	#FFFFFF	#D3D3D3	5
1595	#FFFFFF	#D3D3D3	5
1596	#FFFFFF	#D3D3D3	5
1597	#FFFFFF	#D3D3D3	5
1598	#FFFFFF	#D3D3D3	20
1599	#FFFFFF	#D3D3D3	20
1600	#FFFFFF	#D3D3D3	20
1601	#FFFFFF	#D3D3D3	102
1602	#FFFFFF	#D3D3D3	102
1604	#FEF3F6	#C5C5C5	46
1605	#FEF3F6	#C5C5C5	46
1606	#FFFFFF	#D3D3D3	102
1607	#FFFFFF	#D3D3D3	102
1608	#FFFFFF	#D3D3D3	102
1609	#FFFFFF	#D3D3D3	102
1610	#FFFFFF	#D3D3D3	91
1611	#FFFFFF	#D3D3D3	91
1612	#FFFFFF	#D3D3D3	91
1613	#FFFFFF	#D3D3D3	102
1614	#FFFFFF	#D3D3D3	102
1615	#FFFFFF	#D3D3D3	102
1616	#FFFFFF	#D3D3D3	21
1617	#FFFFFF	#D3D3D3	102
1618	#FFFFFF	#D3D3D3	102
1619	#FFFFFF	#D3D3D3	102
1620	#FFFFFF	#D3D3D3	107
1621	#FFFFFF	#D3D3D3	102
1622	#FFFFFF	#D3D3D3	107
1623	#FFFFFF	#D3D3D3	107
1624	#FFFFFF	#D3D3D3	107
1625	#FFFFFF	#D3D3D3	107
1626	#FFFFFF	#D3D3D3	107
1627	#FFFFFF	#D3D3D3	21
1628	#FFFFFF	#D3D3D3	107
1629	#FFFFFF	#D3D3D3	5
1630	#FFFFFF	#D3D3D3	5
1631	#FFFFFF	#D3D3D3	5
1632	#FFFFFF	#D3D3D3	5
1633	#FFFFFF	#D3D3D3	5
1634	#FFFFFF	#D3D3D3	80
1635	#FFFFFF	#D3D3D3	80
1636	#FFFFFF	#D3D3D3	80
1637	#FFFFFF	#D3D3D3	5
1638	#FFFFFF	#D3D3D3	20
1639	#FFFFFF	#D3D3D3	57
1640	#FFFFFF	#D3D3D3	5
1641	#FFFFFF	#D3D3D3	5
1642	#FFFFFF	#D3D3D3	5
1643	#FFFFFF	#D3D3D3	5
1644	#FFFFFF	#D3D3D3	5
1645	#FFFFFF	#D3D3D3	5
1646	#FFFFFF	#D3D3D3	5
1647	#FFFFFF	#D3D3D3	5
1648	#FFFFFF	#D3D3D3	20
1649	#FFFFFF	#D3D3D3	20
1650	#FFFFFF	#D3D3D3	20
1651	#FFFFFF	#D3D3D3	102
1652	#FFFFFF	#D3D3D3	102
1654	#FEF3F6	#C5C5C5	46
1655	#FEF3F6	#C5C5C5	46
1656	#FFFFFF	#D3D3D3	102
1657	#FFFFFF	#D3D3D3	102
1658	#FFFFFF	#D3D3D3	102
1659	#FFFFFF	#D3D3D3	102
1660	#FFFFFF	#D3D3D3	91
1661	#FFFFFF	#D3D3D3	91
1662	#FFFFFF	#D3D3D3	91
1663	#FFFFFF	#D3D3D3	91
1664	#FFFFFF	#D3D3D3	102
1665	#FFFFFF	#D3D3D3	102
1666	#FFFFFF	#D3D3D3	21
1667	#FFFFFF	#D3D3D3	102
1668	#FFFFFF	#D3D3D3	102
1669	#FFFFFF	#D3D3D3	102
1670	#FFFFFF	#D3D3D3	102
1671	#FFFFFF	#D3D3D3	107
1672	#FFFFFF	#D3D3D3	102
1673	#FFFFFF	#D3D3D3	107
1674	#FFFFFF	#D3D3D3	107
1675	#FFFFFF	#D3D3D3	107
1676	#FFFFFF	#D3D3D3	107
1677	#FFFFFF	#D3D3D3	21
1678	#FFFFFF	#D3D3D3	107
1679	#FFFFFF	#D3D3D3	107
1680	#FFFFFF	#D3D3D3	5
1681	#FFFFFF	#D3D3D3	5
1682	#FFFFFF	#D3D3D3	5
1683	#FFFFFF	#D3D3D3	5
1684	#FFFFFF	#D3D3D3	5
1685	#FFFFFF	#D3D3D3	80
1686	#FFFFFF	#D3D3D3	80
1687	#FFFFFF	#D3D3D3	5
1688	#FFFFFF	#D3D3D3	20
1689	#FFFFFF	#D3D3D3	5
1690	#FFFFFF	#D3D3D3	57
1691	#FFFFFF	#D3D3D3	5
1692	#FFFFFF	#D3D3D3	5
1693	#FFFFFF	#D3D3D3	5
1694	#FFFFFF	#D3D3D3	5
1695	#FFFFFF	#D3D3D3	5
1696	#FFFFFF	#D3D3D3	5
1697	#FFFFFF	#D3D3D3	5
1698	#FFFFFF	#D3D3D3	5
1699	#FFFFFF	#D3D3D3	20
1700	#FFFFFF	#D3D3D3	20
1701	#FFFFFF	#D3D3D3	102
1702	#FFFFFF	#D3D3D3	102
1703	#FFFFFF	#D3D3D3	102
1705	#FEF3F6	#C5C5C5	46
1706	#FFFFFF	#D3D3D3	21
1707	#FFFFFF	#D3D3D3	102
1708	#FFFFFF	#D3D3D3	102
1709	#FFFFFF	#D3D3D3	102
1710	#FFFFFF	#D3D3D3	91
1711	#FFFFFF	#D3D3D3	91
1712	#FFFFFF	#D3D3D3	91
1713	#FFFFFF	#D3D3D3	91
1714	#FFFFFF	#D3D3D3	91
1715	#FFFFFF	#D3D3D3	102
1716	#FFFFFF	#D3D3D3	102
1717	#FFFFFF	#D3D3D3	21
1718	#FFFFFF	#D3D3D3	102
1719	#FFFFFF	#D3D3D3	102
1720	#FFFFFF	#D3D3D3	102
1721	#FFFFFF	#D3D3D3	102
1722	#FFFFFF	#D3D3D3	102
1723	#FFFFFF	#D3D3D3	102
1724	#FFFFFF	#D3D3D3	107
1725	#FFFFFF	#D3D3D3	107
1726	#FFFFFF	#D3D3D3	107
1727	#FFFFFF	#D3D3D3	107
1728	#FFFFFF	#D3D3D3	21
1729	#FFFFFF	#D3D3D3	107
1730	#FFFFFF	#D3D3D3	107
1731	#FFFFFF	#D3D3D3	5
1732	#FFFFFF	#D3D3D3	5
1733	#FFFFFF	#D3D3D3	5
1734	#FFFFFF	#D3D3D3	57
1735	#FFFFFF	#D3D3D3	5
1736	#FFFFFF	#D3D3D3	80
1737	#FFFFFF	#D3D3D3	80
1738	#FFFFFF	#D3D3D3	57
1739	#FFFFFF	#D3D3D3	20
1740	#FFFFFF	#D3D3D3	57
1741	#FFFFFF	#D3D3D3	57
1742	#FFFFFF	#D3D3D3	5
1743	#FFFFFF	#D3D3D3	5
1744	#FFFFFF	#D3D3D3	5
1745	#FFFFFF	#D3D3D3	5
1746	#FFFFFF	#D3D3D3	5
1747	#FFFFFF	#D3D3D3	5
1748	#FFFFFF	#D3D3D3	5
1749	#FFFFFF	#D3D3D3	20
1750	#FFFFFF	#D3D3D3	20
1751	#FFFFFF	#D3D3D3	102
1752	#FFFFFF	#D3D3D3	102
1753	#FFFFFF	#D3D3D3	102
1754	#FEF3F6	#C5C5C5	46
1755	#FFFFFF	#D3D3D3	21
1756	#FFFFFF	#D3D3D3	102
1757	#FFFFFF	#D3D3D3	91
1758	#FFFFFF	#D3D3D3	102
1759	#FFFFFF	#D3D3D3	102
1760	#FFFFFF	#D3D3D3	91
1761	#FFFFFF	#D3D3D3	91
1762	#FFFFFF	#D3D3D3	91
1763	#FFFFFF	#D3D3D3	91
1764	#FFFFFF	#D3D3D3	91
1765	#FFFFFF	#D3D3D3	102
1766	#FFFFFF	#D3D3D3	21
1767	#FFFFFF	#D3D3D3	102
1768	#FFFFFF	#D3D3D3	102
1769	#FFFFFF	#D3D3D3	102
1770	#FFFFFF	#D3D3D3	102
1771	#FFFFFF	#D3D3D3	102
1772	#FFFFFF	#D3D3D3	102
1773	#FFFFFF	#D3D3D3	107
1774	#FFFFFF	#D3D3D3	107
1775	#FFFFFF	#D3D3D3	107
1776	#FFFFFF	#D3D3D3	107
1777	#FFFFFF	#D3D3D3	21
1778	#FFFFFF	#D3D3D3	107
1779	#FFFFFF	#D3D3D3	107
1780	#FFFFFF	#D3D3D3	107
1781	#FFFFFF	#D3D3D3	57
1782	#FFFFFF	#D3D3D3	5
1783	#FFFFFF	#D3D3D3	5
1784	#FFFFFF	#D3D3D3	57
1785	#FFFFFF	#D3D3D3	57
1786	#FFFFFF	#D3D3D3	80
1787	#FFFFFF	#D3D3D3	57
1788	#FFFFFF	#D3D3D3	21
1789	#FFFFFF	#D3D3D3	57
1790	#FFFFFF	#D3D3D3	57
1791	#FFFFFF	#D3D3D3	5
1792	#FFFFFF	#D3D3D3	5
1793	#FFFFFF	#D3D3D3	5
1794	#FFFFFF	#D3D3D3	5
1795	#FFFFFF	#D3D3D3	5
1796	#FFFFFF	#D3D3D3	5
1797	#FFFFFF	#D3D3D3	5
1798	#FFFFFF	#D3D3D3	5
1799	#FFFFFF	#D3D3D3	20
1800	#FFFFFF	#D3D3D3	102
1801	#FFFFFF	#D3D3D3	20
1802	#FFFFFF	#D3D3D3	102
1803	#FFFFFF	#D3D3D3	102
1805	#FEF3F6	#C5C5C5	46
1806	#FFFFFF	#D3D3D3	21
1807	#FFFFFF	#D3D3D3	102
1808	#FFFFFF	#D3D3D3	91
1809	#FFFFFF	#D3D3D3	102
1810	#FFFFFF	#D3D3D3	102
1811	#FFFFFF	#D3D3D3	91
1812	#FFFFFF	#D3D3D3	91
1813	#FFFFFF	#D3D3D3	91
1814	#FFFFFF	#D3D3D3	91
1815	#FFFFFF	#D3D3D3	91
1816	#FFFFFF	#D3D3D3	102
1817	#FFFFFF	#D3D3D3	20
1818	#FFFFFF	#D3D3D3	102
1819	#FFFFFF	#D3D3D3	102
1820	#FFFFFF	#D3D3D3	102
1821	#FFFFFF	#D3D3D3	102
1822	#FFFFFF	#D3D3D3	102
1823	#FFFFFF	#D3D3D3	102
1824	#FFFFFF	#D3D3D3	107
1825	#FFFFFF	#D3D3D3	107
1826	#FFFFFF	#D3D3D3	107
1827	#FFFFFF	#D3D3D3	107
1828	#FFFFFF	#D3D3D3	21
1829	#FFFFFF	#D3D3D3	107
1830	#FFFFFF	#D3D3D3	107
1831	#FFFFFF	#D3D3D3	107
1832	#FFFFFF	#D3D3D3	57
1833	#FFFFFF	#D3D3D3	5
1834	#FFFFFF	#D3D3D3	5
1835	#FFFFFF	#D3D3D3	57
1836	#FFFFFF	#D3D3D3	57
1837	#FFFFFF	#D3D3D3	57
1838	#FFFFFF	#D3D3D3	57
1839	#FFFFFF	#D3D3D3	21
1840	#FFFFFF	#D3D3D3	57
1841	#FFFFFF	#D3D3D3	5
1842	#FFFFFF	#D3D3D3	5
1843	#FFFFFF	#D3D3D3	5
1844	#FFFFFF	#D3D3D3	5
1845	#FFFFFF	#D3D3D3	5
1846	#FFFFFF	#D3D3D3	5
1847	#FFFFFF	#D3D3D3	5
1848	#FFFFFF	#D3D3D3	5
1849	#FFFFFF	#D3D3D3	20
1850	#FFFFFF	#D3D3D3	102
1851	#FFFFFF	#D3D3D3	102
1852	#FFFFFF	#D3D3D3	102
1853	#FFFFFF	#D3D3D3	102
1854	#FEF3F6	#C5C5C5	46
1855	#FFFFFF	#D3D3D3	21
1856	#FFFFFF	#D3D3D3	102
1857	#FFFFFF	#D3D3D3	102
1858	#FFFFFF	#D3D3D3	91
1859	#FFFFFF	#D3D3D3	91
1860	#FFFFFF	#D3D3D3	102
1861	#FFFFFF	#D3D3D3	91
1862	#FFFFFF	#D3D3D3	91
1863	#FFFFFF	#D3D3D3	91
1864	#FFFFFF	#D3D3D3	91
1865	#FFFFFF	#D3D3D3	91
1866	#FFFFFF	#D3D3D3	20
1867	#FFFFFF	#D3D3D3	102
1868	#FFFFFF	#D3D3D3	102
1869	#FFFFFF	#D3D3D3	102
1870	#FFFFFF	#D3D3D3	102
1871	#FFFFFF	#D3D3D3	102
1872	#FFFFFF	#D3D3D3	102
1873	#FFFFFF	#D3D3D3	102
1874	#FFFFFF	#D3D3D3	107
1875	#FFFFFF	#D3D3D3	107
1876	#FFFFFF	#D3D3D3	107
1877	#FFFFFF	#D3D3D3	20
1878	#FFFFFF	#D3D3D3	107
1879	#FFFFFF	#D3D3D3	107
1880	#FFFFFF	#D3D3D3	107
1881	#FFFFFF	#D3D3D3	107
1882	#FFFFFF	#D3D3D3	57
1883	#FFFFFF	#D3D3D3	57
1884	#FFFFFF	#D3D3D3	57
1885	#FFFFFF	#D3D3D3	57
1886	#FFFFFF	#D3D3D3	57
1887	#FFFFFF	#D3D3D3	57
1888	#FFFFFF	#D3D3D3	20
1889	#FFFFFF	#D3D3D3	57
1890	#FFFFFF	#D3D3D3	5
1891	#FFFFFF	#D3D3D3	5
1892	#FFFFFF	#D3D3D3	5
1893	#FFFFFF	#D3D3D3	5
1894	#FFFFFF	#D3D3D3	5
1895	#FFFFFF	#D3D3D3	5
1896	#FFFFFF	#D3D3D3	5
1897	#FFFFFF	#D3D3D3	5
1898	#FFFFFF	#D3D3D3	5
1899	#FFFFFF	#D3D3D3	20
1900	#FFFFFF	#D3D3D3	20
1901	#FFFFFF	#D3D3D3	102
1902	#FFFFFF	#D3D3D3	102
1903	#FFFFFF	#D3D3D3	102
1905	#FEF3F6	#C5C5C5	46
1906	#FFFFFF	#D3D3D3	21
1907	#FFFFFF	#D3D3D3	102
1908	#FFFFFF	#D3D3D3	102
1909	#FFFFFF	#D3D3D3	91
1910	#FFFFFF	#D3D3D3	91
1911	#FFFFFF	#D3D3D3	91
1912	#FFFFFF	#D3D3D3	91
1913	#FFFFFF	#D3D3D3	91
1914	#FFFFFF	#D3D3D3	91
1915	#FFFFFF	#D3D3D3	91
1916	#FFFFFF	#D3D3D3	91
1917	#FFFFFF	#D3D3D3	20
1918	#FFFFFF	#D3D3D3	102
1919	#FFFFFF	#D3D3D3	102
1920	#FFFFFF	#D3D3D3	102
1921	#FFFFFF	#D3D3D3	102
1922	#FFFFFF	#D3D3D3	102
1923	#FFFFFF	#D3D3D3	102
1924	#FFFFFF	#D3D3D3	107
1925	#FFFFFF	#D3D3D3	102
1926	#FFFFFF	#D3D3D3	107
1927	#FFFFFF	#D3D3D3	107
1928	#FFFFFF	#D3D3D3	20
1929	#FFFFFF	#D3D3D3	107
1930	#FFFFFF	#D3D3D3	107
1931	#FFFFFF	#D3D3D3	107
1932	#FFFFFF	#D3D3D3	102
1933	#FFFFFF	#D3D3D3	57
1934	#FFFFFF	#D3D3D3	57
1935	#FFFFFF	#D3D3D3	57
1936	#FFFFFF	#D3D3D3	57
1937	#FFFFFF	#D3D3D3	57
1938	#FFFFFF	#D3D3D3	57
1939	#FFFFFF	#D3D3D3	20
1940	#FFFFFF	#D3D3D3	5
1941	#FFFFFF	#D3D3D3	5
1942	#FFFFFF	#D3D3D3	5
1943	#FFFFFF	#D3D3D3	5
1944	#FFFFFF	#D3D3D3	5
1945	#FFFFFF	#D3D3D3	5
1946	#FFFFFF	#D3D3D3	5
1947	#FFFFFF	#D3D3D3	5
1948	#FFFFFF	#D3D3D3	5
1949	#FFFFFF	#D3D3D3	20
1950	#FFFFFF	#D3D3D3	20
1951	#FFFFFF	#D3D3D3	102
1952	#FFFFFF	#D3D3D3	102
1953	#FFFFFF	#D3D3D3	102
1954	#FEF3F6	#C5C5C5	46
1955	#FFFFFF	#D3D3D3	62
1956	#FFFFFF	#D3D3D3	102
1957	#FFFFFF	#D3D3D3	102
1958	#FFFFFF	#D3D3D3	102
1959	#FFFFFF	#D3D3D3	91
1960	#FFFFFF	#D3D3D3	91
1961	#FFFFFF	#D3D3D3	91
1962	#FFFFFF	#D3D3D3	91
1963	#FFFFFF	#D3D3D3	91
1964	#FFFFFF	#D3D3D3	91
1965	#FFFFFF	#D3D3D3	91
1966	#FFFFFF	#D3D3D3	21
1967	#FFFFFF	#D3D3D3	91
1968	#FFFFFF	#D3D3D3	102
1969	#FFFFFF	#D3D3D3	102
1970	#FFFFFF	#D3D3D3	102
1971	#FFFFFF	#D3D3D3	102
1972	#FFFFFF	#D3D3D3	102
1973	#FFFFFF	#D3D3D3	102
1974	#FFFFFF	#D3D3D3	102
1975	#FFFFFF	#D3D3D3	102
1976	#FFFFFF	#D3D3D3	107
1977	#FFFFFF	#D3D3D3	20
1978	#FFFFFF	#D3D3D3	107
1979	#FFFFFF	#D3D3D3	107
1980	#FFFFFF	#D3D3D3	107
1981	#FFFFFF	#D3D3D3	107
1982	#FFFFFF	#D3D3D3	102
1983	#FFFFFF	#D3D3D3	57
1984	#FFFFFF	#D3D3D3	57
1985	#FFFFFF	#D3D3D3	57
1986	#FFFFFF	#D3D3D3	57
1987	#FFFFFF	#D3D3D3	57
1988	#FFFFFF	#D3D3D3	20
1989	#FFFFFF	#D3D3D3	5
1990	#FFFFFF	#D3D3D3	5
1991	#FFFFFF	#D3D3D3	5
1992	#FFFFFF	#D3D3D3	5
1993	#FFFFFF	#D3D3D3	5
1994	#FFFFFF	#D3D3D3	5
1995	#FFFFFF	#D3D3D3	5
1996	#FFFFFF	#D3D3D3	5
1997	#FFFFFF	#D3D3D3	5
1998	#FFFFFF	#D3D3D3	5
1999	#FFFFFF	#D3D3D3	20
2000	#FFFFFF	#D3D3D3	20
2001	#FFFFFF	#D3D3D3	20
2002	#FFFFFF	#D3D3D3	102
2003	#FFFFFF	#D3D3D3	102
2005	#FEF3F6	#C5C5C5	46
2006	#FFFFFF	#D3D3D3	62
2007	#FFFFFF	#D3D3D3	102
2008	#FFFFFF	#D3D3D3	102
2009	#FFFFFF	#D3D3D3	102
2010	#FFFFFF	#D3D3D3	91
2011	#FFFFFF	#D3D3D3	91
2012	#FFFFFF	#D3D3D3	91
2013	#FFFFFF	#D3D3D3	91
2014	#FFFFFF	#D3D3D3	91
2015	#FFFFFF	#D3D3D3	91
2016	#FFFFFF	#D3D3D3	91
2017	#FFFFFF	#D3D3D3	20
2018	#FFFFFF	#D3D3D3	102
2019	#FFFFFF	#D3D3D3	102
2020	#FFFFFF	#D3D3D3	102
2021	#FFFFFF	#D3D3D3	102
2022	#FFFFFF	#D3D3D3	102
2023	#FFFFFF	#D3D3D3	102
2024	#FFFFFF	#D3D3D3	102
2025	#FFFFFF	#D3D3D3	102
2026	#FFFFFF	#D3D3D3	102
2027	#FFFFFF	#D3D3D3	107
2028	#FFFFFF	#D3D3D3	20
2029	#FFFFFF	#D3D3D3	107
2030	#FFFFFF	#D3D3D3	107
2031	#FFFFFF	#D3D3D3	107
2032	#FFFFFF	#D3D3D3	107
2033	#FFFFFF	#D3D3D3	102
2034	#FFFFFF	#D3D3D3	57
2035	#FFFFFF	#D3D3D3	57
2036	#FFFFFF	#D3D3D3	57
2037	#FFFFFF	#D3D3D3	57
2038	#FFFFFF	#D3D3D3	57
2039	#FFFFFF	#D3D3D3	20
2040	#FFFFFF	#D3D3D3	5
2041	#FFFFFF	#D3D3D3	5
2042	#FFFFFF	#D3D3D3	5
2043	#FFFFFF	#D3D3D3	5
2044	#FFFFFF	#D3D3D3	5
2045	#FFFFFF	#D3D3D3	5
2046	#FFFFFF	#D3D3D3	5
2047	#FFFFFF	#D3D3D3	5
2048	#FFFFFF	#D3D3D3	5
2049	#FFFFFF	#D3D3D3	20
2050	#FFFFFF	#D3D3D3	20
2051	#FFFFFF	#D3D3D3	20
2052	#FFFFFF	#D3D3D3	102
2053	#FFFFFF	#D3D3D3	102
2054	#FEF3F6	#C5C5C5	46
2055	#FEF3F6	#C5C5C5	46
2056	#FFFFFF	#D3D3D3	102
2057	#FFFFFF	#D3D3D3	102
2058	#FFFFFF	#D3D3D3	102
2059	#FFFFFF	#D3D3D3	91
2060	#FFFFFF	#D3D3D3	91
2061	#FFFFFF	#D3D3D3	91
2062	#FFFFFF	#D3D3D3	91
2063	#FFFFFF	#D3D3D3	91
2064	#FFFFFF	#D3D3D3	91
2065	#FFFFFF	#D3D3D3	91
2066	#FFFFFF	#D3D3D3	62
2067	#FFFFFF	#D3D3D3	91
2068	#FFFFFF	#D3D3D3	91
2069	#FFFFFF	#D3D3D3	102
2070	#FFFFFF	#D3D3D3	102
2071	#FFFFFF	#D3D3D3	102
2072	#FFFFFF	#D3D3D3	102
2073	#FFFFFF	#D3D3D3	102
2074	#FFFFFF	#D3D3D3	102
2075	#FFFFFF	#D3D3D3	102
2076	#FFFFFF	#D3D3D3	102
2077	#FFFFFF	#D3D3D3	20
2078	#FFFFFF	#D3D3D3	107
2079	#FFFFFF	#D3D3D3	107
2080	#FFFFFF	#D3D3D3	107
2081	#FFFFFF	#D3D3D3	107
2082	#FFFFFF	#D3D3D3	107
2083	#FFFFFF	#D3D3D3	102
2084	#FFFFFF	#D3D3D3	102
2085	#FFFFFF	#D3D3D3	102
2086	#FFFFFF	#D3D3D3	57
2087	#FFFFFF	#D3D3D3	57
2088	#FFFFFF	#D3D3D3	20
2089	#FFFFFF	#D3D3D3	5
2090	#FFFFFF	#D3D3D3	5
2091	#FFFFFF	#D3D3D3	5
2092	#FFFFFF	#D3D3D3	5
2093	#FFFFFF	#D3D3D3	5
2094	#FFFFFF	#D3D3D3	5
2095	#FFFFFF	#D3D3D3	5
2096	#FFFFFF	#D3D3D3	5
2097	#FFFFFF	#D3D3D3	5
2098	#FFFFFF	#D3D3D3	5
2099	#FFFFFF	#D3D3D3	20
2100	#FFFFFF	#D3D3D3	20
2101	#FFFFFF	#D3D3D3	20
2102	#FFFFFF	#D3D3D3	20
2103	#FFFFFF	#D3D3D3	102
2105	#FEF3F6	#C5C5C5	46
2106	#FFFFFF	#D3D3D3	62
2107	#FFFFFF	#D3D3D3	102
2108	#FFFFFF	#D3D3D3	102
2109	#FFFFFF	#D3D3D3	102
2110	#FFFFFF	#D3D3D3	91
2111	#FFFFFF	#D3D3D3	91
2112	#FFFFFF	#D3D3D3	91
2113	#FFFFFF	#D3D3D3	91
2114	#FFFFFF	#D3D3D3	102
2115	#FFFFFF	#D3D3D3	91
2116	#FFFFFF	#D3D3D3	91
2117	#FFFFFF	#D3D3D3	62
2118	#FFFFFF	#D3D3D3	91
2119	#FFFFFF	#D3D3D3	91
2120	#FFFFFF	#D3D3D3	102
2121	#FFFFFF	#D3D3D3	102
2122	#FFFFFF	#D3D3D3	102
2123	#FFFFFF	#D3D3D3	102
2124	#FFFFFF	#D3D3D3	102
2125	#FFFFFF	#D3D3D3	102
2126	#FFFFFF	#D3D3D3	102
2127	#FFFFFF	#D3D3D3	102
2128	#FFFFFF	#D3D3D3	20
2129	#FFFFFF	#D3D3D3	107
2130	#FFFFFF	#D3D3D3	107
2131	#FFFFFF	#D3D3D3	107
2132	#FFFFFF	#D3D3D3	107
2133	#FFFFFF	#D3D3D3	107
2134	#FFFFFF	#D3D3D3	102
2135	#FFFFFF	#D3D3D3	102
2136	#FFFFFF	#D3D3D3	57
2137	#FFFFFF	#D3D3D3	57
2138	#FFFFFF	#D3D3D3	57
2139	#FFFFFF	#D3D3D3	20
2140	#FFFFFF	#D3D3D3	5
2141	#FFFFFF	#D3D3D3	5
2142	#FFFFFF	#D3D3D3	5
2143	#FFFFFF	#D3D3D3	5
2144	#FFFFFF	#D3D3D3	5
2145	#FFFFFF	#D3D3D3	5
2146	#FFFFFF	#D3D3D3	57
2147	#FFFFFF	#D3D3D3	5
2148	#FFFFFF	#D3D3D3	5
2149	#FFFFFF	#D3D3D3	20
2150	#FFFFFF	#D3D3D3	20
2151	#FFFFFF	#D3D3D3	20
2152	#FFFFFF	#D3D3D3	20
2153	#FFFFFF	#D3D3D3	102
2155	#FEF3F6	#C5C5C5	46
2156	#FFFFFF	#D3D3D3	62
2157	#FFFFFF	#D3D3D3	102
2158	#FFFFFF	#D3D3D3	102
2159	#FFFFFF	#D3D3D3	102
2160	#FFFFFF	#D3D3D3	102
2161	#FFFFFF	#D3D3D3	91
2162	#FFFFFF	#D3D3D3	91
2163	#FFFFFF	#D3D3D3	91
2164	#FFFFFF	#D3D3D3	102
2165	#FFFFFF	#D3D3D3	102
2166	#FFFFFF	#D3D3D3	102
2167	#FFFFFF	#D3D3D3	62
2168	#FFFFFF	#D3D3D3	91
2169	#FFFFFF	#D3D3D3	91
2170	#FFFFFF	#D3D3D3	91
2171	#FFFFFF	#D3D3D3	102
2172	#FFFFFF	#D3D3D3	102
2173	#FFFFFF	#D3D3D3	102
2174	#FFFFFF	#D3D3D3	102
2175	#FFFFFF	#D3D3D3	102
2176	#FFFFFF	#D3D3D3	102
2177	#FFFFFF	#D3D3D3	102
2178	#FFFFFF	#D3D3D3	62
2179	#FFFFFF	#D3D3D3	107
2180	#FFFFFF	#D3D3D3	107
2181	#FFFFFF	#D3D3D3	107
2182	#FFFFFF	#D3D3D3	107
2183	#FFFFFF	#D3D3D3	107
2184	#FFFFFF	#D3D3D3	107
2185	#FFFFFF	#D3D3D3	102
2186	#FFFFFF	#D3D3D3	102
2187	#FFFFFF	#D3D3D3	57
2188	#FFFFFF	#D3D3D3	57
2189	#FFFFFF	#D3D3D3	20
2190	#FFFFFF	#D3D3D3	57
2191	#FFFFFF	#D3D3D3	5
2192	#FFFFFF	#D3D3D3	5
2193	#FFFFFF	#D3D3D3	5
2194	#FFFFFF	#D3D3D3	5
2195	#FFFFFF	#D3D3D3	5
2196	#FFFFFF	#D3D3D3	57
2197	#FFFFFF	#D3D3D3	57
2198	#FFFFFF	#D3D3D3	5
2199	#FFFFFF	#D3D3D3	5
2200	#FFFFFF	#D3D3D3	20
2201	#FFFFFF	#D3D3D3	20
2202	#FFFFFF	#D3D3D3	20
2203	#FFFFFF	#D3D3D3	20
2204	#FFFFFF	#D3D3D3	20
2206	#FEF3F6	#C5C5C5	46
2207	#FFFFFF	#D3D3D3	62
2208	#FFFFFF	#D3D3D3	102
2209	#FFFFFF	#D3D3D3	102
2210	#FFFFFF	#D3D3D3	102
2211	#FFFFFF	#D3D3D3	102
2212	#FFFFFF	#D3D3D3	102
2213	#FFFFFF	#D3D3D3	91
2214	#FFFFFF	#D3D3D3	91
2215	#FFFFFF	#D3D3D3	102
2216	#FFFFFF	#D3D3D3	102
2217	#FFFFFF	#D3D3D3	91
2218	#FFFFFF	#D3D3D3	62
2219	#FFFFFF	#D3D3D3	91
2220	#FFFFFF	#D3D3D3	91
2221	#FFFFFF	#D3D3D3	102
2222	#FFFFFF	#D3D3D3	102
2223	#FFFFFF	#D3D3D3	102
2224	#FFFFFF	#D3D3D3	102
2225	#FFFFFF	#D3D3D3	102
2226	#FFFFFF	#D3D3D3	102
2227	#FFFFFF	#D3D3D3	102
2228	#FFFFFF	#D3D3D3	102
2229	#FFFFFF	#D3D3D3	62
2230	#FFFFFF	#D3D3D3	102
2231	#FFFFFF	#D3D3D3	107
2232	#FFFFFF	#D3D3D3	107
2233	#FFFFFF	#D3D3D3	102
2234	#FFFFFF	#D3D3D3	102
2235	#FFFFFF	#D3D3D3	102
2236	#FFFFFF	#D3D3D3	102
2237	#FFFFFF	#D3D3D3	57
2238	#FFFFFF	#D3D3D3	57
2239	#FFFFFF	#D3D3D3	5
2240	#FFFFFF	#D3D3D3	20
2241	#FFFFFF	#D3D3D3	5
2242	#FFFFFF	#D3D3D3	5
2243	#FFFFFF	#D3D3D3	5
2244	#FFFFFF	#D3D3D3	5
2245	#FFFFFF	#D3D3D3	5
2246	#FFFFFF	#D3D3D3	57
2247	#FFFFFF	#D3D3D3	57
2248	#FFFFFF	#D3D3D3	57
2249	#FFFFFF	#D3D3D3	5
2250	#FFFFFF	#D3D3D3	20
2251	#FFFFFF	#D3D3D3	20
2252	#FFFFFF	#D3D3D3	20
2253	#FFFFFF	#D3D3D3	20
2254	#FFFFFF	#D3D3D3	20
2255	#CD1076	#000000	32
2256	#CD1076	#000000	51
2257	#F0A0BC	#6A6A6A	58
2258	#FFFFFF	#D3D3D3	107
2259	#FFFFFF	#D3D3D3	107
2260	#FFFFFF	#D3D3D3	65
2261	#FFFFFF	#D3D3D3	65
2262	#FFFFFF	#D3D3D3	65
2263	#FFFFFF	#D3D3D3	65
2264	#FFFFFF	#D3D3D3	65
2265	#FFFFFF	#D3D3D3	65
2266	#FFFFFF	#D3D3D3	65
2267	#CD1076	#000000	51
2268	#FFFFFF	#D3D3D3	65
2269	#FFFFFF	#D3D3D3	65
2270	#FFFFFF	#D3D3D3	65
2271	#FFFFFF	#D3D3D3	65
2272	#FFFFFF	#D3D3D3	65
2273	#FFFFFF	#D3D3D3	65
2274	#FFFFFF	#D3D3D3	65
2275	#FFFFFF	#D3D3D3	5
2276	#FFFFFF	#D3D3D3	5
2277	#FFFFFF	#D3D3D3	5
2278	#CD1076	#000000	51
2279	#FFFFFF	#D3D3D3	5
2280	#FFFFFF	#D3D3D3	5
2281	#FFFFFF	#D3D3D3	65
2282	#FFFFFF	#D3D3D3	65
2283	#FFFFFF	#D3D3D3	65
2284	#FFFFFF	#D3D3D3	92
2285	#FFFFFF	#D3D3D3	92
2286	#FFFFFF	#D3D3D3	92
2287	#FFFFFF	#D3D3D3	65
2288	#FFFFFF	#D3D3D3	65
2289	#D33680	#151515	64
2290	#FFFFFF	#D3D3D3	65
2291	#FFFFFF	#D3D3D3	65
2292	#FFFFFF	#D3D3D3	65
2293	#FFFFFF	#D3D3D3	55
2294	#FFFFFF	#D3D3D3	55
2295	#FFFFFF	#D3D3D3	55
2296	#FFFFFF	#D3D3D3	55
2297	#FFFFFF	#D3D3D3	31
2298	#FFFFFF	#D3D3D3	31
2299	#FFFFFF	#D3D3D3	31
2300	#D33680	#151515	64
2301	#D33680	#151515	64
2302	#D33680	#151515	64
2303	#F0A0BC	#6A6A6A	58
2304	#F0A0BC	#6A6A6A	58
2306	#CD1076	#000000	32
2307	#CD1076	#000000	51
2308	#FFFFFF	#D3D3D3	107
2309	#FFFFFF	#D3D3D3	107
2310	#FFFFFF	#D3D3D3	107
2311	#FFFFFF	#D3D3D3	107
2312	#FFFFFF	#D3D3D3	65
2313	#FFFFFF	#D3D3D3	65
2314	#FFFFFF	#D3D3D3	65
2315	#FFFFFF	#D3D3D3	65
2316	#FFFFFF	#D3D3D3	65
2317	#FFFFFF	#D3D3D3	107
2318	#CD1076	#000000	51
2319	#FFFFFF	#D3D3D3	65
2320	#FFFFFF	#D3D3D3	65
2321	#FFFFFF	#D3D3D3	65
2322	#FFFFFF	#D3D3D3	65
2323	#FFFFFF	#D3D3D3	65
2324	#FFFFFF	#D3D3D3	65
2325	#FFFFFF	#D3D3D3	5
2326	#FFFFFF	#D3D3D3	5
2327	#FFFFFF	#D3D3D3	5
2328	#FFFFFF	#D3D3D3	5
2329	#D33680	#151515	64
2330	#FFFFFF	#D3D3D3	5
2331	#FFFFFF	#D3D3D3	5
2332	#FFFFFF	#D3D3D3	65
2333	#FFFFFF	#D3D3D3	65
2334	#FFFFFF	#D3D3D3	65
2335	#FFFFFF	#D3D3D3	92
2336	#FFFFFF	#D3D3D3	92
2337	#FFFFFF	#D3D3D3	92
2338	#FFFFFF	#D3D3D3	65
2339	#FFFFFF	#D3D3D3	65
2340	#D33680	#151515	64
2341	#FFFFFF	#D3D3D3	65
2342	#FFFFFF	#D3D3D3	65
2343	#FFFFFF	#D3D3D3	65
2344	#FFFFFF	#D3D3D3	65
2345	#FFFFFF	#D3D3D3	55
2346	#FFFFFF	#D3D3D3	55
2347	#FFFFFF	#D3D3D3	31
2348	#FFFFFF	#D3D3D3	31
2349	#FFFFFF	#D3D3D3	31
2350	#D33680	#151515	64
2351	#D33680	#151515	64
2352	#D33680	#151515	64
2353	#F0A0BC	#6A6A6A	58
2354	#F0A0BC	#6A6A6A	58
2355	#FEF3F6	#C5C5C5	46
2356	#FFFFFF	#D3D3D3	62
2357	#FFFFFF	#D3D3D3	20
2358	#FFFFFF	#D3D3D3	102
2359	#FFFFFF	#D3D3D3	102
2360	#FFFFFF	#D3D3D3	102
2361	#FFFFFF	#D3D3D3	102
2362	#FFFFFF	#D3D3D3	102
2363	#FFFFFF	#D3D3D3	102
2364	#FFFFFF	#D3D3D3	102
2365	#FFFFFF	#D3D3D3	102
2366	#FFFFFF	#D3D3D3	91
2367	#FFFFFF	#D3D3D3	62
2368	#FFFFFF	#D3D3D3	91
2369	#FFFFFF	#D3D3D3	91
2370	#FFFFFF	#D3D3D3	91
2371	#FFFFFF	#D3D3D3	102
2372	#FFFFFF	#D3D3D3	102
2373	#FFFFFF	#D3D3D3	102
2374	#FFFFFF	#D3D3D3	102
2375	#FFFFFF	#D3D3D3	102
2376	#FFFFFF	#D3D3D3	102
2377	#FFFFFF	#D3D3D3	102
2378	#FFFFFF	#D3D3D3	62
2379	#FFFFFF	#D3D3D3	102
2380	#FFFFFF	#D3D3D3	102
2381	#FFFFFF	#D3D3D3	107
2382	#FFFFFF	#D3D3D3	102
2383	#FFFFFF	#D3D3D3	102
2384	#FFFFFF	#D3D3D3	102
2385	#FFFFFF	#D3D3D3	102
2386	#FFFFFF	#D3D3D3	102
2387	#FFFFFF	#D3D3D3	57
2388	#FFFFFF	#D3D3D3	57
2389	#FFFFFF	#D3D3D3	62
2390	#FFFFFF	#D3D3D3	5
2391	#FFFFFF	#D3D3D3	57
2392	#FFFFFF	#D3D3D3	5
2393	#FFFFFF	#D3D3D3	5
2394	#FFFFFF	#D3D3D3	5
2395	#FFFFFF	#D3D3D3	57
2396	#FFFFFF	#D3D3D3	5
2397	#FFFFFF	#D3D3D3	57
2398	#FFFFFF	#D3D3D3	57
2399	#FFFFFF	#D3D3D3	5
2400	#FFFFFF	#D3D3D3	20
2401	#FFFFFF	#D3D3D3	102
2402	#FFFFFF	#D3D3D3	102
2403	#FFFFFF	#D3D3D3	20
2404	#FFFFFF	#D3D3D3	20
2406	#FEF3F6	#C5C5C5	46
2407	#FFFFFF	#D3D3D3	62
2408	#FFFFFF	#D3D3D3	20
2409	#FFFFFF	#D3D3D3	102
2410	#FFFFFF	#D3D3D3	102
2411	#FFFFFF	#D3D3D3	102
2412	#FFFFFF	#D3D3D3	102
2413	#FFFFFF	#D3D3D3	102
2414	#FFFFFF	#D3D3D3	102
2415	#FFFFFF	#D3D3D3	102
2416	#FFFFFF	#D3D3D3	102
2417	#FFFFFF	#D3D3D3	91
2418	#FFFFFF	#D3D3D3	62
2419	#FFFFFF	#D3D3D3	91
2420	#FFFFFF	#D3D3D3	91
2421	#FFFFFF	#D3D3D3	91
2422	#FFFFFF	#D3D3D3	91
2423	#FFFFFF	#D3D3D3	102
2424	#FFFFFF	#D3D3D3	102
2425	#FFFFFF	#D3D3D3	102
2426	#FFFFFF	#D3D3D3	102
2427	#FFFFFF	#D3D3D3	102
2428	#FFFFFF	#D3D3D3	102
2429	#FFFFFF	#D3D3D3	62
2430	#FFFFFF	#D3D3D3	102
2431	#FFFFFF	#D3D3D3	102
2432	#FFFFFF	#D3D3D3	102
2433	#FFFFFF	#D3D3D3	102
2434	#FFFFFF	#D3D3D3	102
2435	#FFFFFF	#D3D3D3	102
2436	#FFFFFF	#D3D3D3	108
2437	#FFFFFF	#D3D3D3	108
2438	#FFFFFF	#D3D3D3	57
2439	#FFFFFF	#D3D3D3	57
2440	#FFFFFF	#D3D3D3	62
2441	#FFFFFF	#D3D3D3	57
2442	#FFFFFF	#D3D3D3	57
2443	#FFFFFF	#D3D3D3	57
2444	#FFFFFF	#D3D3D3	57
2445	#FFFFFF	#D3D3D3	5
2446	#FFFFFF	#D3D3D3	5
2447	#FFFFFF	#D3D3D3	5
2448	#FFFFFF	#D3D3D3	57
2449	#FFFFFF	#D3D3D3	57
2450	#FFFFFF	#D3D3D3	20
2451	#FFFFFF	#D3D3D3	102
2452	#FFFFFF	#D3D3D3	102
2453	#FFFFFF	#D3D3D3	20
2454	#FFFFFF	#D3D3D3	20
2455	#FEF3F6	#C5C5C5	46
2456	#FFFFFF	#D3D3D3	62
2457	#FFFFFF	#D3D3D3	20
2458	#FFFFFF	#D3D3D3	20
2459	#FFFFFF	#D3D3D3	102
2460	#FFFFFF	#D3D3D3	102
2461	#FFFFFF	#D3D3D3	102
2462	#FFFFFF	#D3D3D3	102
2463	#FFFFFF	#D3D3D3	102
2464	#FFFFFF	#D3D3D3	102
2465	#FFFFFF	#D3D3D3	91
2466	#FFFFFF	#D3D3D3	102
2467	#FFFFFF	#D3D3D3	62
2468	#FFFFFF	#D3D3D3	91
2469	#FFFFFF	#D3D3D3	91
2470	#FFFFFF	#D3D3D3	91
2471	#FFFFFF	#D3D3D3	91
2472	#FFFFFF	#D3D3D3	91
2473	#FFFFFF	#D3D3D3	102
2474	#FFFFFF	#D3D3D3	102
2475	#FFFFFF	#D3D3D3	102
2476	#FFFFFF	#D3D3D3	102
2477	#FFFFFF	#D3D3D3	102
2478	#FFFFFF	#D3D3D3	62
2479	#FFFFFF	#D3D3D3	102
2480	#FFFFFF	#D3D3D3	102
2481	#FFFFFF	#D3D3D3	102
2482	#FFFFFF	#D3D3D3	102
2483	#FFFFFF	#D3D3D3	102
2484	#FFFFFF	#D3D3D3	102
2485	#FFFFFF	#D3D3D3	108
2486	#FFFFFF	#D3D3D3	108
2487	#FFFFFF	#D3D3D3	108
2488	#FFFFFF	#D3D3D3	108
2489	#FFFFFF	#D3D3D3	62
2490	#FFFFFF	#D3D3D3	57
2491	#FFFFFF	#D3D3D3	57
2492	#FFFFFF	#D3D3D3	57
2493	#FFFFFF	#D3D3D3	57
2494	#FFFFFF	#D3D3D3	5
2495	#FFFFFF	#D3D3D3	5
2496	#FFFFFF	#D3D3D3	5
2497	#FFFFFF	#D3D3D3	5
2498	#FFFFFF	#D3D3D3	57
2499	#FFFFFF	#D3D3D3	57
2500	#FFFFFF	#D3D3D3	30
2501	#FFFFFF	#D3D3D3	20
2502	#FFFFFF	#D3D3D3	102
2503	#FFFFFF	#D3D3D3	102
2504	#FFFFFF	#D3D3D3	20
2506	#FEF3F6	#C5C5C5	46
2507	#FFFFFF	#D3D3D3	62
2508	#FFFFFF	#D3D3D3	20
2509	#FFFFFF	#D3D3D3	20
2510	#FFFFFF	#D3D3D3	102
2511	#FFFFFF	#D3D3D3	102
2512	#FFFFFF	#D3D3D3	102
2513	#FFFFFF	#D3D3D3	102
2514	#FFFFFF	#D3D3D3	102
2515	#FFFFFF	#D3D3D3	102
2516	#FFFFFF	#D3D3D3	91
2517	#FFFFFF	#D3D3D3	91
2518	#FFFFFF	#D3D3D3	62
2519	#FFFFFF	#D3D3D3	91
2520	#FFFFFF	#D3D3D3	91
2521	#FFFFFF	#D3D3D3	91
2522	#FFFFFF	#D3D3D3	91
2523	#FFFFFF	#D3D3D3	91
2524	#FFFFFF	#D3D3D3	102
2525	#FFFFFF	#D3D3D3	102
2526	#FFFFFF	#D3D3D3	102
2527	#FFFFFF	#D3D3D3	102
2528	#FFFFFF	#D3D3D3	102
2529	#FFFFFF	#D3D3D3	62
2530	#FFFFFF	#D3D3D3	102
2531	#FFFFFF	#D3D3D3	102
2532	#FFFFFF	#D3D3D3	102
2533	#FFFFFF	#D3D3D3	102
2534	#FFFFFF	#D3D3D3	102
2535	#FFFFFF	#D3D3D3	102
2536	#FFFFFF	#D3D3D3	108
2537	#FFFFFF	#D3D3D3	108
2538	#FFFFFF	#D3D3D3	108
2539	#FFFFFF	#D3D3D3	57
2540	#FFFFFF	#D3D3D3	62
2541	#FFFFFF	#D3D3D3	57
2542	#FFFFFF	#D3D3D3	57
2543	#FFFFFF	#D3D3D3	57
2544	#FFFFFF	#D3D3D3	57
2545	#FFFFFF	#D3D3D3	5
2546	#FFFFFF	#D3D3D3	5
2547	#FFFFFF	#D3D3D3	57
2548	#FFFFFF	#D3D3D3	57
2549	#FFFFFF	#D3D3D3	57
2550	#FFFFFF	#D3D3D3	30
2551	#FFFFFF	#D3D3D3	20
2552	#FFFFFF	#D3D3D3	102
2553	#FFFFFF	#D3D3D3	102
2554	#FFFFFF	#D3D3D3	20
2555	#FEF3F6	#C5C5C5	46
2556	#FFFFFF	#D3D3D3	62
2557	#FFFFFF	#D3D3D3	20
2558	#FFFFFF	#D3D3D3	20
2559	#FFFFFF	#D3D3D3	20
2560	#FFFFFF	#D3D3D3	102
2561	#FFFFFF	#D3D3D3	102
2562	#FFFFFF	#D3D3D3	102
2563	#FFFFFF	#D3D3D3	102
2564	#FFFFFF	#D3D3D3	102
2565	#FFFFFF	#D3D3D3	91
2566	#FFFFFF	#D3D3D3	91
2567	#FFFFFF	#D3D3D3	62
2568	#FFFFFF	#D3D3D3	102
2569	#FFFFFF	#D3D3D3	91
2570	#FFFFFF	#D3D3D3	91
2571	#FFFFFF	#D3D3D3	91
2572	#FFFFFF	#D3D3D3	91
2573	#FFFFFF	#D3D3D3	91
2574	#FFFFFF	#D3D3D3	102
2575	#FFFFFF	#D3D3D3	102
2576	#FFFFFF	#D3D3D3	102
2577	#FFFFFF	#D3D3D3	102
2578	#FFFFFF	#D3D3D3	62
2579	#FFFFFF	#D3D3D3	102
2580	#FFFFFF	#D3D3D3	102
2581	#FFFFFF	#D3D3D3	102
2582	#FFFFFF	#D3D3D3	102
2583	#FFFFFF	#D3D3D3	102
2584	#FFFFFF	#D3D3D3	102
2585	#FFFFFF	#D3D3D3	102
2586	#FFFFFF	#D3D3D3	108
2587	#FFFFFF	#D3D3D3	108
2588	#FFFFFF	#D3D3D3	108
2589	#FFFFFF	#D3D3D3	62
2590	#FFFFFF	#D3D3D3	57
2591	#FFFFFF	#D3D3D3	57
2592	#FFFFFF	#D3D3D3	57
2593	#FFFFFF	#D3D3D3	57
2594	#FFFFFF	#D3D3D3	57
2595	#FFFFFF	#D3D3D3	5
2596	#FFFFFF	#D3D3D3	57
2597	#FFFFFF	#D3D3D3	57
2598	#FFFFFF	#D3D3D3	57
2599	#FFFFFF	#D3D3D3	57
2600	#FFFFFF	#D3D3D3	62
2601	#FFFFFF	#D3D3D3	30
2602	#FFFFFF	#D3D3D3	20
2603	#FFFFFF	#D3D3D3	102
2604	#FFFFFF	#D3D3D3	102
2606	#FEF3F6	#C5C5C5	46
2607	#FFFFFF	#D3D3D3	62
2608	#FFFFFF	#D3D3D3	102
2609	#FFFFFF	#D3D3D3	20
2610	#FFFFFF	#D3D3D3	20
2611	#FFFFFF	#D3D3D3	102
2612	#FFFFFF	#D3D3D3	102
2613	#FFFFFF	#D3D3D3	102
2614	#FFFFFF	#D3D3D3	102
2615	#FFFFFF	#D3D3D3	102
2616	#FFFFFF	#D3D3D3	91
2617	#FFFFFF	#D3D3D3	102
2618	#FFFFFF	#D3D3D3	62
2619	#FFFFFF	#D3D3D3	102
2620	#FFFFFF	#D3D3D3	91
2621	#FFFFFF	#D3D3D3	91
2622	#FFFFFF	#D3D3D3	91
2623	#FFFFFF	#D3D3D3	91
2624	#FFFFFF	#D3D3D3	91
2625	#FFFFFF	#D3D3D3	102
2626	#FFFFFF	#D3D3D3	102
2627	#FFFFFF	#D3D3D3	102
2628	#FFFFFF	#D3D3D3	102
2629	#FFFFFF	#D3D3D3	62
2630	#FFFFFF	#D3D3D3	102
2631	#FFFFFF	#D3D3D3	102
2632	#FFFFFF	#D3D3D3	102
2633	#FFFFFF	#D3D3D3	102
2634	#FFFFFF	#D3D3D3	102
2635	#FFFFFF	#D3D3D3	108
2636	#FFFFFF	#D3D3D3	102
2637	#FFFFFF	#D3D3D3	108
2638	#FFFFFF	#D3D3D3	108
2639	#FFFFFF	#D3D3D3	57
2640	#FFFFFF	#D3D3D3	62
2641	#FFFFFF	#D3D3D3	108
2642	#FFFFFF	#D3D3D3	57
2643	#FFFFFF	#D3D3D3	108
2644	#FFFFFF	#D3D3D3	57
2645	#FFFFFF	#D3D3D3	57
2646	#FFFFFF	#D3D3D3	57
2647	#FFFFFF	#D3D3D3	57
2648	#FFFFFF	#D3D3D3	57
2649	#FFFFFF	#D3D3D3	57
2650	#FFFFFF	#D3D3D3	30
2651	#FFFFFF	#D3D3D3	30
2652	#FFFFFF	#D3D3D3	20
2653	#FFFFFF	#D3D3D3	102
2654	#FFFFFF	#D3D3D3	102
2655	#FEF3F6	#C5C5C5	46
2656	#FFFFFF	#D3D3D3	62
2657	#FFFFFF	#D3D3D3	102
2658	#FFFFFF	#D3D3D3	20
2659	#FFFFFF	#D3D3D3	20
2660	#FFFFFF	#D3D3D3	20
2661	#FFFFFF	#D3D3D3	102
2662	#FFFFFF	#D3D3D3	102
2663	#FFFFFF	#D3D3D3	102
2664	#FFFFFF	#D3D3D3	102
2665	#FFFFFF	#D3D3D3	102
2666	#FFFFFF	#D3D3D3	91
2667	#FFFFFF	#D3D3D3	62
2668	#FFFFFF	#D3D3D3	91
2669	#FFFFFF	#D3D3D3	102
2670	#FFFFFF	#D3D3D3	91
2671	#FFFFFF	#D3D3D3	91
2672	#FFFFFF	#D3D3D3	91
2673	#FFFFFF	#D3D3D3	91
2674	#FFFFFF	#D3D3D3	91
2675	#FFFFFF	#D3D3D3	102
2676	#FFFFFF	#D3D3D3	102
2677	#FFFFFF	#D3D3D3	102
2678	#FFFFFF	#D3D3D3	62
2679	#FFFFFF	#D3D3D3	102
2680	#FFFFFF	#D3D3D3	102
2681	#FFFFFF	#D3D3D3	102
2682	#FFFFFF	#D3D3D3	102
2683	#FFFFFF	#D3D3D3	102
2684	#FFFFFF	#D3D3D3	102
2685	#FFFFFF	#D3D3D3	108
2686	#FFFFFF	#D3D3D3	108
2687	#FFFFFF	#D3D3D3	108
2688	#FFFFFF	#D3D3D3	108
2689	#FFFFFF	#D3D3D3	62
2690	#FFFFFF	#D3D3D3	108
2691	#FFFFFF	#D3D3D3	57
2692	#FFFFFF	#D3D3D3	108
2693	#FFFFFF	#D3D3D3	108
2694	#FFFFFF	#D3D3D3	57
2695	#FFFFFF	#D3D3D3	57
2696	#FFFFFF	#D3D3D3	57
2697	#FFFFFF	#D3D3D3	57
2698	#FFFFFF	#D3D3D3	57
2699	#FFFFFF	#D3D3D3	57
2700	#FFFFFF	#D3D3D3	30
2701	#FFFFFF	#D3D3D3	30
2702	#FFFFFF	#D3D3D3	30
2703	#FFFFFF	#D3D3D3	102
2704	#FFFFFF	#D3D3D3	102
2706	#FEF3F6	#C5C5C5	46
2707	#FFFFFF	#D3D3D3	62
2708	#FFFFFF	#D3D3D3	102
2709	#FFFFFF	#D3D3D3	20
2710	#FFFFFF	#D3D3D3	20
2711	#FFFFFF	#D3D3D3	20
2712	#FFFFFF	#D3D3D3	20
2713	#FFFFFF	#D3D3D3	102
2714	#FFFFFF	#D3D3D3	102
2715	#FFFFFF	#D3D3D3	102
2716	#FFFFFF	#D3D3D3	102
2717	#FFFFFF	#D3D3D3	91
2718	#FFFFFF	#D3D3D3	62
2719	#FFFFFF	#D3D3D3	102
2720	#FFFFFF	#D3D3D3	102
2721	#FFFFFF	#D3D3D3	91
2722	#FFFFFF	#D3D3D3	91
2723	#FFFFFF	#D3D3D3	91
2724	#FFFFFF	#D3D3D3	91
2725	#FFFFFF	#D3D3D3	102
2726	#FFFFFF	#D3D3D3	102
2727	#FFFFFF	#D3D3D3	102
2728	#FFFFFF	#D3D3D3	102
2729	#FFFFFF	#D3D3D3	62
2730	#FFFFFF	#D3D3D3	102
2731	#FFFFFF	#D3D3D3	102
2732	#FFFFFF	#D3D3D3	102
2733	#FFFFFF	#D3D3D3	102
2734	#FFFFFF	#D3D3D3	102
2735	#FFFFFF	#D3D3D3	102
2736	#FFFFFF	#D3D3D3	108
2737	#FFFFFF	#D3D3D3	108
2738	#FFFFFF	#D3D3D3	108
2739	#FFFFFF	#D3D3D3	108
2740	#FFFFFF	#D3D3D3	30
2741	#FFFFFF	#D3D3D3	108
2742	#FFFFFF	#D3D3D3	108
2743	#FFFFFF	#D3D3D3	108
2744	#FFFFFF	#D3D3D3	57
2745	#FFFFFF	#D3D3D3	57
2746	#FFFFFF	#D3D3D3	57
2747	#FFFFFF	#D3D3D3	57
2748	#FFFFFF	#D3D3D3	57
2749	#FFFFFF	#D3D3D3	57
2750	#FFFFFF	#D3D3D3	30
2751	#FFFFFF	#D3D3D3	30
2752	#FFFFFF	#D3D3D3	30
2753	#FFFFFF	#D3D3D3	102
2754	#FFFFFF	#D3D3D3	102
2755	#FEF3F6	#C5C5C5	46
2756	#FFFFFF	#D3D3D3	62
2757	#FFFFFF	#D3D3D3	102
2758	#FFFFFF	#D3D3D3	102
2759	#FFFFFF	#D3D3D3	20
2760	#FFFFFF	#D3D3D3	20
2761	#FFFFFF	#D3D3D3	20
2762	#FFFFFF	#D3D3D3	102
2763	#FFFFFF	#D3D3D3	102
2764	#FFFFFF	#D3D3D3	102
2765	#FFFFFF	#D3D3D3	102
2766	#FFFFFF	#D3D3D3	102
2767	#FFFFFF	#D3D3D3	62
2768	#FFFFFF	#D3D3D3	102
2769	#FFFFFF	#D3D3D3	91
2770	#FFFFFF	#D3D3D3	91
2771	#FFFFFF	#D3D3D3	91
2772	#FFFFFF	#D3D3D3	91
2773	#FFFFFF	#D3D3D3	91
2774	#FFFFFF	#D3D3D3	91
2775	#FFFFFF	#D3D3D3	102
2776	#FFFFFF	#D3D3D3	102
2777	#FFFFFF	#D3D3D3	102
2778	#FFFFFF	#D3D3D3	62
2779	#FFFFFF	#D3D3D3	102
2780	#FFFFFF	#D3D3D3	102
2781	#FFFFFF	#D3D3D3	102
2782	#FFFFFF	#D3D3D3	102
2783	#FFFFFF	#D3D3D3	102
2784	#FFFFFF	#D3D3D3	102
2785	#FFFFFF	#D3D3D3	102
2786	#FFFFFF	#D3D3D3	108
2787	#FFFFFF	#D3D3D3	102
2788	#FFFFFF	#D3D3D3	102
2789	#FFFFFF	#D3D3D3	30
2790	#FFFFFF	#D3D3D3	108
2791	#FFFFFF	#D3D3D3	108
2792	#FFFFFF	#D3D3D3	108
2793	#FFFFFF	#D3D3D3	57
2794	#FFFFFF	#D3D3D3	108
2795	#FFFFFF	#D3D3D3	108
2796	#FFFFFF	#D3D3D3	57
2797	#FFFFFF	#D3D3D3	57
2798	#FFFFFF	#D3D3D3	57
2799	#FFFFFF	#D3D3D3	57
2800	#FFFFFF	#D3D3D3	30
2801	#FFFFFF	#D3D3D3	30
2802	#FFFFFF	#D3D3D3	30
2803	#FFFFFF	#D3D3D3	30
2804	#FFFFFF	#D3D3D3	102
2806	#FEF3F6	#C5C5C5	46
2807	#FFFFFF	#D3D3D3	62
2808	#FFFFFF	#D3D3D3	102
2809	#FFFFFF	#D3D3D3	102
2810	#FFFFFF	#D3D3D3	20
2811	#FFFFFF	#D3D3D3	20
2812	#FFFFFF	#D3D3D3	102
2813	#FFFFFF	#D3D3D3	102
2814	#FFFFFF	#D3D3D3	102
2815	#FFFFFF	#D3D3D3	102
2816	#FFFFFF	#D3D3D3	102
2817	#FFFFFF	#D3D3D3	102
2818	#FFFFFF	#D3D3D3	62
2819	#FFFFFF	#D3D3D3	91
2820	#FFFFFF	#D3D3D3	91
2821	#FFFFFF	#D3D3D3	91
2822	#FFFFFF	#D3D3D3	91
2823	#FFFFFF	#D3D3D3	91
2824	#FFFFFF	#D3D3D3	91
2825	#FFFFFF	#D3D3D3	91
2826	#FFFFFF	#D3D3D3	102
2827	#FFFFFF	#D3D3D3	102
2828	#FFFFFF	#D3D3D3	102
2829	#FFFFFF	#D3D3D3	62
2830	#FFFFFF	#D3D3D3	102
2831	#FFFFFF	#D3D3D3	102
2832	#FFFFFF	#D3D3D3	102
2833	#FFFFFF	#D3D3D3	102
2834	#FFFFFF	#D3D3D3	102
2835	#FFFFFF	#D3D3D3	102
2836	#FFFFFF	#D3D3D3	102
2837	#FFFFFF	#D3D3D3	102
2838	#FFFFFF	#D3D3D3	102
2839	#FFFFFF	#D3D3D3	102
2840	#FFFFFF	#D3D3D3	30
2841	#FFFFFF	#D3D3D3	108
2842	#FFFFFF	#D3D3D3	108
2843	#FFFFFF	#D3D3D3	108
2844	#FFFFFF	#D3D3D3	108
2845	#FFFFFF	#D3D3D3	108
2846	#FFFFFF	#D3D3D3	57
2847	#FFFFFF	#D3D3D3	57
2848	#FFFFFF	#D3D3D3	57
2849	#FFFFFF	#D3D3D3	57
2850	#FFFFFF	#D3D3D3	30
2851	#FFFFFF	#D3D3D3	30
2852	#FFFFFF	#D3D3D3	30
2853	#FFFFFF	#D3D3D3	30
2854	#FFFFFF	#D3D3D3	102
2855	#FEF3F6	#C5C5C5	46
2856	#FFFFFF	#D3D3D3	62
2857	#FFFFFF	#D3D3D3	102
2858	#FFFFFF	#D3D3D3	102
2859	#FFFFFF	#D3D3D3	102
2860	#FFFFFF	#D3D3D3	20
2861	#FFFFFF	#D3D3D3	20
2862	#FFFFFF	#D3D3D3	20
2863	#FFFFFF	#D3D3D3	102
2864	#FFFFFF	#D3D3D3	102
2865	#FFFFFF	#D3D3D3	102
2866	#FFFFFF	#D3D3D3	102
2867	#FFFFFF	#D3D3D3	62
2868	#FFFFFF	#D3D3D3	91
2869	#FFFFFF	#D3D3D3	91
2870	#FFFFFF	#D3D3D3	91
2871	#FFFFFF	#D3D3D3	91
2872	#FFFFFF	#D3D3D3	91
2873	#FFFFFF	#D3D3D3	91
2874	#FFFFFF	#D3D3D3	91
2875	#FFFFFF	#D3D3D3	91
2876	#FFFFFF	#D3D3D3	102
2877	#FFFFFF	#D3D3D3	102
2878	#FFFFFF	#D3D3D3	62
2879	#FFFFFF	#D3D3D3	102
2880	#FFFFFF	#D3D3D3	102
2881	#FFFFFF	#D3D3D3	102
2882	#FFFFFF	#D3D3D3	102
2883	#FFFFFF	#D3D3D3	102
2884	#FFFFFF	#D3D3D3	102
2885	#FFFFFF	#D3D3D3	102
2886	#FFFFFF	#D3D3D3	102
2887	#FFFFFF	#D3D3D3	102
2888	#FFFFFF	#D3D3D3	102
2889	#FFFFFF	#D3D3D3	30
2890	#FFFFFF	#D3D3D3	102
2891	#FFFFFF	#D3D3D3	108
2892	#FFFFFF	#D3D3D3	108
2893	#FFFFFF	#D3D3D3	108
2894	#FFFFFF	#D3D3D3	108
2895	#FFFFFF	#D3D3D3	108
2896	#FFFFFF	#D3D3D3	108
2897	#FFFFFF	#D3D3D3	57
2898	#FFFFFF	#D3D3D3	57
2899	#FFFFFF	#D3D3D3	5
2900	#FFFFFF	#D3D3D3	30
2901	#FFFFFF	#D3D3D3	30
2902	#FFFFFF	#D3D3D3	30
2903	#FFFFFF	#D3D3D3	30
2904	#FFFFFF	#D3D3D3	30
2906	#FEF3F6	#C5C5C5	46
2907	#FFFFFF	#D3D3D3	62
2908	#FFFFFF	#D3D3D3	102
2909	#FFFFFF	#D3D3D3	102
2910	#FFFFFF	#D3D3D3	20
2911	#FFFFFF	#D3D3D3	20
2912	#FFFFFF	#D3D3D3	20
2913	#FFFFFF	#D3D3D3	20
2914	#FFFFFF	#D3D3D3	102
2915	#FFFFFF	#D3D3D3	102
2916	#FFFFFF	#D3D3D3	102
2917	#FFFFFF	#D3D3D3	102
2918	#FFFFFF	#D3D3D3	62
2919	#FFFFFF	#D3D3D3	91
2920	#FFFFFF	#D3D3D3	91
2921	#FFFFFF	#D3D3D3	91
2922	#FFFFFF	#D3D3D3	91
2923	#FFFFFF	#D3D3D3	102
2924	#FFFFFF	#D3D3D3	102
2925	#FFFFFF	#D3D3D3	91
2926	#FFFFFF	#D3D3D3	91
2927	#FFFFFF	#D3D3D3	102
2928	#FFFFFF	#D3D3D3	102
2929	#FFFFFF	#D3D3D3	30
2930	#FFFFFF	#D3D3D3	102
2931	#FFFFFF	#D3D3D3	102
2932	#FFFFFF	#D3D3D3	102
2933	#FFFFFF	#D3D3D3	102
2934	#FFFFFF	#D3D3D3	102
2935	#FFFFFF	#D3D3D3	102
2936	#FFFFFF	#D3D3D3	108
2937	#FFFFFF	#D3D3D3	102
2938	#FFFFFF	#D3D3D3	102
2939	#FFFFFF	#D3D3D3	102
2940	#FFFFFF	#D3D3D3	30
2941	#FFFFFF	#D3D3D3	108
2942	#FFFFFF	#D3D3D3	108
2943	#FFFFFF	#D3D3D3	108
2944	#FFFFFF	#D3D3D3	108
2945	#FFFFFF	#D3D3D3	108
2946	#FFFFFF	#D3D3D3	108
2947	#FFFFFF	#D3D3D3	57
2948	#FFFFFF	#D3D3D3	57
2949	#FFFFFF	#D3D3D3	5
2950	#FFFFFF	#D3D3D3	30
2951	#FFFFFF	#D3D3D3	30
2952	#FFFFFF	#D3D3D3	30
2953	#FFFFFF	#D3D3D3	30
2954	#FFFFFF	#D3D3D3	30
2955	#FEF3F6	#C5C5C5	46
2956	#FFFFFF	#D3D3D3	62
2957	#FFFFFF	#D3D3D3	30
2958	#FFFFFF	#D3D3D3	102
2959	#FFFFFF	#D3D3D3	102
2960	#FFFFFF	#D3D3D3	102
2961	#FFFFFF	#D3D3D3	20
2962	#FFFFFF	#D3D3D3	20
2963	#FFFFFF	#D3D3D3	102
2964	#FFFFFF	#D3D3D3	102
2965	#FFFFFF	#D3D3D3	102
2966	#FFFFFF	#D3D3D3	102
2967	#FFFFFF	#D3D3D3	62
2968	#FFFFFF	#D3D3D3	102
2969	#FFFFFF	#D3D3D3	102
2970	#FFFFFF	#D3D3D3	91
2971	#FFFFFF	#D3D3D3	91
2972	#FFFFFF	#D3D3D3	102
2973	#FFFFFF	#D3D3D3	102
2974	#FFFFFF	#D3D3D3	102
2975	#FFFFFF	#D3D3D3	91
2976	#FFFFFF	#D3D3D3	102
2977	#FFFFFF	#D3D3D3	102
2978	#FFFFFF	#D3D3D3	30
2979	#FFFFFF	#D3D3D3	102
2980	#FFFFFF	#D3D3D3	102
2981	#FFFFFF	#D3D3D3	102
2982	#FFFFFF	#D3D3D3	102
2983	#FFFFFF	#D3D3D3	102
2984	#FFFFFF	#D3D3D3	102
2985	#FFFFFF	#D3D3D3	108
2986	#FFFFFF	#D3D3D3	108
2987	#FFFFFF	#D3D3D3	102
2988	#FFFFFF	#D3D3D3	108
2989	#FFFFFF	#D3D3D3	30
2990	#FFFFFF	#D3D3D3	108
2991	#FFFFFF	#D3D3D3	108
2992	#FFFFFF	#D3D3D3	108
2993	#FFFFFF	#D3D3D3	108
2994	#FFFFFF	#D3D3D3	108
2995	#FFFFFF	#D3D3D3	57
2996	#FFFFFF	#D3D3D3	108
2997	#FFFFFF	#D3D3D3	57
2998	#FFFFFF	#D3D3D3	57
2999	#FFFFFF	#D3D3D3	6
3000	#FFFFFF	#D3D3D3	30
3001	#FFFFFF	#D3D3D3	30
3002	#FFFFFF	#D3D3D3	30
3003	#FFFFFF	#D3D3D3	30
3004	#FFFFFF	#D3D3D3	30
3006	#FEF3F6	#C5C5C5	46
3007	#FFFFFF	#D3D3D3	62
3008	#FFFFFF	#D3D3D3	30
3009	#FFFFFF	#D3D3D3	30
3010	#FFFFFF	#D3D3D3	102
3011	#FFFFFF	#D3D3D3	102
3012	#FFFFFF	#D3D3D3	20
3013	#FFFFFF	#D3D3D3	20
3014	#FFFFFF	#D3D3D3	102
3015	#FFFFFF	#D3D3D3	102
3016	#FFFFFF	#D3D3D3	102
3017	#FFFFFF	#D3D3D3	102
3018	#FFFFFF	#D3D3D3	62
3019	#FFFFFF	#D3D3D3	102
3020	#FFFFFF	#D3D3D3	102
3021	#FFFFFF	#D3D3D3	102
3022	#FFFFFF	#D3D3D3	102
3023	#FFFFFF	#D3D3D3	102
3024	#FFFFFF	#D3D3D3	102
3025	#FFFFFF	#D3D3D3	102
3026	#FFFFFF	#D3D3D3	102
3027	#FFFFFF	#D3D3D3	102
3028	#FFFFFF	#D3D3D3	102
3029	#FFFFFF	#D3D3D3	30
3030	#FFFFFF	#D3D3D3	102
3031	#FFFFFF	#D3D3D3	102
3032	#FFFFFF	#D3D3D3	102
3033	#FFFFFF	#D3D3D3	102
3034	#FFFFFF	#D3D3D3	102
3035	#FFFFFF	#D3D3D3	102
3036	#FFFFFF	#D3D3D3	108
3037	#FFFFFF	#D3D3D3	108
3038	#FFFFFF	#D3D3D3	102
3039	#FFFFFF	#D3D3D3	108
3040	#FFFFFF	#D3D3D3	30
3041	#FFFFFF	#D3D3D3	108
3042	#FFFFFF	#D3D3D3	108
3043	#FFFFFF	#D3D3D3	108
3044	#FFFFFF	#D3D3D3	108
3045	#FFFFFF	#D3D3D3	108
3046	#FFFFFF	#D3D3D3	57
3047	#FFFFFF	#D3D3D3	57
3048	#FFFFFF	#D3D3D3	57
3050	#FFFFFF	#D3D3D3	30
3051	#FFFFFF	#D3D3D3	30
3052	#FFFFFF	#D3D3D3	30
3053	#FFFFFF	#D3D3D3	30
3054	#FFFFFF	#D3D3D3	30
3055	#FEF3F6	#C5C5C5	46
3056	#FFFFFF	#D3D3D3	62
3057	#FFFFFF	#D3D3D3	30
3058	#FFFFFF	#D3D3D3	30
3059	#FFFFFF	#D3D3D3	102
3060	#FFFFFF	#D3D3D3	102
3061	#FFFFFF	#D3D3D3	102
3062	#FFFFFF	#D3D3D3	20
3063	#FFFFFF	#D3D3D3	20
3064	#FFFFFF	#D3D3D3	102
3065	#FFFFFF	#D3D3D3	102
3066	#FFFFFF	#D3D3D3	102
3067	#FFFFFF	#D3D3D3	62
3068	#FFFFFF	#D3D3D3	102
3069	#FFFFFF	#D3D3D3	102
3070	#FFFFFF	#D3D3D3	102
3071	#FFFFFF	#D3D3D3	102
3072	#FFFFFF	#D3D3D3	102
3073	#FFFFFF	#D3D3D3	102
3074	#FFFFFF	#D3D3D3	102
3075	#FFFFFF	#D3D3D3	102
3076	#FFFFFF	#D3D3D3	102
3077	#FFFFFF	#D3D3D3	102
3078	#FFFFFF	#D3D3D3	30
3079	#FFFFFF	#D3D3D3	102
3080	#FFFFFF	#D3D3D3	102
3081	#FFFFFF	#D3D3D3	102
3082	#FFFFFF	#D3D3D3	102
3083	#FFFFFF	#D3D3D3	102
3084	#FFFFFF	#D3D3D3	102
3085	#FFFFFF	#D3D3D3	102
3086	#FFFFFF	#D3D3D3	108
3087	#FFFFFF	#D3D3D3	108
3088	#FFFFFF	#D3D3D3	102
3089	#FFFFFF	#D3D3D3	30
3090	#FFFFFF	#D3D3D3	108
3091	#FFFFFF	#D3D3D3	108
3092	#FFFFFF	#D3D3D3	108
3093	#FFFFFF	#D3D3D3	108
3094	#FFFFFF	#D3D3D3	108
3095	#FFFFFF	#D3D3D3	108
3096	#FFFFFF	#D3D3D3	57
3097	#FFFFFF	#D3D3D3	57
3099	#FFFFFF	#D3D3D3	95
3100	#FFFFFF	#D3D3D3	30
3101	#FFFFFF	#D3D3D3	30
3102	#FFFFFF	#D3D3D3	30
3103	#FFFFFF	#D3D3D3	30
3104	#FFFFFF	#D3D3D3	30
3106	#FEF3F6	#C5C5C5	46
3107	#FFFFFF	#D3D3D3	62
3108	#FFFFFF	#D3D3D3	30
3109	#FFFFFF	#D3D3D3	30
3110	#FFFFFF	#D3D3D3	102
3111	#FFFFFF	#D3D3D3	102
3112	#FFFFFF	#D3D3D3	102
3113	#FFFFFF	#D3D3D3	20
3114	#FFFFFF	#D3D3D3	20
3115	#FFFFFF	#D3D3D3	102
3116	#FFFFFF	#D3D3D3	102
3117	#FFFFFF	#D3D3D3	102
3118	#FFFFFF	#D3D3D3	62
3119	#FFFFFF	#D3D3D3	102
3120	#FFFFFF	#D3D3D3	102
3121	#FFFFFF	#D3D3D3	102
3122	#FFFFFF	#D3D3D3	102
3123	#FFFFFF	#D3D3D3	102
3124	#FFFFFF	#D3D3D3	102
3125	#FFFFFF	#D3D3D3	102
3126	#FFFFFF	#D3D3D3	102
3127	#FFFFFF	#D3D3D3	102
3128	#FFFFFF	#D3D3D3	102
3129	#FFFFFF	#D3D3D3	30
3130	#FFFFFF	#D3D3D3	102
3131	#FFFFFF	#D3D3D3	102
3132	#FFFFFF	#D3D3D3	102
3133	#FFFFFF	#D3D3D3	102
3134	#FFFFFF	#D3D3D3	102
3135	#FFFFFF	#D3D3D3	102
3136	#FFFFFF	#D3D3D3	108
3137	#FFFFFF	#D3D3D3	108
3138	#FFFFFF	#D3D3D3	108
3139	#FFFFFF	#D3D3D3	108
3140	#FFFFFF	#D3D3D3	30
3141	#FFFFFF	#D3D3D3	108
3142	#FFFFFF	#D3D3D3	108
3143	#FFFFFF	#D3D3D3	108
3144	#FFFFFF	#D3D3D3	108
3145	#FFFFFF	#D3D3D3	108
3146	#FFFFFF	#D3D3D3	108
3147	#FFFFFF	#D3D3D3	57
3148	#FFFFFF	#D3D3D3	6
3149	#FFFFFF	#D3D3D3	95
3150	#FFFFFF	#D3D3D3	30
3151	#FFFFFF	#D3D3D3	30
3152	#FFFFFF	#D3D3D3	30
3153	#FFFFFF	#D3D3D3	30
3154	#FFFFFF	#D3D3D3	30
3155	#FEF3F6	#C5C5C5	46
3156	#FFFFFF	#D3D3D3	62
3157	#FFFFFF	#D3D3D3	30
3158	#FFFFFF	#D3D3D3	30
3159	#FFFFFF	#D3D3D3	4
3160	#FFFFFF	#D3D3D3	102
3161	#FFFFFF	#D3D3D3	102
3162	#FFFFFF	#D3D3D3	102
3163	#FFFFFF	#D3D3D3	20
3164	#FFFFFF	#D3D3D3	20
3165	#FFFFFF	#D3D3D3	102
3166	#FFFFFF	#D3D3D3	102
3167	#FFFFFF	#D3D3D3	62
3168	#FFFFFF	#D3D3D3	102
3169	#FFFFFF	#D3D3D3	102
3170	#FFFFFF	#D3D3D3	102
3171	#FFFFFF	#D3D3D3	102
3172	#FFFFFF	#D3D3D3	102
3173	#FFFFFF	#D3D3D3	102
3174	#FFFFFF	#D3D3D3	102
3175	#FFFFFF	#D3D3D3	102
3176	#FFFFFF	#D3D3D3	102
3177	#FFFFFF	#D3D3D3	102
3178	#FFFFFF	#D3D3D3	30
3179	#FFFFFF	#D3D3D3	102
3180	#FFFFFF	#D3D3D3	102
3181	#FFFFFF	#D3D3D3	102
3182	#FFFFFF	#D3D3D3	102
3183	#FFFFFF	#D3D3D3	102
3184	#FFFFFF	#D3D3D3	102
3185	#FFFFFF	#D3D3D3	102
3186	#FFFFFF	#D3D3D3	108
3187	#FFFFFF	#D3D3D3	108
3188	#FFFFFF	#D3D3D3	108
3189	#FFFFFF	#D3D3D3	30
3190	#FFFFFF	#D3D3D3	108
3191	#FFFFFF	#D3D3D3	108
3192	#FFFFFF	#D3D3D3	102
3193	#FFFFFF	#D3D3D3	102
3194	#FFFFFF	#D3D3D3	108
3195	#FFFFFF	#D3D3D3	108
3196	#FFFFFF	#D3D3D3	57
3197	#FFFFFF	#D3D3D3	6
3198	#FFFFFF	#D3D3D3	95
3199	#FFFFFF	#D3D3D3	95
3200	#FFFFFF	#D3D3D3	30
3201	#FFFFFF	#D3D3D3	30
3202	#FFFFFF	#D3D3D3	30
3203	#FFFFFF	#D3D3D3	30
3204	#FFFFFF	#D3D3D3	30
3206	#FEF3F6	#C5C5C5	46
3207	#FFFFFF	#D3D3D3	62
3208	#FFFFFF	#D3D3D3	30
3209	#FFFFFF	#D3D3D3	30
3210	#FFFFFF	#D3D3D3	4
3211	#FFFFFF	#D3D3D3	102
3212	#FFFFFF	#D3D3D3	102
3213	#FFFFFF	#D3D3D3	102
3214	#FFFFFF	#D3D3D3	20
3215	#FFFFFF	#D3D3D3	20
3216	#FFFFFF	#D3D3D3	102
3217	#FFFFFF	#D3D3D3	102
3218	#FFFFFF	#D3D3D3	30
3219	#FFFFFF	#D3D3D3	102
3220	#FFFFFF	#D3D3D3	102
3221	#FFFFFF	#D3D3D3	102
3222	#FFFFFF	#D3D3D3	102
3223	#FFFFFF	#D3D3D3	102
3224	#FFFFFF	#D3D3D3	102
3225	#FFFFFF	#D3D3D3	102
3226	#FFFFFF	#D3D3D3	102
3227	#FFFFFF	#D3D3D3	102
3228	#FFFFFF	#D3D3D3	102
3229	#FFFFFF	#D3D3D3	30
3230	#FFFFFF	#D3D3D3	102
3231	#FFFFFF	#D3D3D3	102
3232	#FFFFFF	#D3D3D3	102
3233	#FFFFFF	#D3D3D3	102
3234	#FFFFFF	#D3D3D3	102
3235	#FFFFFF	#D3D3D3	102
3236	#FFFFFF	#D3D3D3	102
3237	#FFFFFF	#D3D3D3	108
3238	#FFFFFF	#D3D3D3	108
3239	#FFFFFF	#D3D3D3	108
3240	#FFFFFF	#D3D3D3	30
3241	#FFFFFF	#D3D3D3	102
3242	#FFFFFF	#D3D3D3	108
3243	#FFFFFF	#D3D3D3	102
3244	#FFFFFF	#D3D3D3	102
3245	#FFFFFF	#D3D3D3	108
3246	#FFFFFF	#D3D3D3	108
3247	#FFFFFF	#D3D3D3	6
3248	#FFFFFF	#D3D3D3	95
3249	#FFFFFF	#D3D3D3	95
3250	#FFFFFF	#D3D3D3	30
3251	#FFFFFF	#D3D3D3	30
3252	#FFFFFF	#D3D3D3	30
3253	#FFFFFF	#D3D3D3	30
3254	#FFFFFF	#D3D3D3	30
3255	#FEF3F6	#C5C5C5	46
3256	#FFFFFF	#D3D3D3	62
3257	#FFFFFF	#D3D3D3	30
3258	#FFFFFF	#D3D3D3	30
3259	#FFFFFF	#D3D3D3	4
3260	#FFFFFF	#D3D3D3	4
3261	#FFFFFF	#D3D3D3	102
3262	#FFFFFF	#D3D3D3	102
3263	#FFFFFF	#D3D3D3	102
3264	#FFFFFF	#D3D3D3	20
3265	#FFFFFF	#D3D3D3	102
3266	#FFFFFF	#D3D3D3	102
3267	#FFFFFF	#D3D3D3	30
3268	#FFFFFF	#D3D3D3	102
3269	#FFFFFF	#D3D3D3	102
3270	#FFFFFF	#D3D3D3	102
3271	#FFFFFF	#D3D3D3	102
3272	#FFFFFF	#D3D3D3	102
3273	#FFFFFF	#D3D3D3	102
3274	#FFFFFF	#D3D3D3	102
3275	#FFFFFF	#D3D3D3	102
3276	#FFFFFF	#D3D3D3	102
3277	#FFFFFF	#D3D3D3	102
3278	#FFFFFF	#D3D3D3	30
3279	#FFFFFF	#D3D3D3	102
3280	#FFFFFF	#D3D3D3	102
3281	#FFFFFF	#D3D3D3	102
3282	#FFFFFF	#D3D3D3	102
3283	#FFFFFF	#D3D3D3	102
3284	#FFFFFF	#D3D3D3	102
3285	#FFFFFF	#D3D3D3	102
3286	#FFFFFF	#D3D3D3	108
3287	#FFFFFF	#D3D3D3	108
3288	#FFFFFF	#D3D3D3	108
3289	#FFFFFF	#D3D3D3	30
3290	#FFFFFF	#D3D3D3	108
3291	#FFFFFF	#D3D3D3	102
3292	#FFFFFF	#D3D3D3	102
3293	#FFFFFF	#D3D3D3	102
3294	#FFFFFF	#D3D3D3	108
3295	#FFFFFF	#D3D3D3	108
3296	#FFFFFF	#D3D3D3	6
3297	#FFFFFF	#D3D3D3	95
3298	#FFFFFF	#D3D3D3	95
3299	#FFFFFF	#D3D3D3	95
3300	#FFFFFF	#D3D3D3	30
3301	#FFFFFF	#D3D3D3	30
3302	#FFFFFF	#D3D3D3	30
3303	#FFFFFF	#D3D3D3	30
3304	#FFFFFF	#D3D3D3	30
3306	#FEF3F6	#C5C5C5	46
3307	#FFFFFF	#D3D3D3	62
3308	#FFFFFF	#D3D3D3	4
3309	#FFFFFF	#D3D3D3	4
3310	#FFFFFF	#D3D3D3	4
3311	#FFFFFF	#D3D3D3	4
3312	#FFFFFF	#D3D3D3	102
3313	#FFFFFF	#D3D3D3	102
3314	#FFFFFF	#D3D3D3	102
3315	#FFFFFF	#D3D3D3	102
3316	#FFFFFF	#D3D3D3	4
3317	#FFFFFF	#D3D3D3	102
3318	#FFFFFF	#D3D3D3	30
3319	#FFFFFF	#D3D3D3	102
3320	#FFFFFF	#D3D3D3	102
3321	#FFFFFF	#D3D3D3	102
3322	#FFFFFF	#D3D3D3	102
3323	#FFFFFF	#D3D3D3	102
3324	#FFFFFF	#D3D3D3	102
3325	#FFFFFF	#D3D3D3	102
3326	#FFFFFF	#D3D3D3	102
3327	#FFFFFF	#D3D3D3	102
3328	#FFFFFF	#D3D3D3	102
3329	#FFFFFF	#D3D3D3	30
3330	#FFFFFF	#D3D3D3	102
3331	#FFFFFF	#D3D3D3	102
3332	#FFFFFF	#D3D3D3	102
3333	#FFFFFF	#D3D3D3	102
3334	#FFFFFF	#D3D3D3	102
3335	#FFFFFF	#D3D3D3	102
3336	#FFFFFF	#D3D3D3	102
3337	#FFFFFF	#D3D3D3	102
3338	#FFFFFF	#D3D3D3	108
3339	#FFFFFF	#D3D3D3	108
3340	#FFFFFF	#D3D3D3	30
3341	#FFFFFF	#D3D3D3	108
3342	#FFFFFF	#D3D3D3	102
3343	#FFFFFF	#D3D3D3	102
3344	#FFFFFF	#D3D3D3	102
3345	#FFFFFF	#D3D3D3	108
3346	#FFFFFF	#D3D3D3	6
3347	#FFFFFF	#D3D3D3	28
3348	#FFFFFF	#D3D3D3	95
3349	#FFFFFF	#D3D3D3	95
3350	#FFFFFF	#D3D3D3	30
3351	#FFFFFF	#D3D3D3	30
3352	#FFFFFF	#D3D3D3	30
3353	#FFFFFF	#D3D3D3	30
3354	#FFFFFF	#D3D3D3	30
3355	#CD1076	#000000	32
3356	#CD1076	#000000	51
3357	#FFFFFF	#D3D3D3	107
3358	#FFFFFF	#D3D3D3	107
3359	#FFFFFF	#D3D3D3	107
3360	#FFFFFF	#D3D3D3	107
3361	#FFFFFF	#D3D3D3	65
3362	#FFFFFF	#D3D3D3	107
3363	#FFFFFF	#D3D3D3	107
3364	#FFFFFF	#D3D3D3	65
3365	#FFFFFF	#D3D3D3	65
3366	#FFFFFF	#D3D3D3	107
3367	#CD1076	#000000	51
3368	#FFFFFF	#D3D3D3	107
3369	#FFFFFF	#D3D3D3	65
3370	#FFFFFF	#D3D3D3	65
3371	#FFFFFF	#D3D3D3	65
3372	#FFFFFF	#D3D3D3	65
3373	#FFFFFF	#D3D3D3	65
3374	#FFFFFF	#D3D3D3	65
3375	#FFFFFF	#D3D3D3	65
3376	#FFFFFF	#D3D3D3	5
3377	#FFFFFF	#D3D3D3	5
3378	#D33680	#151515	64
3379	#FFFFFF	#D3D3D3	5
3380	#FFFFFF	#D3D3D3	5
3381	#FFFFFF	#D3D3D3	5
3382	#FFFFFF	#D3D3D3	65
3383	#FFFFFF	#D3D3D3	65
3384	#FFFFFF	#D3D3D3	92
3385	#FFFFFF	#D3D3D3	92
3386	#FFFFFF	#D3D3D3	92
3387	#FFFFFF	#D3D3D3	92
3388	#FFFFFF	#D3D3D3	65
3389	#D33680	#151515	64
3390	#FFFFFF	#D3D3D3	65
3391	#FFFFFF	#D3D3D3	65
3392	#FFFFFF	#D3D3D3	65
3393	#FFFFFF	#D3D3D3	65
3394	#FFFFFF	#D3D3D3	55
3395	#FFFFFF	#D3D3D3	55
3396	#FFFFFF	#D3D3D3	55
3397	#FFFFFF	#D3D3D3	55
3398	#FFFFFF	#D3D3D3	31
3399	#FFFFFF	#D3D3D3	31
3400	#D33680	#151515	64
3401	#D33680	#151515	64
3402	#D33680	#151515	64
3403	#D33680	#151515	64
3404	#F0A0BC	#6A6A6A	58
3406	#CD1076	#000000	32
3407	#CD1076	#000000	51
3408	#FFFFFF	#D3D3D3	20
3409	#FFFFFF	#D3D3D3	107
3410	#FFFFFF	#D3D3D3	107
3411	#FFFFFF	#D3D3D3	107
3412	#FFFFFF	#D3D3D3	107
3413	#FFFFFF	#D3D3D3	107
3414	#FFFFFF	#D3D3D3	107
3415	#FFFFFF	#D3D3D3	65
3416	#FFFFFF	#D3D3D3	107
3417	#FFFFFF	#D3D3D3	107
3418	#CD1076	#000000	51
3419	#FFFFFF	#D3D3D3	107
3420	#FFFFFF	#D3D3D3	65
3421	#FFFFFF	#D3D3D3	65
3422	#FFFFFF	#D3D3D3	106
3423	#FFFFFF	#D3D3D3	65
3424	#FFFFFF	#D3D3D3	106
3425	#FFFFFF	#D3D3D3	65
3426	#FFFFFF	#D3D3D3	5
3427	#FFFFFF	#D3D3D3	5
3428	#FFFFFF	#D3D3D3	5
3429	#D33680	#151515	64
3430	#FFFFFF	#D3D3D3	5
3431	#FFFFFF	#D3D3D3	5
3432	#FFFFFF	#D3D3D3	5
3433	#FFFFFF	#D3D3D3	65
3434	#FFFFFF	#D3D3D3	65
3435	#FFFFFF	#D3D3D3	92
3436	#FFFFFF	#D3D3D3	92
3437	#FFFFFF	#D3D3D3	92
3438	#FFFFFF	#D3D3D3	92
3439	#FFFFFF	#D3D3D3	65
3440	#D33680	#151515	64
3441	#FFFFFF	#D3D3D3	65
3442	#FFFFFF	#D3D3D3	65
3443	#FFFFFF	#D3D3D3	65
3444	#FFFFFF	#D3D3D3	65
3445	#FFFFFF	#D3D3D3	55
3446	#FFFFFF	#D3D3D3	55
3447	#FFFFFF	#D3D3D3	55
3448	#FFFFFF	#D3D3D3	55
3449	#FFFFFF	#D3D3D3	31
3450	#D33680	#151515	64
3451	#D33680	#151515	64
3452	#D33680	#151515	64
3453	#D33680	#151515	64
3454	#FFFFFF	#D3D3D3	107
3455	#FEF3F6	#C5C5C5	46
3456	#FFFFFF	#D3D3D3	62
3457	#FFFFFF	#D3D3D3	30
3458	#FFFFFF	#D3D3D3	4
3459	#FFFFFF	#D3D3D3	4
3460	#FFFFFF	#D3D3D3	4
3461	#FFFFFF	#D3D3D3	4
3462	#FFFFFF	#D3D3D3	102
3463	#FFFFFF	#D3D3D3	102
3464	#FFFFFF	#D3D3D3	102
3465	#FFFFFF	#D3D3D3	4
3466	#FFFFFF	#D3D3D3	102
3467	#FFFFFF	#D3D3D3	30
3468	#FFFFFF	#D3D3D3	4
3469	#FFFFFF	#D3D3D3	102
3470	#FFFFFF	#D3D3D3	102
3471	#FFFFFF	#D3D3D3	102
3472	#FFFFFF	#D3D3D3	102
3473	#FFFFFF	#D3D3D3	102
3474	#FFFFFF	#D3D3D3	102
3475	#FFFFFF	#D3D3D3	102
3476	#FFFFFF	#D3D3D3	102
3477	#FFFFFF	#D3D3D3	102
3478	#FFFFFF	#D3D3D3	30
3479	#FFFFFF	#D3D3D3	102
3480	#FFFFFF	#D3D3D3	102
3481	#FFFFFF	#D3D3D3	102
3482	#FFFFFF	#D3D3D3	102
3483	#FFFFFF	#D3D3D3	102
3484	#FFFFFF	#D3D3D3	102
3485	#FFFFFF	#D3D3D3	102
3486	#FFFFFF	#D3D3D3	102
3487	#FFFFFF	#D3D3D3	108
3488	#FFFFFF	#D3D3D3	108
3489	#FFFFFF	#D3D3D3	30
3490	#FFFFFF	#D3D3D3	108
3491	#FFFFFF	#D3D3D3	108
3492	#FFFFFF	#D3D3D3	102
3493	#FFFFFF	#D3D3D3	102
3494	#FFFFFF	#D3D3D3	108
3495	#FFFFFF	#D3D3D3	6
3496	#FFFFFF	#D3D3D3	28
3497	#FFFFFF	#D3D3D3	28
3498	#FFFFFF	#D3D3D3	95
3499	#FFFFFF	#D3D3D3	6
3500	#FFFFFF	#D3D3D3	30
3501	#FFFFFF	#D3D3D3	30
3502	#FFFFFF	#D3D3D3	30
3503	#FFFFFF	#D3D3D3	30
3504	#FFFFFF	#D3D3D3	30
3506	#FEF3F6	#C5C5C5	46
3507	#FFFFFF	#D3D3D3	62
3508	#FFFFFF	#D3D3D3	4
3509	#FFFFFF	#D3D3D3	4
3510	#FFFFFF	#D3D3D3	4
3511	#FFFFFF	#D3D3D3	4
3512	#FFFFFF	#D3D3D3	4
3513	#FFFFFF	#D3D3D3	102
3514	#FFFFFF	#D3D3D3	102
3515	#FFFFFF	#D3D3D3	102
3516	#FFFFFF	#D3D3D3	4
3517	#FFFFFF	#D3D3D3	4
3518	#FFFFFF	#D3D3D3	30
3519	#FFFFFF	#D3D3D3	102
3520	#FFFFFF	#D3D3D3	102
3521	#FFFFFF	#D3D3D3	102
3522	#FFFFFF	#D3D3D3	102
3523	#FFFFFF	#D3D3D3	102
3524	#FFFFFF	#D3D3D3	102
3525	#FFFFFF	#D3D3D3	102
3526	#FFFFFF	#D3D3D3	102
3527	#FFFFFF	#D3D3D3	102
3528	#FFFFFF	#D3D3D3	102
3529	#FFFFFF	#D3D3D3	30
3530	#FFFFFF	#D3D3D3	102
3531	#FFFFFF	#D3D3D3	102
3532	#FFFFFF	#D3D3D3	102
3533	#FFFFFF	#D3D3D3	102
3534	#FFFFFF	#D3D3D3	102
3535	#FFFFFF	#D3D3D3	102
3536	#FFFFFF	#D3D3D3	102
3537	#FFFFFF	#D3D3D3	102
3538	#FFFFFF	#D3D3D3	108
3539	#FFFFFF	#D3D3D3	108
3540	#FFFFFF	#D3D3D3	30
3541	#FFFFFF	#D3D3D3	108
3542	#FFFFFF	#D3D3D3	108
3543	#FFFFFF	#D3D3D3	102
3544	#FFFFFF	#D3D3D3	102
3545	#FFFFFF	#D3D3D3	6
3546	#FFFFFF	#D3D3D3	28
3547	#FFFFFF	#D3D3D3	28
3548	#FFFFFF	#D3D3D3	28
3549	#FFFFFF	#D3D3D3	6
3550	#FFFFFF	#D3D3D3	30
3551	#FFFFFF	#D3D3D3	30
3552	#FFFFFF	#D3D3D3	30
3553	#FFFFFF	#D3D3D3	30
3554	#FFFFFF	#D3D3D3	30
3555	#FEF3F6	#C5C5C5	46
3556	#FFFFFF	#D3D3D3	62
3557	#FFFFFF	#D3D3D3	4
3558	#FFFFFF	#D3D3D3	4
3559	#FFFFFF	#D3D3D3	4
3560	#FFFFFF	#D3D3D3	4
3561	#FFFFFF	#D3D3D3	4
3562	#FFFFFF	#D3D3D3	4
3563	#FFFFFF	#D3D3D3	102
3564	#FFFFFF	#D3D3D3	102
3565	#FFFFFF	#D3D3D3	102
3566	#FFFFFF	#D3D3D3	4
3567	#FFFFFF	#D3D3D3	62
3568	#FFFFFF	#D3D3D3	4
3569	#FFFFFF	#D3D3D3	4
3570	#FFFFFF	#D3D3D3	102
3571	#FFFFFF	#D3D3D3	102
3572	#FFFFFF	#D3D3D3	102
3573	#FFFFFF	#D3D3D3	102
3574	#FFFFFF	#D3D3D3	102
3575	#FFFFFF	#D3D3D3	102
3576	#FFFFFF	#D3D3D3	102
3577	#FFFFFF	#D3D3D3	102
3578	#FFFFFF	#D3D3D3	30
3579	#FFFFFF	#D3D3D3	102
3580	#FFFFFF	#D3D3D3	102
3581	#FFFFFF	#D3D3D3	102
3582	#FFFFFF	#D3D3D3	102
3583	#FFFFFF	#D3D3D3	102
3584	#FFFFFF	#D3D3D3	102
3585	#FFFFFF	#D3D3D3	102
3586	#FFFFFF	#D3D3D3	102
3587	#FFFFFF	#D3D3D3	108
3588	#FFFFFF	#D3D3D3	108
3589	#FFFFFF	#D3D3D3	30
3590	#FFFFFF	#D3D3D3	108
3591	#FFFFFF	#D3D3D3	108
3592	#FFFFFF	#D3D3D3	102
3593	#FFFFFF	#D3D3D3	102
3594	#FFFFFF	#D3D3D3	6
3595	#FFFFFF	#D3D3D3	28
3596	#FFFFFF	#D3D3D3	28
3597	#FFFFFF	#D3D3D3	28
3598	#FFFFFF	#D3D3D3	6
3600	#FFFFFF	#D3D3D3	30
3601	#FFFFFF	#D3D3D3	30
3602	#FFFFFF	#D3D3D3	30
3603	#FFFFFF	#D3D3D3	30
3604	#FFFFFF	#D3D3D3	4
3606	#FEF3F6	#C5C5C5	46
3607	#FFFFFF	#D3D3D3	62
3608	#FFFFFF	#D3D3D3	4
3609	#FFFFFF	#D3D3D3	4
3610	#FFFFFF	#D3D3D3	4
3611	#FFFFFF	#D3D3D3	4
3612	#FFFFFF	#D3D3D3	4
3613	#FFFFFF	#D3D3D3	4
3614	#FFFFFF	#D3D3D3	102
3615	#FFFFFF	#D3D3D3	102
3616	#FFFFFF	#D3D3D3	102
3617	#FFFFFF	#D3D3D3	4
3618	#FFFFFF	#D3D3D3	62
3619	#FFFFFF	#D3D3D3	4
3620	#FFFFFF	#D3D3D3	4
3621	#FFFFFF	#D3D3D3	102
3622	#FFFFFF	#D3D3D3	102
3623	#FFFFFF	#D3D3D3	102
3624	#FFFFFF	#D3D3D3	102
3625	#FFFFFF	#D3D3D3	102
3626	#FFFFFF	#D3D3D3	102
3627	#FFFFFF	#D3D3D3	102
3628	#FFFFFF	#D3D3D3	102
3629	#FFFFFF	#D3D3D3	30
3630	#FFFFFF	#D3D3D3	102
3631	#FFFFFF	#D3D3D3	102
3632	#FFFFFF	#D3D3D3	102
3633	#FFFFFF	#D3D3D3	102
3634	#FFFFFF	#D3D3D3	102
3635	#FFFFFF	#D3D3D3	102
3636	#FFFFFF	#D3D3D3	102
3637	#FFFFFF	#D3D3D3	102
3638	#FFFFFF	#D3D3D3	108
3639	#FFFFFF	#D3D3D3	108
3640	#FFFFFF	#D3D3D3	30
3641	#FFFFFF	#D3D3D3	108
3642	#FFFFFF	#D3D3D3	102
3643	#FFFFFF	#D3D3D3	102
3644	#FFFFFF	#D3D3D3	6
3645	#FFFFFF	#D3D3D3	28
3646	#FFFFFF	#D3D3D3	28
3647	#FFFFFF	#D3D3D3	28
3648	#FFFFFF	#D3D3D3	6
3650	#FFFFFF	#D3D3D3	30
3651	#FFFFFF	#D3D3D3	30
3652	#FFFFFF	#D3D3D3	30
3653	#FFFFFF	#D3D3D3	4
3654	#FFFFFF	#D3D3D3	4
3655	#FEF3F6	#C5C5C5	46
3656	#FFFFFF	#D3D3D3	62
3657	#FFFFFF	#D3D3D3	4
3658	#FFFFFF	#D3D3D3	4
3659	#FFFFFF	#D3D3D3	4
3660	#FFFFFF	#D3D3D3	4
3661	#FFFFFF	#D3D3D3	4
3662	#FFFFFF	#D3D3D3	4
3663	#FFFFFF	#D3D3D3	4
3664	#FFFFFF	#D3D3D3	102
3665	#FFFFFF	#D3D3D3	102
3666	#FFFFFF	#D3D3D3	4
3667	#FFFFFF	#D3D3D3	62
3668	#FFFFFF	#D3D3D3	4
3669	#FFFFFF	#D3D3D3	4
3670	#FFFFFF	#D3D3D3	4
3671	#FFFFFF	#D3D3D3	102
3672	#FFFFFF	#D3D3D3	102
3673	#FFFFFF	#D3D3D3	102
3674	#FFFFFF	#D3D3D3	102
3675	#FFFFFF	#D3D3D3	102
3676	#FFFFFF	#D3D3D3	102
3677	#FFFFFF	#D3D3D3	102
3678	#FFFFFF	#D3D3D3	62
3679	#FFFFFF	#D3D3D3	102
3680	#FFFFFF	#D3D3D3	102
3681	#FFFFFF	#D3D3D3	102
3682	#FFFFFF	#D3D3D3	102
3683	#FFFFFF	#D3D3D3	102
3684	#FFFFFF	#D3D3D3	102
3685	#FFFFFF	#D3D3D3	102
3686	#FFFFFF	#D3D3D3	102
3687	#FFFFFF	#D3D3D3	102
3688	#FFFFFF	#D3D3D3	102
3689	#FFFFFF	#D3D3D3	30
3690	#FFFFFF	#D3D3D3	102
3691	#FFFFFF	#D3D3D3	102
3692	#FFFFFF	#D3D3D3	102
3693	#FFFFFF	#D3D3D3	6
3694	#FFFFFF	#D3D3D3	28
3695	#FFFFFF	#D3D3D3	28
3696	#FFFFFF	#D3D3D3	28
3697	#FFFFFF	#D3D3D3	6
3700	#FFFFFF	#D3D3D3	30
3701	#FFFFFF	#D3D3D3	30
3702	#FFFFFF	#D3D3D3	30
3703	#FFFFFF	#D3D3D3	30
3704	#FFFFFF	#D3D3D3	4
3706	#FEF3F6	#C5C5C5	46
3707	#FFFFFF	#D3D3D3	62
3708	#FFFFFF	#D3D3D3	4
3709	#FFFFFF	#D3D3D3	4
3710	#FFFFFF	#D3D3D3	4
3711	#FFFFFF	#D3D3D3	4
3712	#FFFFFF	#D3D3D3	4
3713	#FFFFFF	#D3D3D3	4
3714	#FFFFFF	#D3D3D3	4
3715	#FFFFFF	#D3D3D3	4
3716	#FFFFFF	#D3D3D3	4
3717	#FFFFFF	#D3D3D3	4
3718	#FFFFFF	#D3D3D3	62
3719	#FFFFFF	#D3D3D3	4
3720	#FFFFFF	#D3D3D3	4
3721	#FFFFFF	#D3D3D3	4
3722	#FFFFFF	#D3D3D3	102
3723	#FFFFFF	#D3D3D3	102
3724	#FFFFFF	#D3D3D3	102
3725	#FFFFFF	#D3D3D3	102
3726	#FFFFFF	#D3D3D3	102
3727	#FFFFFF	#D3D3D3	102
3728	#FFFFFF	#D3D3D3	102
3729	#FFFFFF	#D3D3D3	62
3730	#FFFFFF	#D3D3D3	102
3731	#FFFFFF	#D3D3D3	102
3732	#FFFFFF	#D3D3D3	102
3733	#FFFFFF	#D3D3D3	103
3734	#FFFFFF	#D3D3D3	102
3735	#FFFFFF	#D3D3D3	102
3736	#FFFFFF	#D3D3D3	102
3737	#FFFFFF	#D3D3D3	102
3738	#FFFFFF	#D3D3D3	102
3739	#FFFFFF	#D3D3D3	102
3740	#FFFFFF	#D3D3D3	30
3741	#FFFFFF	#D3D3D3	102
3742	#FFFFFF	#D3D3D3	102
3743	#FFFFFF	#D3D3D3	6
3744	#FFFFFF	#D3D3D3	28
3745	#FFFFFF	#D3D3D3	28
3746	#FFFFFF	#D3D3D3	28
3747	#FFFFFF	#D3D3D3	6
3750	#FFFFFF	#D3D3D3	30
3751	#FFFFFF	#D3D3D3	30
3752	#FFFFFF	#D3D3D3	30
3753	#FFFFFF	#D3D3D3	4
3754	#FFFFFF	#D3D3D3	4
3755	#FEF3F6	#C5C5C5	46
3756	#FFFFFF	#D3D3D3	62
3757	#FFFFFF	#D3D3D3	4
3758	#FFFFFF	#D3D3D3	4
3759	#FFFFFF	#D3D3D3	4
3760	#FFFFFF	#D3D3D3	4
3761	#FFFFFF	#D3D3D3	4
3762	#FFFFFF	#D3D3D3	4
3763	#FFFFFF	#D3D3D3	4
3764	#FFFFFF	#D3D3D3	4
3765	#FFFFFF	#D3D3D3	4
3766	#FFFFFF	#D3D3D3	4
3767	#FFFFFF	#D3D3D3	62
3768	#FFFFFF	#D3D3D3	4
3769	#FFFFFF	#D3D3D3	4
3770	#FFFFFF	#D3D3D3	4
3771	#FFFFFF	#D3D3D3	102
3772	#FFFFFF	#D3D3D3	102
3773	#FFFFFF	#D3D3D3	102
3774	#FFFFFF	#D3D3D3	102
3775	#FFFFFF	#D3D3D3	102
3776	#FFFFFF	#D3D3D3	102
3777	#FFFFFF	#D3D3D3	102
3778	#FFFFFF	#D3D3D3	62
3779	#FFFFFF	#D3D3D3	102
3780	#FFFFFF	#D3D3D3	102
3781	#FFFFFF	#D3D3D3	102
3782	#FFFFFF	#D3D3D3	103
3783	#FFFFFF	#D3D3D3	102
3784	#FFFFFF	#D3D3D3	102
3785	#FFFFFF	#D3D3D3	102
3786	#FFFFFF	#D3D3D3	102
3787	#FFFFFF	#D3D3D3	102
3788	#FFFFFF	#D3D3D3	102
3789	#FFFFFF	#D3D3D3	62
3790	#FFFFFF	#D3D3D3	102
3791	#FFFFFF	#D3D3D3	102
3792	#FFFFFF	#D3D3D3	6
3793	#FFFFFF	#D3D3D3	28
3794	#FFFFFF	#D3D3D3	28
3795	#FFFFFF	#D3D3D3	28
3796	#FFFFFF	#D3D3D3	6
3800	#FFFFFF	#D3D3D3	30
3801	#FFFFFF	#D3D3D3	30
3802	#FFFFFF	#D3D3D3	30
3803	#FFFFFF	#D3D3D3	4
3804	#FFFFFF	#D3D3D3	4
3806	#FEF3F6	#C5C5C5	46
3807	#FFFFFF	#D3D3D3	62
3808	#FFFFFF	#D3D3D3	4
3809	#FFFFFF	#D3D3D3	4
3810	#FFFFFF	#D3D3D3	4
3811	#FFFFFF	#D3D3D3	4
3812	#FFFFFF	#D3D3D3	4
3813	#FFFFFF	#D3D3D3	4
3814	#FFFFFF	#D3D3D3	4
3815	#FFFFFF	#D3D3D3	4
3816	#FFFFFF	#D3D3D3	4
3817	#FFFFFF	#D3D3D3	4
3818	#FFFFFF	#D3D3D3	62
3819	#FFFFFF	#D3D3D3	4
3820	#FFFFFF	#D3D3D3	4
3821	#FFFFFF	#D3D3D3	102
3822	#FFFFFF	#D3D3D3	4
3823	#FFFFFF	#D3D3D3	102
3824	#FFFFFF	#D3D3D3	102
3825	#FFFFFF	#D3D3D3	102
3826	#FFFFFF	#D3D3D3	102
3827	#FFFFFF	#D3D3D3	102
3828	#FFFFFF	#D3D3D3	102
3829	#FFFFFF	#D3D3D3	62
3830	#FFFFFF	#D3D3D3	102
3831	#FFFFFF	#D3D3D3	102
3832	#FFFFFF	#D3D3D3	103
3833	#FFFFFF	#D3D3D3	103
3834	#FFFFFF	#D3D3D3	102
3835	#FFFFFF	#D3D3D3	102
3836	#FFFFFF	#D3D3D3	102
3837	#FFFFFF	#D3D3D3	102
3838	#FFFFFF	#D3D3D3	102
3839	#FFFFFF	#D3D3D3	102
3840	#FFFFFF	#D3D3D3	62
3841	#FFFFFF	#D3D3D3	103
3842	#FFFFFF	#D3D3D3	6
3843	#FFFFFF	#D3D3D3	28
3844	#FFFFFF	#D3D3D3	28
3845	#FFFFFF	#D3D3D3	28
3846	#FFFFFF	#D3D3D3	95
3850	#FFFFFF	#D3D3D3	30
3851	#FFFFFF	#D3D3D3	30
3852	#FFFFFF	#D3D3D3	4
3853	#FFFFFF	#D3D3D3	4
3854	#FFFFFF	#D3D3D3	4
3855	#FEF3F6	#C5C5C5	46
3856	#FFFFFF	#D3D3D3	62
3857	#FFFFFF	#D3D3D3	4
3858	#FFFFFF	#D3D3D3	4
3859	#FFFFFF	#D3D3D3	4
3860	#FFFFFF	#D3D3D3	4
3861	#FFFFFF	#D3D3D3	4
3862	#FFFFFF	#D3D3D3	4
3863	#FFFFFF	#D3D3D3	4
3864	#FFFFFF	#D3D3D3	4
3865	#FFFFFF	#D3D3D3	4
3866	#FFFFFF	#D3D3D3	4
3867	#FFFFFF	#D3D3D3	62
3868	#FFFFFF	#D3D3D3	4
3869	#FFFFFF	#D3D3D3	4
3870	#FFFFFF	#D3D3D3	4
3871	#FFFFFF	#D3D3D3	4
3872	#FFFFFF	#D3D3D3	4
3873	#FFFFFF	#D3D3D3	102
3874	#FFFFFF	#D3D3D3	102
3875	#FFFFFF	#D3D3D3	102
3876	#FFFFFF	#D3D3D3	102
3877	#FFFFFF	#D3D3D3	102
3878	#FFFFFF	#D3D3D3	62
3879	#FFFFFF	#D3D3D3	102
3880	#FFFFFF	#D3D3D3	102
3881	#FFFFFF	#D3D3D3	103
3882	#FFFFFF	#D3D3D3	103
3883	#FFFFFF	#D3D3D3	103
3884	#FFFFFF	#D3D3D3	103
3885	#FFFFFF	#D3D3D3	102
3886	#FFFFFF	#D3D3D3	102
3887	#FFFFFF	#D3D3D3	102
3888	#FFFFFF	#D3D3D3	102
3889	#FFFFFF	#D3D3D3	62
3890	#FFFFFF	#D3D3D3	103
3891	#FFFFFF	#D3D3D3	6
3892	#FFFFFF	#D3D3D3	28
3893	#FFFFFF	#D3D3D3	28
3894	#FFFFFF	#D3D3D3	28
3895	#FFFFFF	#D3D3D3	95
3900	#FFFFFF	#D3D3D3	62
3901	#FFFFFF	#D3D3D3	30
3902	#FFFFFF	#D3D3D3	30
3903	#FFFFFF	#D3D3D3	4
3904	#FFFFFF	#D3D3D3	4
3906	#FEF3F6	#C5C5C5	46
3907	#FFFFFF	#D3D3D3	62
3908	#FFFFFF	#D3D3D3	4
3909	#FFFFFF	#D3D3D3	4
3910	#FFFFFF	#D3D3D3	4
3911	#FFFFFF	#D3D3D3	4
3912	#FFFFFF	#D3D3D3	4
3913	#FFFFFF	#D3D3D3	4
3914	#FFFFFF	#D3D3D3	4
3915	#FFFFFF	#D3D3D3	4
3916	#FFFFFF	#D3D3D3	4
3917	#FFFFFF	#D3D3D3	4
3918	#FFFFFF	#D3D3D3	62
3919	#FFFFFF	#D3D3D3	4
3920	#FFFFFF	#D3D3D3	4
3921	#FFFFFF	#D3D3D3	4
3922	#FFFFFF	#D3D3D3	4
3923	#FFFFFF	#D3D3D3	4
3924	#FFFFFF	#D3D3D3	102
3925	#FFFFFF	#D3D3D3	102
3926	#FFFFFF	#D3D3D3	102
3927	#FFFFFF	#D3D3D3	102
3928	#FFFFFF	#D3D3D3	102
3929	#FFFFFF	#D3D3D3	62
3930	#FFFFFF	#D3D3D3	103
3931	#FFFFFF	#D3D3D3	103
3932	#FFFFFF	#D3D3D3	103
3933	#FFFFFF	#D3D3D3	103
3934	#FFFFFF	#D3D3D3	103
3935	#FFFFFF	#D3D3D3	103
3936	#FFFFFF	#D3D3D3	102
3937	#FFFFFF	#D3D3D3	102
3938	#FFFFFF	#D3D3D3	102
3939	#FFFFFF	#D3D3D3	103
3940	#FFFFFF	#D3D3D3	62
3941	#FFFFFF	#D3D3D3	6
3942	#FFFFFF	#D3D3D3	28
3943	#FFFFFF	#D3D3D3	28
3944	#FFFFFF	#D3D3D3	28
3945	#FFFFFF	#D3D3D3	95
3950	#FFFFFF	#D3D3D3	30
3951	#FFFFFF	#D3D3D3	30
3952	#FFFFFF	#D3D3D3	4
3953	#FFFFFF	#D3D3D3	4
3954	#FFFFFF	#D3D3D3	4
4005	#CD1076	#000000	32
4006	#CD1076	#000000	32
4007	#FFFFFF	#D3D3D3	20
4008	#FFFFFF	#D3D3D3	107
4009	#FFFFFF	#D3D3D3	107
4010	#FFFFFF	#D3D3D3	107
4011	#FFFFFF	#D3D3D3	107
4012	#FFFFFF	#D3D3D3	107
4013	#FFFFFF	#D3D3D3	107
4014	#FFFFFF	#D3D3D3	107
4015	#FFFFFF	#D3D3D3	107
4016	#FFFFFF	#D3D3D3	107
4017	#CD1076	#000000	51
4018	#FFFFFF	#D3D3D3	107
4019	#FFFFFF	#D3D3D3	65
4020	#FFFFFF	#D3D3D3	65
4021	#FFFFFF	#D3D3D3	106
4022	#FFFFFF	#D3D3D3	106
4023	#FFFFFF	#D3D3D3	106
4024	#FFFFFF	#D3D3D3	106
4025	#FFFFFF	#D3D3D3	65
4026	#FFFFFF	#D3D3D3	5
4027	#FFFFFF	#D3D3D3	5
4028	#CD1076	#000000	51
4029	#FFFFFF	#D3D3D3	5
4030	#FFFFFF	#D3D3D3	5
4031	#FFFFFF	#D3D3D3	5
4032	#FFFFFF	#D3D3D3	5
4033	#FFFFFF	#D3D3D3	65
4034	#FFFFFF	#D3D3D3	65
4035	#FFFFFF	#D3D3D3	65
4036	#FFFFFF	#D3D3D3	92
4037	#FFFFFF	#D3D3D3	92
4038	#FFFFFF	#D3D3D3	92
4039	#D33680	#151515	64
4040	#FFFFFF	#D3D3D3	65
4041	#FFFFFF	#D3D3D3	65
4042	#FFFFFF	#D3D3D3	65
4043	#FFFFFF	#D3D3D3	65
4044	#FFFFFF	#D3D3D3	65
4045	#FFFFFF	#D3D3D3	65
4046	#FFFFFF	#D3D3D3	55
4047	#FFFFFF	#D3D3D3	55
4048	#FFFFFF	#D3D3D3	55
4049	#FFFFFF	#D3D3D3	31
4050	#D33680	#151515	64
4051	#D33680	#151515	64
4052	#D33680	#151515	64
4053	#D33680	#151515	64
4054	#FFFFFF	#D3D3D3	20
4056	#CD1076	#000000	32
4057	#CD1076	#000000	51
4058	#FFFFFF	#D3D3D3	107
4059	#FFFFFF	#D3D3D3	107
4060	#FFFFFF	#D3D3D3	20
4061	#FFFFFF	#D3D3D3	20
4062	#FFFFFF	#D3D3D3	107
4063	#FFFFFF	#D3D3D3	107
4064	#FFFFFF	#D3D3D3	107
4065	#FFFFFF	#D3D3D3	107
4066	#FFFFFF	#D3D3D3	107
4067	#FFFFFF	#D3D3D3	107
4068	#CD1076	#000000	51
4069	#FFFFFF	#D3D3D3	65
4070	#FFFFFF	#D3D3D3	65
4071	#FFFFFF	#D3D3D3	106
4072	#FFFFFF	#D3D3D3	106
4073	#FFFFFF	#D3D3D3	106
4074	#FFFFFF	#D3D3D3	5
4075	#FFFFFF	#D3D3D3	106
4076	#FFFFFF	#D3D3D3	65
4077	#FFFFFF	#D3D3D3	5
4078	#FFFFFF	#D3D3D3	5
4079	#D33680	#151515	64
4080	#FFFFFF	#D3D3D3	5
4081	#FFFFFF	#D3D3D3	5
4082	#FFFFFF	#D3D3D3	5
4083	#FFFFFF	#D3D3D3	5
4084	#FFFFFF	#D3D3D3	65
4085	#FFFFFF	#D3D3D3	65
4086	#FFFFFF	#D3D3D3	65
4087	#FFFFFF	#D3D3D3	92
4088	#FFFFFF	#D3D3D3	92
4089	#FFFFFF	#D3D3D3	92
4090	#D33680	#151515	64
4091	#FFFFFF	#D3D3D3	65
4092	#FFFFFF	#D3D3D3	65
4093	#FFFFFF	#D3D3D3	65
4094	#FFFFFF	#D3D3D3	65
4095	#FFFFFF	#D3D3D3	65
4096	#FFFFFF	#D3D3D3	65
4097	#FFFFFF	#D3D3D3	55
4098	#FFFFFF	#D3D3D3	55
4099	#FFFFFF	#D3D3D3	55
4100	#D33680	#151515	64
4101	#D33680	#151515	64
4102	#D33680	#151515	64
4103	#FFFFFF	#D3D3D3	20
4104	#FFFFFF	#D3D3D3	20
4105	#CD1076	#000000	32
4106	#CD1076	#000000	51
4107	#FFFFFF	#D3D3D3	20
4108	#FFFFFF	#D3D3D3	20
4109	#FFFFFF	#D3D3D3	107
4110	#FFFFFF	#D3D3D3	20
4111	#FFFFFF	#D3D3D3	20
4112	#FFFFFF	#D3D3D3	107
4113	#FFFFFF	#D3D3D3	107
4114	#FFFFFF	#D3D3D3	107
4115	#FFFFFF	#D3D3D3	107
4116	#FFFFFF	#D3D3D3	107
4117	#CD1076	#000000	51
4118	#FFFFFF	#D3D3D3	107
4119	#FFFFFF	#D3D3D3	65
4120	#FFFFFF	#D3D3D3	106
4121	#FFFFFF	#D3D3D3	106
4122	#FFFFFF	#D3D3D3	106
4123	#FFFFFF	#D3D3D3	106
4124	#FFFFFF	#D3D3D3	5
4125	#FFFFFF	#D3D3D3	106
4126	#FFFFFF	#D3D3D3	5
4127	#FFFFFF	#D3D3D3	5
4128	#D33680	#151515	64
4129	#FFFFFF	#D3D3D3	5
4130	#FFFFFF	#D3D3D3	5
4131	#FFFFFF	#D3D3D3	5
4132	#FFFFFF	#D3D3D3	5
4133	#FFFFFF	#D3D3D3	5
4134	#FFFFFF	#D3D3D3	65
4135	#FFFFFF	#D3D3D3	65
4136	#FFFFFF	#D3D3D3	65
4137	#FFFFFF	#D3D3D3	65
4138	#FFFFFF	#D3D3D3	92
4139	#D33680	#151515	64
4140	#FFFFFF	#D3D3D3	92
4141	#FFFFFF	#D3D3D3	65
4142	#FFFFFF	#D3D3D3	65
4143	#FFFFFF	#D3D3D3	65
4144	#FFFFFF	#D3D3D3	65
4145	#FFFFFF	#D3D3D3	65
4146	#FFFFFF	#D3D3D3	65
4147	#FFFFFF	#D3D3D3	55
4148	#FFFFFF	#D3D3D3	55
4149	#FFFFFF	#D3D3D3	55
4150	#D33680	#151515	64
4151	#D33680	#151515	64
4152	#D33680	#151515	64
4153	#FFFFFF	#D3D3D3	20
4154	#FFFFFF	#D3D3D3	20
4156	#CD1076	#000000	32
4157	#CD1076	#000000	51
4158	#FFFFFF	#D3D3D3	20
4159	#FFFFFF	#D3D3D3	107
4160	#FFFFFF	#D3D3D3	20
4161	#FFFFFF	#D3D3D3	20
4162	#FFFFFF	#D3D3D3	20
4163	#FFFFFF	#D3D3D3	107
4164	#FFFFFF	#D3D3D3	20
4165	#FFFFFF	#D3D3D3	107
4166	#FFFFFF	#D3D3D3	107
4167	#FFFFFF	#D3D3D3	107
4168	#CD1076	#000000	51
4169	#FFFFFF	#D3D3D3	106
4170	#FFFFFF	#D3D3D3	106
4171	#FFFFFF	#D3D3D3	106
4172	#FFFFFF	#D3D3D3	106
4173	#FFFFFF	#D3D3D3	106
4174	#FFFFFF	#D3D3D3	106
4175	#FFFFFF	#D3D3D3	5
4176	#FFFFFF	#D3D3D3	5
4177	#FFFFFF	#D3D3D3	5
4178	#FFFFFF	#D3D3D3	5
4179	#CD1076	#000000	51
4180	#FFFFFF	#D3D3D3	5
4181	#FFFFFF	#D3D3D3	5
4182	#FFFFFF	#D3D3D3	5
4183	#FFFFFF	#D3D3D3	5
4184	#FFFFFF	#D3D3D3	5
4185	#FFFFFF	#D3D3D3	5
4186	#FFFFFF	#D3D3D3	65
4187	#FFFFFF	#D3D3D3	65
4188	#FFFFFF	#D3D3D3	92
4189	#FFFFFF	#D3D3D3	92
4190	#D33680	#151515	64
4191	#FFFFFF	#D3D3D3	92
4192	#FFFFFF	#D3D3D3	65
4193	#FFFFFF	#D3D3D3	65
4194	#FFFFFF	#D3D3D3	65
4195	#FFFFFF	#D3D3D3	65
4196	#FFFFFF	#D3D3D3	65
4197	#FFFFFF	#D3D3D3	55
4198	#FFFFFF	#D3D3D3	55
4199	#FFFFFF	#D3D3D3	55
4200	#D33680	#151515	64
4201	#D33680	#151515	64
4202	#FFFFFF	#D3D3D3	20
4203	#FFFFFF	#D3D3D3	20
4204	#FFFFFF	#D3D3D3	20
4205	#CD1076	#000000	32
4206	#CD1076	#000000	32
4207	#FFFFFF	#D3D3D3	20
4208	#FFFFFF	#D3D3D3	20
4209	#FFFFFF	#D3D3D3	20
4210	#FFFFFF	#D3D3D3	20
4211	#FFFFFF	#D3D3D3	20
4212	#FFFFFF	#D3D3D3	20
4213	#FFFFFF	#D3D3D3	20
4214	#FFFFFF	#D3D3D3	20
4215	#FFFFFF	#D3D3D3	20
4216	#FFFFFF	#D3D3D3	107
4217	#CD1076	#000000	51
4218	#FFFFFF	#D3D3D3	106
4219	#FFFFFF	#D3D3D3	106
4220	#FFFFFF	#D3D3D3	106
4221	#FFFFFF	#D3D3D3	106
4222	#FFFFFF	#D3D3D3	106
4223	#FFFFFF	#D3D3D3	106
4224	#FFFFFF	#D3D3D3	106
4225	#FFFFFF	#D3D3D3	5
4226	#FFFFFF	#D3D3D3	5
4227	#FFFFFF	#D3D3D3	5
4228	#CD1076	#000000	51
4229	#FFFFFF	#D3D3D3	5
4230	#FFFFFF	#D3D3D3	5
4231	#FFFFFF	#D3D3D3	5
4232	#FFFFFF	#D3D3D3	5
4233	#FFFFFF	#D3D3D3	5
4234	#FFFFFF	#D3D3D3	5
4235	#FFFFFF	#D3D3D3	65
4236	#FFFFFF	#D3D3D3	65
4237	#FFFFFF	#D3D3D3	65
4238	#FFFFFF	#D3D3D3	65
4239	#CD1076	#000000	51
4240	#FFFFFF	#D3D3D3	65
4241	#FFFFFF	#D3D3D3	65
4242	#FFFFFF	#D3D3D3	65
4243	#FFFFFF	#D3D3D3	65
4244	#FFFFFF	#D3D3D3	65
4245	#FFFFFF	#D3D3D3	65
4246	#FFFFFF	#D3D3D3	65
4247	#FFFFFF	#D3D3D3	55
4248	#FFFFFF	#D3D3D3	55
4249	#FFFFFF	#D3D3D3	55
4250	#D33680	#151515	64
4251	#D33680	#151515	64
4252	#FFFFFF	#D3D3D3	20
4253	#FFFFFF	#D3D3D3	20
4254	#FFFFFF	#D3D3D3	20
4256	#CD1076	#000000	32
4257	#CD1076	#000000	51
4258	#FFFFFF	#D3D3D3	20
4259	#FFFFFF	#D3D3D3	20
4260	#FFFFFF	#D3D3D3	20
4261	#FFFFFF	#D3D3D3	20
4262	#FFFFFF	#D3D3D3	20
4263	#FFFFFF	#D3D3D3	20
4264	#FFFFFF	#D3D3D3	20
4265	#FFFFFF	#D3D3D3	20
4266	#FFFFFF	#D3D3D3	20
4267	#FFFFFF	#D3D3D3	107
4268	#CD1076	#000000	51
4269	#FFFFFF	#D3D3D3	107
4270	#FFFFFF	#D3D3D3	106
4271	#FFFFFF	#D3D3D3	106
4272	#FFFFFF	#D3D3D3	106
4273	#FFFFFF	#D3D3D3	106
4274	#FFFFFF	#D3D3D3	106
4275	#FFFFFF	#D3D3D3	106
4276	#FFFFFF	#D3D3D3	106
4277	#FFFFFF	#D3D3D3	106
4278	#FFFFFF	#D3D3D3	5
4279	#CD1076	#000000	51
4280	#FFFFFF	#D3D3D3	5
4281	#FFFFFF	#D3D3D3	5
4282	#FFFFFF	#D3D3D3	5
4283	#FFFFFF	#D3D3D3	5
4284	#FFFFFF	#D3D3D3	5
4285	#FFFFFF	#D3D3D3	5
4286	#FFFFFF	#D3D3D3	65
4287	#FFFFFF	#D3D3D3	65
4288	#FFFFFF	#D3D3D3	65
4289	#FFFFFF	#D3D3D3	65
4290	#CD1076	#000000	51
4291	#FFFFFF	#D3D3D3	65
4292	#FFFFFF	#D3D3D3	65
4293	#FFFFFF	#D3D3D3	65
4294	#FFFFFF	#D3D3D3	65
4295	#FFFFFF	#D3D3D3	65
4296	#FFFFFF	#D3D3D3	65
4297	#FFFFFF	#D3D3D3	65
4298	#FFFFFF	#D3D3D3	55
4299	#FFFFFF	#D3D3D3	55
4300	#D33680	#151515	64
4301	#FFFFFF	#D3D3D3	20
4302	#FFFFFF	#D3D3D3	20
4303	#FFFFFF	#D3D3D3	20
4304	#FFFFFF	#D3D3D3	20
4305	#CD1076	#000000	32
4306	#CD1076	#000000	32
4307	#FFFFFF	#D3D3D3	20
4308	#FFFFFF	#D3D3D3	20
4309	#FFFFFF	#D3D3D3	20
4310	#FFFFFF	#D3D3D3	20
4311	#FFFFFF	#D3D3D3	20
4312	#FFFFFF	#D3D3D3	20
4313	#FFFFFF	#D3D3D3	20
4314	#FFFFFF	#D3D3D3	20
4315	#FFFFFF	#D3D3D3	20
4316	#FFFFFF	#D3D3D3	107
4317	#CD1076	#000000	51
4318	#FFFFFF	#D3D3D3	107
4319	#FFFFFF	#D3D3D3	106
4320	#FFFFFF	#D3D3D3	106
4321	#FFFFFF	#D3D3D3	106
4322	#FFFFFF	#D3D3D3	106
4323	#FFFFFF	#D3D3D3	106
4324	#FFFFFF	#D3D3D3	106
4325	#FFFFFF	#D3D3D3	106
4326	#FFFFFF	#D3D3D3	106
4327	#FFFFFF	#D3D3D3	106
4328	#CD1076	#000000	51
4329	#FFFFFF	#D3D3D3	5
4330	#FFFFFF	#D3D3D3	5
4331	#FFFFFF	#D3D3D3	5
4332	#FFFFFF	#D3D3D3	5
4333	#FFFFFF	#D3D3D3	5
4334	#FFFFFF	#D3D3D3	5
4335	#FFFFFF	#D3D3D3	5
4336	#FFFFFF	#D3D3D3	65
4337	#FFFFFF	#D3D3D3	65
4338	#FFFFFF	#D3D3D3	65
4339	#CD1076	#000000	51
4340	#FFFFFF	#D3D3D3	65
4341	#FFFFFF	#D3D3D3	5
4342	#FFFFFF	#D3D3D3	5
4343	#FFFFFF	#D3D3D3	5
4344	#FFFFFF	#D3D3D3	65
4345	#FFFFFF	#D3D3D3	65
4346	#FFFFFF	#D3D3D3	65
4347	#FFFFFF	#D3D3D3	65
4348	#FFFFFF	#D3D3D3	55
4349	#FFFFFF	#D3D3D3	55
4350	#CD1076	#000000	51
4351	#FFFFFF	#D3D3D3	20
4352	#FFFFFF	#D3D3D3	20
4353	#FFFFFF	#D3D3D3	20
4354	#FFFFFF	#D3D3D3	20
4356	#CD1076	#000000	32
4357	#CD1076	#000000	51
4358	#FFFFFF	#D3D3D3	20
4359	#FFFFFF	#D3D3D3	20
4360	#FFFFFF	#D3D3D3	20
4361	#FFFFFF	#D3D3D3	20
4362	#FFFFFF	#D3D3D3	20
4363	#FFFFFF	#D3D3D3	20
4364	#FFFFFF	#D3D3D3	20
4365	#FFFFFF	#D3D3D3	20
4366	#FFFFFF	#D3D3D3	107
4367	#FFFFFF	#D3D3D3	107
4368	#CD1076	#000000	51
4369	#FFFFFF	#D3D3D3	107
4370	#FFFFFF	#D3D3D3	106
4371	#FFFFFF	#D3D3D3	106
4372	#FFFFFF	#D3D3D3	106
4373	#FFFFFF	#D3D3D3	106
4374	#FFFFFF	#D3D3D3	106
4375	#FFFFFF	#D3D3D3	106
4376	#FFFFFF	#D3D3D3	106
4377	#FFFFFF	#D3D3D3	106
4378	#FFFFFF	#D3D3D3	106
4379	#CD1076	#000000	51
4380	#FFFFFF	#D3D3D3	5
4381	#FFFFFF	#D3D3D3	5
4382	#FFFFFF	#D3D3D3	5
4383	#FFFFFF	#D3D3D3	5
4384	#FFFFFF	#D3D3D3	5
4385	#FFFFFF	#D3D3D3	5
4386	#FFFFFF	#D3D3D3	5
4387	#FFFFFF	#D3D3D3	65
4388	#FFFFFF	#D3D3D3	65
4389	#FFFFFF	#D3D3D3	65
4390	#CD1076	#000000	51
4391	#FFFFFF	#D3D3D3	65
4392	#FFFFFF	#D3D3D3	5
4393	#FFFFFF	#D3D3D3	5
4394	#FFFFFF	#D3D3D3	5
4395	#FFFFFF	#D3D3D3	65
4396	#FFFFFF	#D3D3D3	65
4397	#FFFFFF	#D3D3D3	65
4398	#FFFFFF	#D3D3D3	55
4399	#FFFFFF	#D3D3D3	55
4400	#FFFFFF	#D3D3D3	20
4401	#FFFFFF	#D3D3D3	21
4402	#FFFFFF	#D3D3D3	20
4403	#FFFFFF	#D3D3D3	20
4404	#FFFFFF	#D3D3D3	20
4405	#CD1076	#000000	32
4406	#CD1076	#000000	51
4407	#FFFFFF	#D3D3D3	20
4408	#FFFFFF	#D3D3D3	20
4409	#FFFFFF	#D3D3D3	20
4410	#FFFFFF	#D3D3D3	20
4411	#FFFFFF	#D3D3D3	20
4412	#FFFFFF	#D3D3D3	20
4413	#FFFFFF	#D3D3D3	20
4414	#FFFFFF	#D3D3D3	20
4415	#FFFFFF	#D3D3D3	107
4416	#FFFFFF	#D3D3D3	107
4417	#CD1076	#000000	51
4418	#FFFFFF	#D3D3D3	107
4419	#FFFFFF	#D3D3D3	106
4420	#FFFFFF	#D3D3D3	106
4421	#FFFFFF	#D3D3D3	106
4422	#FFFFFF	#D3D3D3	106
4423	#FFFFFF	#D3D3D3	106
4424	#FFFFFF	#D3D3D3	106
4425	#FFFFFF	#D3D3D3	106
4426	#FFFFFF	#D3D3D3	106
4427	#FFFFFF	#D3D3D3	106
4428	#CD1076	#000000	51
4429	#FFFFFF	#D3D3D3	106
4430	#FFFFFF	#D3D3D3	5
4431	#FFFFFF	#D3D3D3	5
4432	#FFFFFF	#D3D3D3	5
4433	#FFFFFF	#D3D3D3	5
4434	#FFFFFF	#D3D3D3	5
4435	#FFFFFF	#D3D3D3	5
4436	#FFFFFF	#D3D3D3	5
4437	#FFFFFF	#D3D3D3	65
4438	#FFFFFF	#D3D3D3	65
4439	#CD1076	#000000	51
4440	#FFFFFF	#D3D3D3	65
4441	#FFFFFF	#D3D3D3	65
4442	#FFFFFF	#D3D3D3	5
4443	#FFFFFF	#D3D3D3	5
4444	#FFFFFF	#D3D3D3	5
4445	#FFFFFF	#D3D3D3	65
4446	#FFFFFF	#D3D3D3	65
4447	#FFFFFF	#D3D3D3	65
4448	#FFFFFF	#D3D3D3	65
4449	#FFFFFF	#D3D3D3	55
4450	#FFFFFF	#D3D3D3	21
4451	#FFFFFF	#D3D3D3	21
4452	#FFFFFF	#D3D3D3	20
4453	#FFFFFF	#D3D3D3	20
4454	#FFFFFF	#D3D3D3	20
4456	#CD1076	#000000	32
4457	#CD1076	#000000	51
4458	#FFFFFF	#D3D3D3	20
4459	#FFFFFF	#D3D3D3	20
4460	#FFFFFF	#D3D3D3	20
4461	#FFFFFF	#D3D3D3	20
4462	#FFFFFF	#D3D3D3	20
4463	#FFFFFF	#D3D3D3	20
4464	#FFFFFF	#D3D3D3	20
4465	#FFFFFF	#D3D3D3	107
4466	#FFFFFF	#D3D3D3	107
4467	#FFFFFF	#D3D3D3	107
4468	#CD1076	#000000	51
4469	#FFFFFF	#D3D3D3	107
4470	#FFFFFF	#D3D3D3	107
4471	#FFFFFF	#D3D3D3	106
4472	#FFFFFF	#D3D3D3	106
4473	#FFFFFF	#D3D3D3	106
4474	#FFFFFF	#D3D3D3	106
4475	#FFFFFF	#D3D3D3	106
4476	#FFFFFF	#D3D3D3	106
4477	#FFFFFF	#D3D3D3	106
4478	#FFFFFF	#D3D3D3	106
4479	#CD1076	#000000	51
4480	#FFFFFF	#D3D3D3	106
4481	#FFFFFF	#D3D3D3	5
4482	#FFFFFF	#D3D3D3	5
4483	#FFFFFF	#D3D3D3	5
4484	#FFFFFF	#D3D3D3	5
4485	#FFFFFF	#D3D3D3	5
4486	#FFFFFF	#D3D3D3	5
4487	#FFFFFF	#D3D3D3	5
4488	#FFFFFF	#D3D3D3	65
4489	#FFFFFF	#D3D3D3	65
4490	#FFFFFF	#D3D3D3	21
4491	#FFFFFF	#D3D3D3	5
4492	#FFFFFF	#D3D3D3	5
4493	#FFFFFF	#D3D3D3	5
4494	#FFFFFF	#D3D3D3	5
4495	#FFFFFF	#D3D3D3	65
4496	#FFFFFF	#D3D3D3	65
4497	#FFFFFF	#D3D3D3	65
4498	#FFFFFF	#D3D3D3	65
4499	#FFFFFF	#D3D3D3	65
4500	#FFFFFF	#D3D3D3	21
4501	#FFFFFF	#D3D3D3	21
4502	#FFFFFF	#D3D3D3	20
4503	#FFFFFF	#D3D3D3	20
4504	#FFFFFF	#D3D3D3	20
4505	#CD1076	#000000	32
4506	#CD1076	#000000	32
4507	#F0A0BC	#6A6A6A	58
4508	#F0A0BC	#6A6A6A	58
4509	#F0A0BC	#6A6A6A	58
4510	#FBDBE5	#AAAAAA	12
4511	#FFFFFF	#D3D3D3	65
4512	#FFFFFF	#D3D3D3	65
4513	#FFFFFF	#D3D3D3	65
4514	#FFFFFF	#D3D3D3	65
4515	#FFFFFF	#D3D3D3	65
4516	#FFFFFF	#D3D3D3	65
4517	#CD1076	#000000	51
4518	#FFFFFF	#D3D3D3	65
4519	#FFFFFF	#D3D3D3	65
4520	#FFFFFF	#D3D3D3	65
4521	#FFFFFF	#D3D3D3	65
4522	#FFFFFF	#D3D3D3	65
4523	#FFFFFF	#D3D3D3	65
4524	#FFFFFF	#D3D3D3	65
4525	#FFFFFF	#D3D3D3	65
4526	#FFFFFF	#D3D3D3	65
4527	#FFFFFF	#D3D3D3	65
4528	#CD1076	#000000	51
4529	#FFFFFF	#D3D3D3	65
4530	#FFFFFF	#D3D3D3	65
4531	#FFFFFF	#D3D3D3	65
4532	#FFFFFF	#D3D3D3	65
4533	#FFFFFF	#D3D3D3	65
4534	#FFFFFF	#D3D3D3	31
4535	#FFFFFF	#D3D3D3	31
4536	#FFFFFF	#D3D3D3	31
4537	#FFFFFF	#D3D3D3	65
4538	#FFFFFF	#D3D3D3	55
4539	#CD1076	#000000	51
4540	#FFFFFF	#D3D3D3	55
4541	#FFFFFF	#D3D3D3	55
4542	#FFFFFF	#D3D3D3	55
4543	#FFFFFF	#D3D3D3	55
4544	#FFFFFF	#D3D3D3	31
4545	#FFFFFF	#D3D3D3	31
4546	#FFFFFF	#D3D3D3	31
4547	#FFFFFF	#D3D3D3	31
4548	#FFFFFF	#D3D3D3	31
4549	#FFFFFF	#D3D3D3	31
4550	#D33680	#151515	64
4551	#D33680	#151515	64
4552	#D33680	#151515	64
4553	#D33680	#151515	64
4554	#D33680	#151515	64
4556	#CD1076	#000000	32
4557	#CD1076	#000000	51
4558	#F0A0BC	#6A6A6A	58
4559	#F0A0BC	#6A6A6A	58
4560	#F0A0BC	#6A6A6A	58
4561	#FBDBE5	#AAAAAA	12
4562	#FFFFFF	#D3D3D3	65
4563	#FFFFFF	#D3D3D3	65
4564	#FFFFFF	#D3D3D3	65
4565	#FFFFFF	#D3D3D3	65
4566	#FFFFFF	#D3D3D3	65
4567	#FFFFFF	#D3D3D3	65
4568	#CD1076	#000000	51
4569	#FFFFFF	#D3D3D3	65
4570	#FFFFFF	#D3D3D3	65
4571	#FFFFFF	#D3D3D3	65
4572	#FFFFFF	#D3D3D3	65
4573	#FFFFFF	#D3D3D3	65
4574	#FFFFFF	#D3D3D3	65
4575	#FFFFFF	#D3D3D3	65
4576	#FFFFFF	#D3D3D3	65
4577	#FFFFFF	#D3D3D3	65
4578	#FFFFFF	#D3D3D3	65
4579	#CD1076	#000000	51
4580	#FFFFFF	#D3D3D3	65
4581	#FFFFFF	#D3D3D3	65
4582	#FFFFFF	#D3D3D3	65
4583	#FFFFFF	#D3D3D3	65
4584	#FFFFFF	#D3D3D3	31
4585	#FFFFFF	#D3D3D3	31
4586	#FFFFFF	#D3D3D3	31
4587	#FFFFFF	#D3D3D3	65
4588	#FFFFFF	#D3D3D3	65
4589	#FFFFFF	#D3D3D3	55
4590	#D33680	#151515	64
4591	#FFFFFF	#D3D3D3	55
4592	#FFFFFF	#D3D3D3	55
4593	#FFFFFF	#D3D3D3	55
4594	#FFFFFF	#D3D3D3	31
4595	#FFFFFF	#D3D3D3	31
4596	#FFFFFF	#D3D3D3	31
4597	#FFFFFF	#D3D3D3	31
4598	#FFFFFF	#D3D3D3	31
4599	#FFFFFF	#D3D3D3	31
4600	#D33680	#151515	64
4601	#D33680	#151515	64
4602	#D33680	#151515	64
4603	#D33680	#151515	64
4604	#D33680	#151515	64
4605	#CD1076	#000000	32
4606	#CD1076	#000000	51
4607	#F0A0BC	#6A6A6A	58
4608	#F0A0BC	#6A6A6A	58
4609	#FBDBE5	#AAAAAA	12
4610	#FBDBE5	#AAAAAA	12
4611	#FBDBE5	#AAAAAA	12
4612	#FFFFFF	#D3D3D3	65
4613	#FFFFFF	#D3D3D3	65
4614	#FFFFFF	#D3D3D3	65
4615	#FFFFFF	#D3D3D3	65
4616	#FFFFFF	#D3D3D3	65
4617	#CD1076	#000000	51
4618	#FFFFFF	#D3D3D3	65
4619	#FFFFFF	#D3D3D3	65
4620	#FFFFFF	#D3D3D3	65
4621	#FFFFFF	#D3D3D3	65
4622	#FFFFFF	#D3D3D3	65
4623	#FFFFFF	#D3D3D3	31
4624	#FFFFFF	#D3D3D3	31
4625	#FFFFFF	#D3D3D3	65
4626	#FFFFFF	#D3D3D3	65
4627	#FFFFFF	#D3D3D3	65
4628	#CD1076	#000000	51
4629	#FFFFFF	#D3D3D3	65
4630	#FFFFFF	#D3D3D3	65
4631	#FFFFFF	#D3D3D3	65
4632	#FFFFFF	#D3D3D3	65
4633	#FFFFFF	#D3D3D3	31
4634	#FFFFFF	#D3D3D3	31
4635	#FFFFFF	#D3D3D3	31
4636	#FFFFFF	#D3D3D3	65
4637	#FFFFFF	#D3D3D3	65
4638	#FFFFFF	#D3D3D3	55
4639	#CD1076	#000000	51
4640	#FFFFFF	#D3D3D3	55
4641	#FFFFFF	#D3D3D3	55
4642	#FFFFFF	#D3D3D3	55
4643	#FFFFFF	#D3D3D3	31
4644	#FFFFFF	#D3D3D3	31
4645	#FFFFFF	#D3D3D3	31
4646	#FFFFFF	#D3D3D3	31
4647	#FFFFFF	#D3D3D3	31
4648	#FFFFFF	#D3D3D3	31
4649	#FFFFFF	#D3D3D3	31
4650	#D33680	#151515	64
4651	#D33680	#151515	64
4652	#D33680	#151515	64
4653	#D33680	#151515	64
4654	#D33680	#151515	64
4656	#CD1076	#000000	32
4657	#CD1076	#000000	51
4658	#F0A0BC	#6A6A6A	58
4659	#F0A0BC	#6A6A6A	58
4660	#FBDBE5	#AAAAAA	12
4661	#F0A0BC	#6A6A6A	58
4662	#FBDBE5	#AAAAAA	12
4663	#FFFFFF	#D3D3D3	65
4664	#FFFFFF	#D3D3D3	65
4665	#FFFFFF	#D3D3D3	65
4666	#FFFFFF	#D3D3D3	65
4667	#FFFFFF	#D3D3D3	65
4668	#CD1076	#000000	51
4669	#FFFFFF	#D3D3D3	65
4670	#FFFFFF	#D3D3D3	65
4671	#FFFFFF	#D3D3D3	65
4672	#FFFFFF	#D3D3D3	31
4673	#FFFFFF	#D3D3D3	31
4674	#FFFFFF	#D3D3D3	31
4675	#FFFFFF	#D3D3D3	31
4676	#FFFFFF	#D3D3D3	31
4677	#FFFFFF	#D3D3D3	65
4678	#FFFFFF	#D3D3D3	65
4679	#CD1076	#000000	51
4680	#FFFFFF	#D3D3D3	65
4681	#FFFFFF	#D3D3D3	65
4682	#FFFFFF	#D3D3D3	65
4683	#FFFFFF	#D3D3D3	65
4684	#FFFFFF	#D3D3D3	31
4685	#FFFFFF	#D3D3D3	31
4686	#FFFFFF	#D3D3D3	31
4687	#FFFFFF	#D3D3D3	65
4688	#FFFFFF	#D3D3D3	55
4689	#FFFFFF	#D3D3D3	55
4690	#CD1076	#000000	51
4691	#FFFFFF	#D3D3D3	55
4692	#FFFFFF	#D3D3D3	55
4693	#FFFFFF	#D3D3D3	31
4694	#FFFFFF	#D3D3D3	31
4695	#FFFFFF	#D3D3D3	31
4696	#FFFFFF	#D3D3D3	31
4697	#FFFFFF	#D3D3D3	31
4698	#FFFFFF	#D3D3D3	31
4699	#FFFFFF	#D3D3D3	31
4700	#D33680	#151515	64
4701	#D33680	#151515	64
4702	#F0A0BC	#6A6A6A	58
4703	#D33680	#151515	64
4704	#F0A0BC	#6A6A6A	58
4705	#CD1076	#000000	32
4706	#CD1076	#000000	51
4707	#F0A0BC	#6A6A6A	58
4708	#F0A0BC	#6A6A6A	58
4709	#F0A0BC	#6A6A6A	58
4710	#F0A0BC	#6A6A6A	58
4711	#FBDBE5	#AAAAAA	12
4712	#FBDBE5	#AAAAAA	12
4713	#FFFFFF	#D3D3D3	65
4714	#FFFFFF	#D3D3D3	65
4715	#FFFFFF	#D3D3D3	65
4716	#FFFFFF	#D3D3D3	65
4717	#CD1076	#000000	51
4718	#FFFFFF	#D3D3D3	65
4719	#FFFFFF	#D3D3D3	65
4720	#FFFFFF	#D3D3D3	65
4721	#FFFFFF	#D3D3D3	31
4722	#FFFFFF	#D3D3D3	31
4723	#FFFFFF	#D3D3D3	31
4724	#FFFFFF	#D3D3D3	31
4725	#FFFFFF	#D3D3D3	31
4726	#FFFFFF	#D3D3D3	31
4727	#FFFFFF	#D3D3D3	65
4728	#CD1076	#000000	51
4729	#FFFFFF	#D3D3D3	65
4730	#FFFFFF	#D3D3D3	65
4731	#FFFFFF	#D3D3D3	65
4732	#FFFFFF	#D3D3D3	31
4733	#FFFFFF	#D3D3D3	31
4734	#FFFFFF	#D3D3D3	31
4735	#FFFFFF	#D3D3D3	65
4736	#FFFFFF	#D3D3D3	65
4737	#FFFFFF	#D3D3D3	55
4738	#FFFFFF	#D3D3D3	55
4739	#CD1076	#000000	51
4740	#FFFFFF	#D3D3D3	55
4741	#FFFFFF	#D3D3D3	55
4742	#FFFFFF	#D3D3D3	31
4743	#FFFFFF	#D3D3D3	31
4744	#FFFFFF	#D3D3D3	31
4745	#FFFFFF	#D3D3D3	31
4746	#FFFFFF	#D3D3D3	31
4747	#FFFFFF	#D3D3D3	31
4748	#FFFFFF	#D3D3D3	31
4749	#FFFFFF	#D3D3D3	31
4750	#CD1076	#000000	51
4751	#D33680	#151515	64
4752	#F0A0BC	#6A6A6A	58
4753	#F0A0BC	#6A6A6A	58
4754	#F0A0BC	#6A6A6A	58
4756	#CD1076	#000000	32
4757	#CD1076	#000000	51
4758	#F0A0BC	#6A6A6A	58
4759	#F0A0BC	#6A6A6A	58
4760	#F0A0BC	#6A6A6A	58
4761	#FBDBE5	#AAAAAA	12
4762	#FBDBE5	#AAAAAA	12
4763	#FBDBE5	#AAAAAA	12
4764	#FFFFFF	#D3D3D3	65
4765	#FFFFFF	#D3D3D3	65
4766	#FFFFFF	#D3D3D3	65
4767	#FFFFFF	#D3D3D3	65
4768	#CD1076	#000000	51
4769	#FFFFFF	#D3D3D3	65
4770	#FFFFFF	#D3D3D3	65
4771	#FFFFFF	#D3D3D3	31
4772	#FFFFFF	#D3D3D3	65
4773	#FFFFFF	#D3D3D3	65
4774	#FFFFFF	#D3D3D3	31
4775	#FFFFFF	#D3D3D3	31
4776	#FFFFFF	#D3D3D3	31
4777	#FFFFFF	#D3D3D3	31
4778	#FFFFFF	#D3D3D3	65
4779	#CD1076	#000000	51
4780	#FFFFFF	#D3D3D3	65
4781	#FFFFFF	#D3D3D3	65
4782	#FFFFFF	#D3D3D3	31
4783	#FFFFFF	#D3D3D3	31
4784	#FFFFFF	#D3D3D3	31
4785	#FFFFFF	#D3D3D3	65
4786	#FFFFFF	#D3D3D3	65
4787	#FFFFFF	#D3D3D3	55
4788	#FFFFFF	#D3D3D3	55
4789	#FFFFFF	#D3D3D3	55
4790	#CD1076	#000000	51
4791	#FFFFFF	#D3D3D3	55
4792	#FFFFFF	#D3D3D3	31
4793	#FFFFFF	#D3D3D3	31
4794	#FFFFFF	#D3D3D3	31
4795	#FFFFFF	#D3D3D3	31
4796	#FFFFFF	#D3D3D3	31
4797	#FFFFFF	#D3D3D3	31
4798	#FFFFFF	#D3D3D3	31
4799	#FFFFFF	#D3D3D3	31
4800	#D33680	#151515	64
4801	#F0A0BC	#6A6A6A	58
4802	#F0A0BC	#6A6A6A	58
4803	#F0A0BC	#6A6A6A	58
4804	#F0A0BC	#6A6A6A	58
4805	#CD1076	#000000	32
4806	#CD1076	#000000	32
4807	#F0A0BC	#6A6A6A	58
4808	#F0A0BC	#6A6A6A	58
4809	#F0A0BC	#6A6A6A	58
4810	#FBDBE5	#AAAAAA	12
4811	#FBDBE5	#AAAAAA	12
4812	#FBDBE5	#AAAAAA	12
4813	#FBDBE5	#AAAAAA	12
4814	#FFFFFF	#D3D3D3	65
4815	#FFFFFF	#D3D3D3	65
4816	#FFFFFF	#D3D3D3	65
4817	#CD1076	#000000	51
4818	#FFFFFF	#D3D3D3	65
4819	#FFFFFF	#D3D3D3	65
4820	#FFFFFF	#D3D3D3	65
4821	#FFFFFF	#D3D3D3	65
4822	#FFFFFF	#D3D3D3	65
4823	#FFFFFF	#D3D3D3	65
4824	#FFFFFF	#D3D3D3	31
4825	#FFFFFF	#D3D3D3	31
4826	#FFFFFF	#D3D3D3	31
4827	#FFFFFF	#D3D3D3	31
4828	#CD1076	#000000	51
4829	#FFFFFF	#D3D3D3	65
4830	#FFFFFF	#D3D3D3	65
4831	#FFFFFF	#D3D3D3	31
4832	#FFFFFF	#D3D3D3	31
4833	#FFFFFF	#D3D3D3	31
4834	#FFFFFF	#D3D3D3	65
4835	#FFFFFF	#D3D3D3	65
4836	#FFFFFF	#D3D3D3	65
4837	#FFFFFF	#D3D3D3	55
4838	#FFFFFF	#D3D3D3	55
4839	#CD1076	#000000	51
4840	#FFFFFF	#D3D3D3	55
4841	#FFFFFF	#D3D3D3	31
4842	#FFFFFF	#D3D3D3	31
4843	#FFFFFF	#D3D3D3	31
4844	#FFFFFF	#D3D3D3	31
4845	#FFFFFF	#D3D3D3	31
4846	#FFFFFF	#D3D3D3	31
4847	#FFFFFF	#D3D3D3	60
4848	#FFFFFF	#D3D3D3	31
4849	#FFFFFF	#D3D3D3	60
4850	#D33680	#151515	64
4851	#F0A0BC	#6A6A6A	58
4852	#F0A0BC	#6A6A6A	58
4853	#F0A0BC	#6A6A6A	58
4854	#F0A0BC	#6A6A6A	58
4856	#CD1076	#000000	32
4857	#CD1076	#000000	32
4858	#F0A0BC	#6A6A6A	58
4859	#F0A0BC	#6A6A6A	58
4860	#F0A0BC	#6A6A6A	58
4861	#FBDBE5	#AAAAAA	12
4862	#FBDBE5	#AAAAAA	12
4863	#FBDBE5	#AAAAAA	12
4864	#FBDBE5	#AAAAAA	12
4865	#FFFFFF	#D3D3D3	65
4866	#FFFFFF	#D3D3D3	65
4867	#FFFFFF	#D3D3D3	65
4868	#CD1076	#000000	51
4869	#FFFFFF	#D3D3D3	65
4870	#FFFFFF	#D3D3D3	65
4871	#FFFFFF	#D3D3D3	65
4872	#FFFFFF	#D3D3D3	65
4873	#FFFFFF	#D3D3D3	65
4874	#FFFFFF	#D3D3D3	31
4875	#FFFFFF	#D3D3D3	31
4876	#FFFFFF	#D3D3D3	31
4877	#FFFFFF	#D3D3D3	31
4878	#FFFFFF	#D3D3D3	31
4879	#CD1076	#000000	51
4880	#FFFFFF	#D3D3D3	65
4881	#FFFFFF	#D3D3D3	31
4882	#FFFFFF	#D3D3D3	31
4883	#FFFFFF	#D3D3D3	31
4884	#FFFFFF	#D3D3D3	65
4885	#FFFFFF	#D3D3D3	65
4886	#FFFFFF	#D3D3D3	55
4887	#FFFFFF	#D3D3D3	55
4888	#FFFFFF	#D3D3D3	55
4889	#FFFFFF	#D3D3D3	55
4890	#D33680	#151515	64
4891	#FFFFFF	#D3D3D3	31
4892	#FFFFFF	#D3D3D3	31
4893	#FFFFFF	#D3D3D3	31
4894	#FFFFFF	#D3D3D3	31
4895	#FFFFFF	#D3D3D3	31
4896	#FFFFFF	#D3D3D3	31
4897	#FFFFFF	#D3D3D3	31
4898	#FFFFFF	#D3D3D3	60
4899	#FFFFFF	#D3D3D3	60
4900	#F0A0BC	#6A6A6A	58
4901	#F0A0BC	#6A6A6A	58
4902	#F0A0BC	#6A6A6A	58
4903	#F0A0BC	#6A6A6A	58
4904	#FBDBE5	#AAAAAA	12
4905	#CD1076	#000000	32
4906	#CD1076	#000000	32
4907	#FBDBE5	#AAAAAA	12
4908	#F0A0BC	#6A6A6A	58
4909	#F0A0BC	#6A6A6A	58
4910	#F0A0BC	#6A6A6A	58
4911	#FBDBE5	#AAAAAA	12
4912	#FBDBE5	#AAAAAA	12
4913	#FBDBE5	#AAAAAA	12
4914	#FBDBE5	#AAAAAA	12
4915	#FFFFFF	#D3D3D3	65
4916	#FFFFFF	#D3D3D3	65
4917	#CD1076	#000000	51
4918	#FFFFFF	#D3D3D3	65
4919	#FFFFFF	#D3D3D3	65
4920	#FFFFFF	#D3D3D3	65
4921	#FFFFFF	#D3D3D3	65
4922	#FFFFFF	#D3D3D3	65
4923	#FFFFFF	#D3D3D3	31
4924	#FFFFFF	#D3D3D3	31
4925	#FFFFFF	#D3D3D3	31
4926	#FFFFFF	#D3D3D3	31
4927	#FFFFFF	#D3D3D3	31
4928	#CD1076	#000000	51
4929	#FFFFFF	#D3D3D3	31
4930	#FFFFFF	#D3D3D3	31
4931	#FFFFFF	#D3D3D3	31
4932	#FFFFFF	#D3D3D3	31
4933	#FFFFFF	#D3D3D3	65
4934	#FFFFFF	#D3D3D3	65
4935	#FFFFFF	#D3D3D3	55
4936	#FFFFFF	#D3D3D3	55
4937	#FFFFFF	#D3D3D3	55
4938	#FFFFFF	#D3D3D3	55
4939	#D33680	#151515	64
4940	#FFFFFF	#D3D3D3	31
4941	#FFFFFF	#D3D3D3	31
4942	#FFFFFF	#D3D3D3	31
4943	#FFFFFF	#D3D3D3	31
4944	#FFFFFF	#D3D3D3	31
4945	#FFFFFF	#D3D3D3	31
4946	#FFFFFF	#D3D3D3	31
4947	#FFFFFF	#D3D3D3	31
4948	#FFFFFF	#D3D3D3	60
4949	#FFFFFF	#D3D3D3	60
4950	#F0A0BC	#6A6A6A	58
4951	#F0A0BC	#6A6A6A	58
4952	#F0A0BC	#6A6A6A	58
4953	#F0A0BC	#6A6A6A	58
4954	#FBDBE5	#AAAAAA	12
4956	#CD1076	#000000	32
4957	#CD1076	#000000	51
4958	#F0A0BC	#6A6A6A	58
4959	#F0A0BC	#6A6A6A	58
4960	#F0A0BC	#6A6A6A	58
4961	#F0A0BC	#6A6A6A	58
4962	#FBDBE5	#AAAAAA	12
4963	#FBDBE5	#AAAAAA	12
4964	#FBDBE5	#AAAAAA	12
4965	#FBDBE5	#AAAAAA	12
4966	#FFFFFF	#D3D3D3	65
4967	#FFFFFF	#D3D3D3	65
4968	#CD1076	#000000	51
4969	#FFFFFF	#D3D3D3	65
4970	#FFFFFF	#D3D3D3	65
4971	#FFFFFF	#D3D3D3	65
4972	#FFFFFF	#D3D3D3	65
4973	#FFFFFF	#D3D3D3	65
4974	#FFFFFF	#D3D3D3	31
4975	#FFFFFF	#D3D3D3	31
4976	#FFFFFF	#D3D3D3	31
4977	#FFFFFF	#D3D3D3	31
4978	#FFFFFF	#D3D3D3	31
4979	#D33680	#151515	64
4980	#FFFFFF	#D3D3D3	31
4981	#FFFFFF	#D3D3D3	31
4982	#FFFFFF	#D3D3D3	31
4983	#FFFFFF	#D3D3D3	31
4984	#FFFFFF	#D3D3D3	65
4985	#FFFFFF	#D3D3D3	55
4986	#FFFFFF	#D3D3D3	55
4987	#FFFFFF	#D3D3D3	55
4988	#FFFFFF	#D3D3D3	31
4989	#FFFFFF	#D3D3D3	31
4990	#F0A0BC	#6A6A6A	58
4991	#FFFFFF	#D3D3D3	31
4992	#FFFFFF	#D3D3D3	31
4993	#FFFFFF	#D3D3D3	31
4994	#FFFFFF	#D3D3D3	31
4995	#FFFFFF	#D3D3D3	31
4996	#FFFFFF	#D3D3D3	31
4997	#FFFFFF	#D3D3D3	31
4998	#FFFFFF	#D3D3D3	60
4999	#FFFFFF	#D3D3D3	60
5000	#F0A0BC	#6A6A6A	58
5001	#F0A0BC	#6A6A6A	58
5002	#F0A0BC	#6A6A6A	58
5003	#FBDBE5	#AAAAAA	12
5004	#FBDBE5	#AAAAAA	12
