group	fill	colour	clickSelects
2	#FFFFFF	#D3D3D3	15
3	#FFFFFF	#D3D3D3	99
4	#FFFFFF	#D3D3D3	1
5	#FFFFFF	#D3D3D3	79
6	#FFFFFF	#D3D3D3	26
7	#FFFFFF	#D3D3D3	90
8	#FFFFFF	#D3D3D3	26
9	#FFFFFF	#D3D3D3	11
10	#FFFFFF	#D3D3D3	11
11	#FFFFFF	#D3D3D3	11
12	#FFFFFF	#D3D3D3	11
13	#FFFFFF	#D3D3D3	11
14	#FFFFFF	#D3D3D3	99
15	#FFFFFF	#D3D3D3	11
16	#FFFFFF	#D3D3D3	11
17	#FFFFFF	#D3D3D3	11
18	#FFFFFF	#D3D3D3	11
19	#FFFFFF	#D3D3D3	27
20	#FFFFFF	#D3D3D3	11
21	#FFFFFF	#D3D3D3	27
22	#FFFFFF	#D3D3D3	27
23	#FFFFFF	#D3D3D3	27
24	#FFFFFF	#D3D3D3	27
25	#FFFFFF	#D3D3D3	47
26	#FFFFFF	#D3D3D3	27
36	#FFFFFF	#D3D3D3	47
46	#FFFFFF	#D3D3D3	1
47	#FFFFFF	#D3D3D3	1
48	#FFFFFF	#D3D3D3	1
49	#FFFFFF	#D3D3D3	1
50	#FFFFFF	#D3D3D3	1
51	#FFFFFF	#D3D3D3	15
52	#FFFFFF	#D3D3D3	99
53	#FFFFFF	#D3D3D3	1
54	#FFFFFF	#D3D3D3	79
55	#FFFFFF	#D3D3D3	79
56	#FFFFFF	#D3D3D3	26
57	#FFFFFF	#D3D3D3	90
58	#FFFFFF	#D3D3D3	26
59	#FFFFFF	#D3D3D3	11
60	#FFFFFF	#D3D3D3	11
61	#FFFFFF	#D3D3D3	11
62	#FFFFFF	#D3D3D3	11
63	#FFFFFF	#D3D3D3	99
64	#FFFFFF	#D3D3D3	11
65	#FFFFFF	#D3D3D3	11
66	#FFFFFF	#D3D3D3	11
67	#FFFFFF	#D3D3D3	11
68	#FFFFFF	#D3D3D3	11
69	#FFFFFF	#D3D3D3	27
70	#FFFFFF	#D3D3D3	11
71	#FFFFFF	#D3D3D3	27
72	#FFFFFF	#D3D3D3	27
73	#FFFFFF	#D3D3D3	27
74	#FFFFFF	#D3D3D3	99
75	#FFFFFF	#D3D3D3	27
76	#FFFFFF	#D3D3D3	27
85	#FFFFFF	#D3D3D3	47
96	#FFFFFF	#D3D3D3	47
97	#FFFFFF	#D3D3D3	1
98	#FFFFFF	#D3D3D3	1
99	#FFFFFF	#D3D3D3	1
100	#FFFFFF	#D3D3D3	1
102	#FFFFFF	#D3D3D3	15
103	#FFFFFF	#D3D3D3	99
104	#FFFFFF	#D3D3D3	79
105	#FFFFFF	#D3D3D3	79
106	#FFFFFF	#D3D3D3	79
107	#FFFFFF	#D3D3D3	26
108	#FFFFFF	#D3D3D3	90
109	#FFFFFF	#D3D3D3	26
110	#FFFFFF	#D3D3D3	11
111	#FFFFFF	#D3D3D3	11
112	#FFFFFF	#D3D3D3	11
113	#FFFFFF	#D3D3D3	11
114	#FFFFFF	#D3D3D3	99
115	#FFFFFF	#D3D3D3	11
116	#FFFFFF	#D3D3D3	11
117	#FFFFFF	#D3D3D3	27
118	#FFFFFF	#D3D3D3	11
119	#FFFFFF	#D3D3D3	11
120	#FFFFFF	#D3D3D3	27
121	#FFFFFF	#D3D3D3	11
122	#FFFFFF	#D3D3D3	27
123	#FFFFFF	#D3D3D3	27
124	#FFFFFF	#D3D3D3	27
125	#FFFFFF	#D3D3D3	47
126	#FFFFFF	#D3D3D3	27
127	#FFFFFF	#D3D3D3	27
136	#FFFFFF	#D3D3D3	47
146	#FFFFFF	#D3D3D3	47
147	#FFFFFF	#D3D3D3	1
148	#FFFFFF	#D3D3D3	1
149	#FFFFFF	#D3D3D3	1
150	#FFFFFF	#D3D3D3	1
151	#FFFFFF	#D3D3D3	97
152	#FFFFFF	#D3D3D3	98
153	#FFFFFF	#D3D3D3	1
154	#FFFFFF	#D3D3D3	1
155	#FFFFFF	#D3D3D3	79
156	#FFFFFF	#D3D3D3	1
157	#FFFFFF	#D3D3D3	1
158	#FFFFFF	#D3D3D3	79
159	#FFFFFF	#D3D3D3	79
160	#FFFFFF	#D3D3D3	79
161	#FFFFFF	#D3D3D3	79
162	#FFFFFF	#D3D3D3	79
163	#FFFFFF	#D3D3D3	98
164	#FFFFFF	#D3D3D3	79
165	#FFFFFF	#D3D3D3	44
166	#FFFFFF	#D3D3D3	26
167	#FFFFFF	#D3D3D3	90
168	#FFFFFF	#D3D3D3	26
169	#FFFFFF	#D3D3D3	11
170	#FFFFFF	#D3D3D3	11
171	#FFFFFF	#D3D3D3	11
172	#FFFFFF	#D3D3D3	11
173	#FFFFFF	#D3D3D3	11
174	#FFFFFF	#D3D3D3	112
175	#FFFFFF	#D3D3D3	11
176	#FFFFFF	#D3D3D3	11
177	#FFFFFF	#D3D3D3	67
178	#FFFFFF	#D3D3D3	11
179	#FFFFFF	#D3D3D3	67
180	#FFFFFF	#D3D3D3	11
181	#FFFFFF	#D3D3D3	67
182	#FFFFFF	#D3D3D3	67
183	#FFFFFF	#D3D3D3	67
184	#FFFFFF	#D3D3D3	26
185	#FFFFFF	#D3D3D3	112
186	#FFFFFF	#D3D3D3	26
196	#FFFFFF	#D3D3D3	47
197	#FFFFFF	#D3D3D3	1
198	#FFFFFF	#D3D3D3	1
199	#FFFFFF	#D3D3D3	1
200	#FFFFFF	#D3D3D3	1
202	#FFFFFF	#D3D3D3	97
203	#FFFFFF	#D3D3D3	98
204	#FFFFFF	#D3D3D3	1
205	#FFFFFF	#D3D3D3	79
206	#FFFFFF	#D3D3D3	79
207	#FFFFFF	#D3D3D3	1
208	#FFFFFF	#D3D3D3	79
209	#FFFFFF	#D3D3D3	79
210	#FFFFFF	#D3D3D3	79
211	#FFFFFF	#D3D3D3	79
212	#FFFFFF	#D3D3D3	79
213	#FFFFFF	#D3D3D3	79
214	#FFFFFF	#D3D3D3	112
215	#FFFFFF	#D3D3D3	44
216	#FFFFFF	#D3D3D3	89
217	#FFFFFF	#D3D3D3	26
218	#FFFFFF	#D3D3D3	90
219	#FFFFFF	#D3D3D3	26
220	#FFFFFF	#D3D3D3	11
221	#FFFFFF	#D3D3D3	11
222	#FFFFFF	#D3D3D3	11
223	#FFFFFF	#D3D3D3	11
224	#FFFFFF	#D3D3D3	11
225	#FFFFFF	#D3D3D3	112
226	#FFFFFF	#D3D3D3	67
227	#FFFFFF	#D3D3D3	67
228	#FFFFFF	#D3D3D3	67
229	#FFFFFF	#D3D3D3	67
230	#FFFFFF	#D3D3D3	67
231	#FFFFFF	#D3D3D3	67
232	#FFFFFF	#D3D3D3	67
233	#FFFFFF	#D3D3D3	67
234	#FFFFFF	#D3D3D3	26
235	#FFFFFF	#D3D3D3	26
236	#FFFFFF	#D3D3D3	112
237	#FFFFFF	#D3D3D3	26
246	#FFFFFF	#D3D3D3	1
247	#FFFFFF	#D3D3D3	1
248	#FFFFFF	#D3D3D3	1
249	#FFFFFF	#D3D3D3	1
250	#FFFFFF	#D3D3D3	1
251	#FFFFFF	#D3D3D3	97
252	#FFFFFF	#D3D3D3	98
253	#FFFFFF	#D3D3D3	1
254	#FFFFFF	#D3D3D3	79
255	#FFFFFF	#D3D3D3	79
256	#FFFFFF	#D3D3D3	79
257	#FFFFFF	#D3D3D3	79
258	#FFFFFF	#D3D3D3	79
259	#FFFFFF	#D3D3D3	79
260	#FFFFFF	#D3D3D3	79
261	#FFFFFF	#D3D3D3	79
262	#FFFFFF	#D3D3D3	79
263	#FFFFFF	#D3D3D3	112
264	#FFFFFF	#D3D3D3	44
265	#FFFFFF	#D3D3D3	89
266	#FFFFFF	#D3D3D3	89
267	#FFFFFF	#D3D3D3	26
268	#FFFFFF	#D3D3D3	90
269	#FFFFFF	#D3D3D3	26
270	#FFFFFF	#D3D3D3	11
271	#FFFFFF	#D3D3D3	11
272	#FFFFFF	#D3D3D3	11
273	#FFFFFF	#D3D3D3	67
274	#FFFFFF	#D3D3D3	112
275	#FFFFFF	#D3D3D3	67
276	#FFFFFF	#D3D3D3	67
277	#FFFFFF	#D3D3D3	67
278	#FFFFFF	#D3D3D3	67
279	#FFFFFF	#D3D3D3	67
280	#FFFFFF	#D3D3D3	67
281	#FFFFFF	#D3D3D3	67
282	#FFFFFF	#D3D3D3	67
283	#FFFFFF	#D3D3D3	26
284	#FFFFFF	#D3D3D3	26
285	#FFFFFF	#D3D3D3	112
286	#FFFFFF	#D3D3D3	26
287	#FFFFFF	#D3D3D3	26
296	#FFFFFF	#D3D3D3	111
297	#FFFFFF	#D3D3D3	1
298	#FFFFFF	#D3D3D3	1
299	#FFFFFF	#D3D3D3	1
300	#FFFFFF	#D3D3D3	1
302	#FFFFFF	#D3D3D3	97
303	#FFFFFF	#D3D3D3	98
304	#FFFFFF	#D3D3D3	79
305	#FFFFFF	#D3D3D3	79
306	#FFFFFF	#D3D3D3	79
307	#FFFFFF	#D3D3D3	79
308	#FFFFFF	#D3D3D3	79
309	#FFFFFF	#D3D3D3	79
310	#FFFFFF	#D3D3D3	79
311	#FFFFFF	#D3D3D3	79
312	#FFFFFF	#D3D3D3	79
313	#FFFFFF	#D3D3D3	44
314	#FFFFFF	#D3D3D3	112
315	#FFFFFF	#D3D3D3	89
316	#FFFFFF	#D3D3D3	89
317	#FFFFFF	#D3D3D3	89
318	#FFFFFF	#D3D3D3	26
319	#FFFFFF	#D3D3D3	90
320	#FFFFFF	#D3D3D3	26
321	#FFFFFF	#D3D3D3	11
322	#FFFFFF	#D3D3D3	11
323	#FFFFFF	#D3D3D3	67
324	#FFFFFF	#D3D3D3	67
325	#FFFFFF	#D3D3D3	112
326	#FFFFFF	#D3D3D3	67
327	#FFFFFF	#D3D3D3	67
328	#FFFFFF	#D3D3D3	67
329	#FFFFFF	#D3D3D3	67
330	#FFFFFF	#D3D3D3	67
331	#FFFFFF	#D3D3D3	67
332	#FFFFFF	#D3D3D3	67
333	#FFFFFF	#D3D3D3	67
334	#FFFFFF	#D3D3D3	26
335	#FFFFFF	#D3D3D3	26
336	#FFFFFF	#D3D3D3	112
337	#FFFFFF	#D3D3D3	26
338	#FFFFFF	#D3D3D3	26
346	#FFFFFF	#D3D3D3	111
347	#FFFFFF	#D3D3D3	1
348	#FFFFFF	#D3D3D3	1
349	#FFFFFF	#D3D3D3	1
350	#FFFFFF	#D3D3D3	1
351	#FFFFFF	#D3D3D3	97
352	#FFFFFF	#D3D3D3	98
353	#FFFFFF	#D3D3D3	79
354	#FFFFFF	#D3D3D3	79
355	#FFFFFF	#D3D3D3	79
356	#FFFFFF	#D3D3D3	79
357	#FFFFFF	#D3D3D3	79
358	#FFFFFF	#D3D3D3	79
359	#FFFFFF	#D3D3D3	79
360	#FFFFFF	#D3D3D3	79
361	#FFFFFF	#D3D3D3	79
362	#FFFFFF	#D3D3D3	44
363	#FFFFFF	#D3D3D3	112
364	#FFFFFF	#D3D3D3	89
365	#FFFFFF	#D3D3D3	89
366	#FFFFFF	#D3D3D3	89
367	#FFFFFF	#D3D3D3	89
368	#FFFFFF	#D3D3D3	26
369	#FFFFFF	#D3D3D3	90
370	#FFFFFF	#D3D3D3	26
371	#FFFFFF	#D3D3D3	11
372	#FFFFFF	#D3D3D3	11
373	#FFFFFF	#D3D3D3	67
374	#FFFFFF	#D3D3D3	112
375	#FFFFFF	#D3D3D3	67
376	#FFFFFF	#D3D3D3	67
377	#FFFFFF	#D3D3D3	67
378	#FFFFFF	#D3D3D3	67
379	#FFFFFF	#D3D3D3	67
380	#FFFFFF	#D3D3D3	67
381	#FFFFFF	#D3D3D3	26
382	#FFFFFF	#D3D3D3	67
383	#FFFFFF	#D3D3D3	26
384	#FFFFFF	#D3D3D3	26
385	#FFFFFF	#D3D3D3	112
386	#FFFFFF	#D3D3D3	26
387	#FFFFFF	#D3D3D3	26
388	#FFFFFF	#D3D3D3	26
396	#FFFFFF	#D3D3D3	112
397	#FFFFFF	#D3D3D3	111
398	#FFFFFF	#D3D3D3	1
399	#FFFFFF	#D3D3D3	1
400	#FFFFFF	#D3D3D3	1
402	#FFFFFF	#D3D3D3	97
403	#FFFFFF	#D3D3D3	98
404	#FFFFFF	#D3D3D3	79
405	#FFFFFF	#D3D3D3	79
406	#FFFFFF	#D3D3D3	79
407	#FFFFFF	#D3D3D3	79
408	#FFFFFF	#D3D3D3	79
409	#FFFFFF	#D3D3D3	79
410	#FFFFFF	#D3D3D3	79
411	#FFFFFF	#D3D3D3	79
412	#FFFFFF	#D3D3D3	44
413	#FFFFFF	#D3D3D3	89
414	#FFFFFF	#D3D3D3	112
415	#FFFFFF	#D3D3D3	89
416	#FFFFFF	#D3D3D3	89
417	#FFFFFF	#D3D3D3	89
418	#FFFFFF	#D3D3D3	89
419	#FFFFFF	#D3D3D3	26
420	#FFFFFF	#D3D3D3	90
421	#FFFFFF	#D3D3D3	26
422	#FFFFFF	#D3D3D3	11
423	#FFFFFF	#D3D3D3	11
424	#FFFFFF	#D3D3D3	67
425	#FFFFFF	#D3D3D3	112
426	#FFFFFF	#D3D3D3	67
427	#FFFFFF	#D3D3D3	67
428	#FFFFFF	#D3D3D3	67
429	#FFFFFF	#D3D3D3	67
430	#FFFFFF	#D3D3D3	67
431	#FFFFFF	#D3D3D3	67
432	#FFFFFF	#D3D3D3	26
433	#FFFFFF	#D3D3D3	26
434	#FFFFFF	#D3D3D3	26
435	#FFFFFF	#D3D3D3	26
436	#FFFFFF	#D3D3D3	112
437	#FFFFFF	#D3D3D3	26
438	#FFFFFF	#D3D3D3	26
439	#FFFFFF	#D3D3D3	94
446	#FFFFFF	#D3D3D3	112
447	#FFFFFF	#D3D3D3	111
448	#FFFFFF	#D3D3D3	1
449	#FFFFFF	#D3D3D3	1
450	#FFFFFF	#D3D3D3	79
451	#FFFFFF	#D3D3D3	97
452	#FFFFFF	#D3D3D3	98
453	#FFFFFF	#D3D3D3	79
454	#FFFFFF	#D3D3D3	79
455	#FFFFFF	#D3D3D3	79
456	#FFFFFF	#D3D3D3	79
457	#FFFFFF	#D3D3D3	79
458	#FFFFFF	#D3D3D3	79
459	#FFFFFF	#D3D3D3	79
460	#FFFFFF	#D3D3D3	79
461	#FFFFFF	#D3D3D3	44
462	#FFFFFF	#D3D3D3	89
463	#FFFFFF	#D3D3D3	98
464	#FFFFFF	#D3D3D3	89
465	#FFFFFF	#D3D3D3	89
466	#FFFFFF	#D3D3D3	89
467	#FFFFFF	#D3D3D3	89
468	#FFFFFF	#D3D3D3	89
469	#FFFFFF	#D3D3D3	26
470	#FFFFFF	#D3D3D3	26
471	#FFFFFF	#D3D3D3	26
472	#FFFFFF	#D3D3D3	11
473	#FFFFFF	#D3D3D3	11
474	#FFFFFF	#D3D3D3	112
475	#FFFFFF	#D3D3D3	67
476	#FFFFFF	#D3D3D3	67
477	#FFFFFF	#D3D3D3	67
478	#FFFFFF	#D3D3D3	67
479	#FFFFFF	#D3D3D3	67
480	#FFFFFF	#D3D3D3	67
481	#FFFFFF	#D3D3D3	26
482	#FFFFFF	#D3D3D3	26
483	#FFFFFF	#D3D3D3	26
484	#FFFFFF	#D3D3D3	26
485	#FFFFFF	#D3D3D3	112
486	#FFFFFF	#D3D3D3	26
487	#FFFFFF	#D3D3D3	26
488	#FFFFFF	#D3D3D3	26
489	#FFFFFF	#D3D3D3	94
496	#FFFFFF	#D3D3D3	112
497	#FFFFFF	#D3D3D3	111
498	#FFFFFF	#D3D3D3	111
499	#FFFFFF	#D3D3D3	1
500	#FFFFFF	#D3D3D3	79
502	#FFFFFF	#D3D3D3	97
503	#FFFFFF	#D3D3D3	98
504	#FFFFFF	#D3D3D3	79
505	#FFFFFF	#D3D3D3	79
506	#FFFFFF	#D3D3D3	79
507	#FFFFFF	#D3D3D3	79
508	#FFFFFF	#D3D3D3	79
509	#FFFFFF	#D3D3D3	79
510	#FFFFFF	#D3D3D3	79
511	#FFFFFF	#D3D3D3	44
512	#FFFFFF	#D3D3D3	44
513	#FFFFFF	#D3D3D3	89
514	#FFFFFF	#D3D3D3	112
515	#FFFFFF	#D3D3D3	89
516	#FFFFFF	#D3D3D3	89
517	#FFFFFF	#D3D3D3	89
518	#FFFFFF	#D3D3D3	89
519	#FFFFFF	#D3D3D3	89
520	#FFFFFF	#D3D3D3	26
521	#FFFFFF	#D3D3D3	26
522	#FFFFFF	#D3D3D3	26
523	#FFFFFF	#D3D3D3	11
524	#FFFFFF	#D3D3D3	67
525	#FFFFFF	#D3D3D3	112
526	#FFFFFF	#D3D3D3	67
527	#FFFFFF	#D3D3D3	67
528	#FFFFFF	#D3D3D3	67
529	#FFFFFF	#D3D3D3	67
530	#FFFFFF	#D3D3D3	26
531	#FFFFFF	#D3D3D3	26
532	#FFFFFF	#D3D3D3	26
533	#FFFFFF	#D3D3D3	26
534	#FFFFFF	#D3D3D3	26
535	#FFFFFF	#D3D3D3	26
536	#FFFFFF	#D3D3D3	112
537	#FFFFFF	#D3D3D3	26
538	#FFFFFF	#D3D3D3	26
539	#FFFFFF	#D3D3D3	94
540	#FFFFFF	#D3D3D3	94
546	#FFFFFF	#D3D3D3	111
547	#FFFFFF	#D3D3D3	111
548	#FFFFFF	#D3D3D3	111
549	#FFFFFF	#D3D3D3	1
550	#FFFFFF	#D3D3D3	79
551	#FFFFFF	#D3D3D3	97
552	#FFFFFF	#D3D3D3	97
553	#FFFFFF	#D3D3D3	79
554	#FFFFFF	#D3D3D3	79
555	#FFFFFF	#D3D3D3	79
556	#FFFFFF	#D3D3D3	79
557	#FFFFFF	#D3D3D3	79
558	#FFFFFF	#D3D3D3	79
559	#FFFFFF	#D3D3D3	79
560	#FFFFFF	#D3D3D3	44
561	#FFFFFF	#D3D3D3	44
562	#FFFFFF	#D3D3D3	89
563	#FFFFFF	#D3D3D3	112
564	#FFFFFF	#D3D3D3	89
565	#FFFFFF	#D3D3D3	89
566	#FFFFFF	#D3D3D3	89
567	#FFFFFF	#D3D3D3	89
568	#FFFFFF	#D3D3D3	89
569	#FFFFFF	#D3D3D3	89
570	#FFFFFF	#D3D3D3	26
571	#FFFFFF	#D3D3D3	26
572	#FFFFFF	#D3D3D3	26
573	#FFFFFF	#D3D3D3	67
574	#FFFFFF	#D3D3D3	112
575	#FFFFFF	#D3D3D3	67
576	#FFFFFF	#D3D3D3	67
577	#FFFFFF	#D3D3D3	26
578	#FFFFFF	#D3D3D3	67
579	#FFFFFF	#D3D3D3	67
580	#FFFFFF	#D3D3D3	26
581	#FFFFFF	#D3D3D3	26
582	#FFFFFF	#D3D3D3	26
583	#FFFFFF	#D3D3D3	26
584	#FFFFFF	#D3D3D3	26
585	#FFFFFF	#D3D3D3	112
586	#FFFFFF	#D3D3D3	26
587	#FFFFFF	#D3D3D3	26
588	#FFFFFF	#D3D3D3	26
589	#FFFFFF	#D3D3D3	94
590	#FFFFFF	#D3D3D3	94
596	#FFFFFF	#D3D3D3	111
597	#FFFFFF	#D3D3D3	111
598	#FFFFFF	#D3D3D3	111
599	#FFFFFF	#D3D3D3	1
600	#FFFFFF	#D3D3D3	79
602	#FFFFFF	#D3D3D3	97
603	#FFFFFF	#D3D3D3	112
604	#FFFFFF	#D3D3D3	79
605	#FFFFFF	#D3D3D3	79
606	#FFFFFF	#D3D3D3	79
607	#FFFFFF	#D3D3D3	79
608	#FFFFFF	#D3D3D3	79
609	#FFFFFF	#D3D3D3	79
610	#FFFFFF	#D3D3D3	44
611	#FFFFFF	#D3D3D3	89
612	#FFFFFF	#D3D3D3	89
613	#FFFFFF	#D3D3D3	89
614	#FFFFFF	#D3D3D3	112
615	#FFFFFF	#D3D3D3	89
616	#FFFFFF	#D3D3D3	89
617	#FFFFFF	#D3D3D3	89
618	#FFFFFF	#D3D3D3	89
619	#FFFFFF	#D3D3D3	89
620	#FFFFFF	#D3D3D3	89
621	#FFFFFF	#D3D3D3	26
622	#FFFFFF	#D3D3D3	26
623	#FFFFFF	#D3D3D3	26
624	#FFFFFF	#D3D3D3	67
625	#FFFFFF	#D3D3D3	112
626	#FFFFFF	#D3D3D3	67
627	#FFFFFF	#D3D3D3	26
628	#FFFFFF	#D3D3D3	67
629	#FFFFFF	#D3D3D3	67
630	#FFFFFF	#D3D3D3	26
631	#FFFFFF	#D3D3D3	26
632	#FFFFFF	#D3D3D3	26
633	#FFFFFF	#D3D3D3	26
634	#FFFFFF	#D3D3D3	26
635	#FFFFFF	#D3D3D3	94
636	#FFFFFF	#D3D3D3	111
637	#FFFFFF	#D3D3D3	26
638	#FFFFFF	#D3D3D3	26
639	#FFFFFF	#D3D3D3	94
640	#FFFFFF	#D3D3D3	94
641	#FFFFFF	#D3D3D3	94
646	#FFFFFF	#D3D3D3	111
647	#FFFFFF	#D3D3D3	111
648	#FFFFFF	#D3D3D3	111
649	#FFFFFF	#D3D3D3	1
650	#FFFFFF	#D3D3D3	79
651	#FFFFFF	#D3D3D3	97
652	#FFFFFF	#D3D3D3	112
653	#FFFFFF	#D3D3D3	79
654	#FFFFFF	#D3D3D3	79
655	#FFFFFF	#D3D3D3	79
656	#FFFFFF	#D3D3D3	79
657	#FFFFFF	#D3D3D3	79
658	#FFFFFF	#D3D3D3	79
659	#FFFFFF	#D3D3D3	44
660	#FFFFFF	#D3D3D3	89
661	#FFFFFF	#D3D3D3	89
662	#FFFFFF	#D3D3D3	89
663	#FFFFFF	#D3D3D3	112
664	#FFFFFF	#D3D3D3	89
665	#FFFFFF	#D3D3D3	89
666	#FFFFFF	#D3D3D3	89
667	#FFFFFF	#D3D3D3	89
668	#FFFFFF	#D3D3D3	89
669	#FFFFFF	#D3D3D3	89
670	#FFFFFF	#D3D3D3	65
671	#FFFFFF	#D3D3D3	26
672	#FFFFFF	#D3D3D3	26
673	#FFFFFF	#D3D3D3	26
674	#FFFFFF	#D3D3D3	112
675	#FFFFFF	#D3D3D3	67
676	#FFFFFF	#D3D3D3	26
677	#FFFFFF	#D3D3D3	26
678	#FFFFFF	#D3D3D3	26
679	#FFFFFF	#D3D3D3	26
680	#FFFFFF	#D3D3D3	26
681	#FFFFFF	#D3D3D3	26
682	#FFFFFF	#D3D3D3	26
683	#FFFFFF	#D3D3D3	26
684	#FFFFFF	#D3D3D3	26
685	#FFFFFF	#D3D3D3	112
686	#FFFFFF	#D3D3D3	94
687	#FFFFFF	#D3D3D3	26
688	#FFFFFF	#D3D3D3	94
689	#FFFFFF	#D3D3D3	94
690	#FFFFFF	#D3D3D3	94
691	#FFFFFF	#D3D3D3	94
696	#FFFFFF	#D3D3D3	111
697	#FFFFFF	#D3D3D3	111
698	#FFFFFF	#D3D3D3	111
699	#FFFFFF	#D3D3D3	111
700	#FFFFFF	#D3D3D3	1
702	#D12C7D	#101010	49
703	#FFFFFF	#D3D3D3	112
704	#FFFFFF	#D3D3D3	79
705	#FFFFFF	#D3D3D3	79
706	#FFFFFF	#D3D3D3	79
707	#FFFFFF	#D3D3D3	79
708	#FFFFFF	#D3D3D3	79
709	#FFFFFF	#D3D3D3	44
710	#FFFFFF	#D3D3D3	44
711	#FFFFFF	#D3D3D3	89
712	#FFFFFF	#D3D3D3	89
713	#FFFFFF	#D3D3D3	89
714	#FFFFFF	#D3D3D3	112
715	#FFFFFF	#D3D3D3	89
716	#FFFFFF	#D3D3D3	89
717	#FFFFFF	#D3D3D3	89
718	#FFFFFF	#D3D3D3	89
719	#FFFFFF	#D3D3D3	89
720	#FFFFFF	#D3D3D3	65
721	#FFFFFF	#D3D3D3	65
722	#FFFFFF	#D3D3D3	26
723	#FFFFFF	#D3D3D3	26
724	#FFFFFF	#D3D3D3	26
725	#FFFFFF	#D3D3D3	112
726	#FFFFFF	#D3D3D3	67
727	#FFFFFF	#D3D3D3	26
728	#FFFFFF	#D3D3D3	26
729	#FFFFFF	#D3D3D3	26
730	#FFFFFF	#D3D3D3	26
731	#FFFFFF	#D3D3D3	26
732	#FFFFFF	#D3D3D3	26
733	#FFFFFF	#D3D3D3	26
734	#FFFFFF	#D3D3D3	94
735	#FFFFFF	#D3D3D3	94
736	#FFFFFF	#D3D3D3	112
737	#FFFFFF	#D3D3D3	26
738	#FFFFFF	#D3D3D3	26
739	#FFFFFF	#D3D3D3	94
740	#FFFFFF	#D3D3D3	94
741	#FFFFFF	#D3D3D3	94
742	#FFFFFF	#D3D3D3	26
746	#FFFFFF	#D3D3D3	111
747	#FFFFFF	#D3D3D3	111
748	#FFFFFF	#D3D3D3	111
749	#FFFFFF	#D3D3D3	1
750	#FFFFFF	#D3D3D3	79
751	#DA4F8B	#242424	100
752	#D12C7D	#101010	49
753	#FFFFFF	#D3D3D3	79
754	#FFFFFF	#D3D3D3	79
755	#FFFFFF	#D3D3D3	79
756	#FFFFFF	#D3D3D3	79
757	#FFFFFF	#D3D3D3	79
758	#FFFFFF	#D3D3D3	44
759	#FFFFFF	#D3D3D3	44
760	#FFFFFF	#D3D3D3	44
761	#FFFFFF	#D3D3D3	89
762	#FFFFFF	#D3D3D3	89
763	#FFFFFF	#D3D3D3	112
764	#FFFFFF	#D3D3D3	89
765	#FFFFFF	#D3D3D3	89
766	#FFFFFF	#D3D3D3	89
767	#FFFFFF	#D3D3D3	89
768	#FFFFFF	#D3D3D3	89
769	#FFFFFF	#D3D3D3	65
770	#FFFFFF	#D3D3D3	65
771	#FFFFFF	#D3D3D3	65
772	#FFFFFF	#D3D3D3	26
773	#FFFFFF	#D3D3D3	26
774	#FFFFFF	#D3D3D3	112
775	#FFFFFF	#D3D3D3	26
776	#FFFFFF	#D3D3D3	26
777	#FFFFFF	#D3D3D3	26
778	#FFFFFF	#D3D3D3	63
779	#FFFFFF	#D3D3D3	63
780	#FFFFFF	#D3D3D3	26
781	#FFFFFF	#D3D3D3	26
782	#FFFFFF	#D3D3D3	26
783	#FFFFFF	#D3D3D3	94
784	#FFFFFF	#D3D3D3	94
785	#FFFFFF	#D3D3D3	112
786	#FFFFFF	#D3D3D3	26
787	#FFFFFF	#D3D3D3	94
788	#FFFFFF	#D3D3D3	94
789	#FFFFFF	#D3D3D3	94
790	#FFFFFF	#D3D3D3	94
791	#FFFFFF	#D3D3D3	94
792	#FFFFFF	#D3D3D3	26
796	#FFFFFF	#D3D3D3	112
797	#FFFFFF	#D3D3D3	111
798	#FFFFFF	#D3D3D3	111
799	#FFFFFF	#D3D3D3	1
800	#FFFFFF	#D3D3D3	79
802	#DA4F8B	#242424	100
803	#D12C7D	#101010	49
804	#FFFFFF	#D3D3D3	79
805	#FFFFFF	#D3D3D3	79
806	#FFFFFF	#D3D3D3	79
807	#FFFFFF	#D3D3D3	79
808	#FFFFFF	#D3D3D3	44
809	#FFFFFF	#D3D3D3	44
810	#FFFFFF	#D3D3D3	44
811	#FFFFFF	#D3D3D3	89
812	#FFFFFF	#D3D3D3	89
813	#FFFFFF	#D3D3D3	89
814	#FFFFFF	#D3D3D3	112
815	#FFFFFF	#D3D3D3	89
816	#FFFFFF	#D3D3D3	89
817	#FFFFFF	#D3D3D3	89
818	#FFFFFF	#D3D3D3	89
819	#FFFFFF	#D3D3D3	65
820	#FFFFFF	#D3D3D3	65
821	#FFFFFF	#D3D3D3	65
822	#FFFFFF	#D3D3D3	65
823	#FFFFFF	#D3D3D3	26
824	#FFFFFF	#D3D3D3	26
825	#FFFFFF	#D3D3D3	112
827	#FFFFFF	#D3D3D3	26
828	#FFFFFF	#D3D3D3	63
829	#FFFFFF	#D3D3D3	63
830	#FFFFFF	#D3D3D3	26
831	#FFFFFF	#D3D3D3	26
832	#FFFFFF	#D3D3D3	26
833	#FFFFFF	#D3D3D3	26
834	#FFFFFF	#D3D3D3	94
835	#FFFFFF	#D3D3D3	94
836	#FFFFFF	#D3D3D3	112
837	#FFFFFF	#D3D3D3	94
838	#FFFFFF	#D3D3D3	94
839	#FFFFFF	#D3D3D3	94
840	#FFFFFF	#D3D3D3	94
841	#FFFFFF	#D3D3D3	94
842	#FFFFFF	#D3D3D3	94
843	#FFFFFF	#D3D3D3	26
846	#FFFFFF	#D3D3D3	111
847	#FFFFFF	#D3D3D3	111
848	#FFFFFF	#D3D3D3	1
849	#FFFFFF	#D3D3D3	1
850	#FFFFFF	#D3D3D3	79
851	#DA4F8B	#242424	100
852	#D12C7D	#101010	49
853	#FFFFFF	#D3D3D3	79
854	#FFFFFF	#D3D3D3	79
855	#FFFFFF	#D3D3D3	79
856	#FFFFFF	#D3D3D3	79
857	#FFFFFF	#D3D3D3	44
858	#FFFFFF	#D3D3D3	44
859	#FFFFFF	#D3D3D3	44
860	#FFFFFF	#D3D3D3	44
861	#FFFFFF	#D3D3D3	44
862	#FFFFFF	#D3D3D3	89
863	#D12C7D	#101010	49
864	#FFFFFF	#D3D3D3	89
865	#FFFFFF	#D3D3D3	89
866	#FFFFFF	#D3D3D3	89
867	#FFFFFF	#D3D3D3	89
868	#FFFFFF	#D3D3D3	89
869	#FFFFFF	#D3D3D3	65
870	#FFFFFF	#D3D3D3	65
871	#FFFFFF	#D3D3D3	65
872	#FFFFFF	#D3D3D3	65
873	#FFFFFF	#D3D3D3	26
874	#FFFFFF	#D3D3D3	112
875	#FFFFFF	#D3D3D3	26
876	#FFFFFF	#D3D3D3	63
877	#FFFFFF	#D3D3D3	26
878	#FFFFFF	#D3D3D3	63
880	#FFFFFF	#D3D3D3	26
881	#FFFFFF	#D3D3D3	26
882	#FFFFFF	#D3D3D3	94
883	#FFFFFF	#D3D3D3	26
884	#FFFFFF	#D3D3D3	94
885	#FFFFFF	#D3D3D3	112
886	#FFFFFF	#D3D3D3	94
887	#FFFFFF	#D3D3D3	94
888	#FFFFFF	#D3D3D3	94
889	#FFFFFF	#D3D3D3	94
890	#FFFFFF	#D3D3D3	26
891	#FFFFFF	#D3D3D3	94
892	#FFFFFF	#D3D3D3	26
893	#FFFFFF	#D3D3D3	26
896	#FFFFFF	#D3D3D3	111
897	#FFFFFF	#D3D3D3	1
898	#FFFFFF	#D3D3D3	1
899	#FFFFFF	#D3D3D3	1
900	#FFFFFF	#D3D3D3	1
902	#DA4F8B	#242424	100
903	#D12C7D	#101010	49
904	#FFFFFF	#D3D3D3	79
905	#FFFFFF	#D3D3D3	79
906	#FFFFFF	#D3D3D3	79
907	#FFFFFF	#D3D3D3	79
908	#FFFFFF	#D3D3D3	44
909	#FFFFFF	#D3D3D3	44
910	#FFFFFF	#D3D3D3	44
911	#FFFFFF	#D3D3D3	44
912	#FFFFFF	#D3D3D3	44
913	#FFFFFF	#D3D3D3	89
914	#FFFFFF	#D3D3D3	112
915	#FFFFFF	#D3D3D3	89
916	#FFFFFF	#D3D3D3	89
917	#FFFFFF	#D3D3D3	89
918	#FFFFFF	#D3D3D3	89
919	#FFFFFF	#D3D3D3	89
920	#FFFFFF	#D3D3D3	65
921	#FFFFFF	#D3D3D3	65
922	#FFFFFF	#D3D3D3	65
923	#FFFFFF	#D3D3D3	60
924	#FFFFFF	#D3D3D3	26
925	#FFFFFF	#D3D3D3	112
926	#FFFFFF	#D3D3D3	26
928	#FFFFFF	#D3D3D3	63
929	#FFFFFF	#D3D3D3	26
930	#FFFFFF	#D3D3D3	63
931	#FFFFFF	#D3D3D3	26
932	#FFFFFF	#D3D3D3	94
933	#FFFFFF	#D3D3D3	94
934	#FFFFFF	#D3D3D3	26
935	#FFFFFF	#D3D3D3	94
936	#FFFFFF	#D3D3D3	111
937	#FFFFFF	#D3D3D3	94
938	#FFFFFF	#D3D3D3	94
939	#FFFFFF	#D3D3D3	94
940	#FFFFFF	#D3D3D3	26
941	#FFFFFF	#D3D3D3	26
942	#FFFFFF	#D3D3D3	26
943	#FFFFFF	#D3D3D3	26
944	#FFFFFF	#D3D3D3	26
946	#FFFFFF	#D3D3D3	1
947	#FFFFFF	#D3D3D3	1
948	#FFFFFF	#D3D3D3	1
949	#FFFFFF	#D3D3D3	1
950	#FFFFFF	#D3D3D3	1
951	#DA4F8B	#242424	100
952	#D12C7D	#101010	49
953	#FFFFFF	#D3D3D3	1
954	#FFFFFF	#D3D3D3	1
955	#FFFFFF	#D3D3D3	79
956	#FFFFFF	#D3D3D3	79
957	#FFFFFF	#D3D3D3	79
958	#FFFFFF	#D3D3D3	44
959	#FFFFFF	#D3D3D3	44
960	#FFFFFF	#D3D3D3	44
961	#FFFFFF	#D3D3D3	44
962	#FFFFFF	#D3D3D3	44
963	#FFFFFF	#D3D3D3	112
964	#FFFFFF	#D3D3D3	89
965	#FFFFFF	#D3D3D3	89
966	#FFFFFF	#D3D3D3	89
967	#FFFFFF	#D3D3D3	89
968	#FFFFFF	#D3D3D3	89
969	#FFFFFF	#D3D3D3	65
970	#FFFFFF	#D3D3D3	65
971	#FFFFFF	#D3D3D3	65
972	#FFFFFF	#D3D3D3	65
973	#FFFFFF	#D3D3D3	60
974	#FFFFFF	#D3D3D3	112
975	#FFFFFF	#D3D3D3	63
976	#FFFFFF	#D3D3D3	26
977	#FFFFFF	#D3D3D3	63
978	#FFFFFF	#D3D3D3	26
979	#FFFFFF	#D3D3D3	26
981	#FFFFFF	#D3D3D3	26
982	#FFFFFF	#D3D3D3	94
983	#FFFFFF	#D3D3D3	94
984	#FFFFFF	#D3D3D3	94
985	#FFFFFF	#D3D3D3	111
986	#FFFFFF	#D3D3D3	94
987	#FFFFFF	#D3D3D3	94
988	#FFFFFF	#D3D3D3	26
989	#FFFFFF	#D3D3D3	94
990	#FFFFFF	#D3D3D3	26
991	#FFFFFF	#D3D3D3	26
992	#FFFFFF	#D3D3D3	26
993	#FFFFFF	#D3D3D3	26
994	#FFFFFF	#D3D3D3	26
996	#FFFFFF	#D3D3D3	1
997	#FFFFFF	#D3D3D3	111
998	#FFFFFF	#D3D3D3	1
999	#FFFFFF	#D3D3D3	1
1000	#FFFFFF	#D3D3D3	1
1002	#DA4F8B	#242424	100
1003	#D12C7D	#101010	49
1004	#FFFFFF	#D3D3D3	1
1005	#FFFFFF	#D3D3D3	1
1006	#FFFFFF	#D3D3D3	79
1007	#FFFFFF	#D3D3D3	79
1008	#FFFFFF	#D3D3D3	79
1009	#FFFFFF	#D3D3D3	44
1010	#FFFFFF	#D3D3D3	44
1011	#FFFFFF	#D3D3D3	44
1012	#FFFFFF	#D3D3D3	44
1013	#FFFFFF	#D3D3D3	89
1014	#FFFFFF	#D3D3D3	112
1015	#FFFFFF	#D3D3D3	89
1016	#FFFFFF	#D3D3D3	89
1017	#FFFFFF	#D3D3D3	89
1018	#FFFFFF	#D3D3D3	89
1019	#FFFFFF	#D3D3D3	65
1020	#FFFFFF	#D3D3D3	65
1021	#FFFFFF	#D3D3D3	89
1022	#FFFFFF	#D3D3D3	65
1023	#FFFFFF	#D3D3D3	60
1024	#FFFFFF	#D3D3D3	60
1025	#FFFFFF	#D3D3D3	111
1026	#FFFFFF	#D3D3D3	63
1027	#FFFFFF	#D3D3D3	63
1028	#FFFFFF	#D3D3D3	26
1029	#FFFFFF	#D3D3D3	26
1030	#FFFFFF	#D3D3D3	26
1031	#FFFFFF	#D3D3D3	63
1032	#FFFFFF	#D3D3D3	26
1033	#FFFFFF	#D3D3D3	94
1034	#FFFFFF	#D3D3D3	94
1035	#FFFFFF	#D3D3D3	94
1036	#FFFFFF	#D3D3D3	111
1037	#FFFFFF	#D3D3D3	94
1038	#FFFFFF	#D3D3D3	94
1039	#FFFFFF	#D3D3D3	26
1040	#FFFFFF	#D3D3D3	94
1041	#FFFFFF	#D3D3D3	26
1042	#FFFFFF	#D3D3D3	26
1043	#FFFFFF	#D3D3D3	26
1044	#FFFFFF	#D3D3D3	26
1045	#FFFFFF	#D3D3D3	26
1046	#FFFFFF	#D3D3D3	111
1047	#FFFFFF	#D3D3D3	1
1048	#FFFFFF	#D3D3D3	1
1049	#FFFFFF	#D3D3D3	1
1050	#FFFFFF	#D3D3D3	1
1051	#DA4F8B	#242424	100
1052	#D12C7D	#101010	49
1053	#FFFFFF	#D3D3D3	1
1054	#FFFFFF	#D3D3D3	1
1055	#FFFFFF	#D3D3D3	79
1056	#FFFFFF	#D3D3D3	36
1057	#FFFFFF	#D3D3D3	79
1058	#FFFFFF	#D3D3D3	79
1059	#FFFFFF	#D3D3D3	44
1060	#FFFFFF	#D3D3D3	44
1061	#FFFFFF	#D3D3D3	44
1062	#FFFFFF	#D3D3D3	89
1063	#D12C7D	#101010	49
1064	#FFFFFF	#D3D3D3	89
1065	#FFFFFF	#D3D3D3	89
1066	#FFFFFF	#D3D3D3	89
1067	#FFFFFF	#D3D3D3	89
1068	#FFFFFF	#D3D3D3	89
1069	#FFFFFF	#D3D3D3	89
1070	#FFFFFF	#D3D3D3	89
1071	#FFFFFF	#D3D3D3	65
1072	#FFFFFF	#D3D3D3	60
1073	#FFFFFF	#D3D3D3	60
1074	#FFFFFF	#D3D3D3	112
1075	#FFFFFF	#D3D3D3	63
1076	#FFFFFF	#D3D3D3	63
1077	#FFFFFF	#D3D3D3	26
1078	#FFFFFF	#D3D3D3	63
1079	#FFFFFF	#D3D3D3	26
1080	#FFFFFF	#D3D3D3	26
1081	#FFFFFF	#D3D3D3	26
1082	#FFFFFF	#D3D3D3	26
1083	#FFFFFF	#D3D3D3	94
1084	#FFFFFF	#D3D3D3	94
1085	#FFFFFF	#D3D3D3	111
1086	#FFFFFF	#D3D3D3	26
1087	#FFFFFF	#D3D3D3	94
1088	#FFFFFF	#D3D3D3	26
1089	#FFFFFF	#D3D3D3	26
1090	#FFFFFF	#D3D3D3	26
1091	#FFFFFF	#D3D3D3	26
1092	#FFFFFF	#D3D3D3	26
1093	#FFFFFF	#D3D3D3	26
1094	#FFFFFF	#D3D3D3	26
1095	#FFFFFF	#D3D3D3	26
1096	#FFFFFF	#D3D3D3	111
1097	#FFFFFF	#D3D3D3	111
1098	#FFFFFF	#D3D3D3	1
1099	#FFFFFF	#D3D3D3	1
1100	#FFFFFF	#D3D3D3	1
1102	#DA4F8B	#242424	100
1103	#D12C7D	#101010	49
1104	#FFFFFF	#D3D3D3	1
1105	#FFFFFF	#D3D3D3	79
1106	#FFFFFF	#D3D3D3	36
1107	#FFFFFF	#D3D3D3	36
1108	#FFFFFF	#D3D3D3	79
1109	#FFFFFF	#D3D3D3	44
1110	#FFFFFF	#D3D3D3	44
1111	#FFFFFF	#D3D3D3	44
1112	#FFFFFF	#D3D3D3	89
1113	#FFFFFF	#D3D3D3	89
1114	#D12C7D	#101010	49
1115	#FFFFFF	#D3D3D3	89
1116	#FFFFFF	#D3D3D3	89
1117	#FFFFFF	#D3D3D3	89
1118	#FFFFFF	#D3D3D3	89
1119	#FFFFFF	#D3D3D3	89
1120	#FFFFFF	#D3D3D3	89
1121	#FFFFFF	#D3D3D3	65
1122	#FFFFFF	#D3D3D3	60
1123	#FFFFFF	#D3D3D3	60
1124	#FFFFFF	#D3D3D3	60
1125	#FFFFFF	#D3D3D3	112
1126	#FFFFFF	#D3D3D3	63
1127	#FFFFFF	#D3D3D3	63
1128	#FFFFFF	#D3D3D3	26
1129	#FFFFFF	#D3D3D3	63
1130	#FFFFFF	#D3D3D3	26
1131	#FFFFFF	#D3D3D3	26
1132	#FFFFFF	#D3D3D3	26
1133	#FFFFFF	#D3D3D3	26
1134	#FFFFFF	#D3D3D3	94
1135	#FFFFFF	#D3D3D3	26
1136	#FFFFFF	#D3D3D3	111
1137	#FFFFFF	#D3D3D3	26
1138	#FFFFFF	#D3D3D3	94
1139	#FFFFFF	#D3D3D3	26
1140	#FFFFFF	#D3D3D3	26
1141	#FFFFFF	#D3D3D3	26
1142	#FFFFFF	#D3D3D3	26
1143	#FFFFFF	#D3D3D3	26
1144	#FFFFFF	#D3D3D3	26
1145	#FFFFFF	#D3D3D3	26
1146	#FFFFFF	#D3D3D3	111
1147	#FFFFFF	#D3D3D3	111
1148	#FFFFFF	#D3D3D3	1
1149	#FFFFFF	#D3D3D3	1
1150	#FFFFFF	#D3D3D3	1
1151	#FFFFFF	#D3D3D3	15
1152	#FFFFFF	#D3D3D3	99
1153	#FFFFFF	#D3D3D3	1
1154	#FFFFFF	#D3D3D3	79
1155	#FFFFFF	#D3D3D3	79
1156	#FFFFFF	#D3D3D3	79
1157	#FFFFFF	#D3D3D3	26
1158	#FFFFFF	#D3D3D3	90
1159	#FFFFFF	#D3D3D3	26
1160	#FFFFFF	#D3D3D3	11
1161	#FFFFFF	#D3D3D3	11
1162	#FFFFFF	#D3D3D3	11
1163	#FFFFFF	#D3D3D3	99
1164	#FFFFFF	#D3D3D3	11
1165	#FFFFFF	#D3D3D3	11
1166	#FFFFFF	#D3D3D3	11
1167	#FFFFFF	#D3D3D3	27
1168	#FFFFFF	#D3D3D3	11
1169	#FFFFFF	#D3D3D3	11
1170	#FFFFFF	#D3D3D3	27
1171	#FFFFFF	#D3D3D3	11
1172	#FFFFFF	#D3D3D3	27
1173	#FFFFFF	#D3D3D3	27
1174	#FFFFFF	#D3D3D3	47
1175	#FFFFFF	#D3D3D3	27
1176	#FFFFFF	#D3D3D3	27
1177	#FFFFFF	#D3D3D3	27
1185	#FFFFFF	#D3D3D3	47
1196	#FFFFFF	#D3D3D3	47
1197	#FFFFFF	#D3D3D3	1
1198	#FFFFFF	#D3D3D3	1
1199	#FFFFFF	#D3D3D3	1
1200	#FFFFFF	#D3D3D3	1
1202	#FFFFFF	#D3D3D3	15
1203	#FFFFFF	#D3D3D3	99
1204	#FFFFFF	#D3D3D3	79
1205	#FFFFFF	#D3D3D3	79
1206	#FFFFFF	#D3D3D3	79
1207	#FFFFFF	#D3D3D3	79
1208	#FFFFFF	#D3D3D3	26
1209	#FFFFFF	#D3D3D3	90
1210	#FFFFFF	#D3D3D3	26
1211	#FFFFFF	#D3D3D3	11
1212	#FFFFFF	#D3D3D3	11
1213	#FFFFFF	#D3D3D3	11
1214	#FFFFFF	#D3D3D3	47
1215	#FFFFFF	#D3D3D3	11
1216	#FFFFFF	#D3D3D3	11
1217	#FFFFFF	#D3D3D3	11
1218	#FFFFFF	#D3D3D3	27
1219	#FFFFFF	#D3D3D3	11
1220	#FFFFFF	#D3D3D3	27
1221	#FFFFFF	#D3D3D3	27
1222	#FFFFFF	#D3D3D3	11
1223	#FFFFFF	#D3D3D3	27
1224	#FFFFFF	#D3D3D3	27
1225	#FFFFFF	#D3D3D3	47
1226	#FFFFFF	#D3D3D3	27
1227	#FFFFFF	#D3D3D3	11
1228	#FFFFFF	#D3D3D3	27
1236	#FFFFFF	#D3D3D3	47
1246	#FFFFFF	#D3D3D3	1
1247	#FFFFFF	#D3D3D3	1
1248	#FFFFFF	#D3D3D3	1
1249	#FFFFFF	#D3D3D3	1
1250	#FFFFFF	#D3D3D3	1
1251	#DA4F8B	#242424	100
1252	#DA4F8B	#242424	100
1253	#FFFFFF	#D3D3D3	1
1254	#FFFFFF	#D3D3D3	79
1255	#FFFFFF	#D3D3D3	36
1256	#FFFFFF	#D3D3D3	36
1257	#FFFFFF	#D3D3D3	36
1258	#FFFFFF	#D3D3D3	79
1259	#FFFFFF	#D3D3D3	44
1260	#FFFFFF	#D3D3D3	44
1261	#FFFFFF	#D3D3D3	89
1262	#FFFFFF	#D3D3D3	89
1263	#D12C7D	#101010	49
1264	#FFFFFF	#D3D3D3	89
1265	#FFFFFF	#D3D3D3	89
1266	#FFFFFF	#D3D3D3	36
1267	#FFFFFF	#D3D3D3	89
1268	#FFFFFF	#D3D3D3	89
1269	#FFFFFF	#D3D3D3	89
1270	#FFFFFF	#D3D3D3	65
1271	#FFFFFF	#D3D3D3	65
1272	#FFFFFF	#D3D3D3	60
1273	#FFFFFF	#D3D3D3	60
1274	#D12C7D	#101010	49
1275	#FFFFFF	#D3D3D3	60
1276	#FFFFFF	#D3D3D3	63
1277	#FFFFFF	#D3D3D3	63
1278	#FFFFFF	#D3D3D3	63
1279	#FFFFFF	#D3D3D3	63
1280	#FFFFFF	#D3D3D3	26
1281	#FFFFFF	#D3D3D3	26
1282	#FFFFFF	#D3D3D3	26
1283	#FFFFFF	#D3D3D3	26
1284	#FFFFFF	#D3D3D3	26
1285	#FFFFFF	#D3D3D3	1
1286	#FFFFFF	#D3D3D3	26
1287	#FFFFFF	#D3D3D3	26
1288	#FFFFFF	#D3D3D3	26
1289	#FFFFFF	#D3D3D3	26
1290	#FFFFFF	#D3D3D3	26
1291	#FFFFFF	#D3D3D3	26
1292	#FFFFFF	#D3D3D3	26
1293	#FFFFFF	#D3D3D3	26
1294	#FFFFFF	#D3D3D3	26
1295	#FFFFFF	#D3D3D3	26
1296	#FFFFFF	#D3D3D3	111
1297	#FFFFFF	#D3D3D3	1
1298	#FFFFFF	#D3D3D3	1
1299	#FFFFFF	#D3D3D3	1
1300	#FFFFFF	#D3D3D3	1
1302	#DA4F8B	#242424	100
1303	#D12C7D	#101010	49
1304	#FFFFFF	#D3D3D3	79
1305	#FFFFFF	#D3D3D3	36
1306	#FFFFFF	#D3D3D3	36
1307	#FFFFFF	#D3D3D3	36
1308	#FFFFFF	#D3D3D3	36
1309	#FFFFFF	#D3D3D3	44
1310	#FFFFFF	#D3D3D3	44
1311	#FFFFFF	#D3D3D3	89
1312	#FFFFFF	#D3D3D3	89
1313	#FFFFFF	#D3D3D3	89
1314	#D12C7D	#101010	49
1315	#FFFFFF	#D3D3D3	89
1316	#FFFFFF	#D3D3D3	89
1317	#FFFFFF	#D3D3D3	36
1318	#FFFFFF	#D3D3D3	36
1319	#FFFFFF	#D3D3D3	36
1320	#FFFFFF	#D3D3D3	65
1321	#FFFFFF	#D3D3D3	65
1322	#FFFFFF	#D3D3D3	65
1323	#FFFFFF	#D3D3D3	60
1324	#FFFFFF	#D3D3D3	60
1325	#D84A89	#212121	96
1326	#FFFFFF	#D3D3D3	60
1327	#FFFFFF	#D3D3D3	60
1328	#FFFFFF	#D3D3D3	63
1329	#FFFFFF	#D3D3D3	63
1330	#FFFFFF	#D3D3D3	63
1331	#FFFFFF	#D3D3D3	26
1332	#FFFFFF	#D3D3D3	26
1333	#FFFFFF	#D3D3D3	26
1334	#FFFFFF	#D3D3D3	26
1335	#FFFFFF	#D3D3D3	26
1336	#FFFFFF	#D3D3D3	1
1337	#FFFFFF	#D3D3D3	26
1338	#FFFFFF	#D3D3D3	26
1339	#FFFFFF	#D3D3D3	26
1340	#FFFFFF	#D3D3D3	26
1341	#FFFFFF	#D3D3D3	26
1342	#FFFFFF	#D3D3D3	26
1343	#FFFFFF	#D3D3D3	26
1344	#FFFFFF	#D3D3D3	26
1345	#FFFFFF	#D3D3D3	26
1346	#FFFFFF	#D3D3D3	1
1347	#FFFFFF	#D3D3D3	1
1348	#FFFFFF	#D3D3D3	1
1349	#FFFFFF	#D3D3D3	1
1350	#FFFFFF	#D3D3D3	1
1351	#DA4F8B	#242424	100
1352	#D12C7D	#101010	49
1353	#FFFFFF	#D3D3D3	79
1354	#FFFFFF	#D3D3D3	36
1355	#FFFFFF	#D3D3D3	36
1356	#FFFFFF	#D3D3D3	36
1357	#FFFFFF	#D3D3D3	36
1358	#FFFFFF	#D3D3D3	36
1359	#FFFFFF	#D3D3D3	44
1360	#FFFFFF	#D3D3D3	36
1361	#FFFFFF	#D3D3D3	89
1362	#FFFFFF	#D3D3D3	89
1363	#D12C7D	#101010	49
1364	#FFFFFF	#D3D3D3	89
1365	#FFFFFF	#D3D3D3	89
1366	#FFFFFF	#D3D3D3	36
1367	#FFFFFF	#D3D3D3	36
1368	#FFFFFF	#D3D3D3	36
1369	#FFFFFF	#D3D3D3	2
1370	#FFFFFF	#D3D3D3	65
1371	#FFFFFF	#D3D3D3	65
1372	#FFFFFF	#D3D3D3	60
1373	#FFFFFF	#D3D3D3	60
1374	#D12C7D	#101010	49
1375	#FFFFFF	#D3D3D3	60
1376	#FFFFFF	#D3D3D3	60
1377	#FFFFFF	#D3D3D3	60
1378	#FFFFFF	#D3D3D3	63
1379	#FFFFFF	#D3D3D3	63
1380	#FFFFFF	#D3D3D3	63
1381	#FFFFFF	#D3D3D3	26
1382	#FFFFFF	#D3D3D3	26
1383	#FFFFFF	#D3D3D3	26
1384	#FFFFFF	#D3D3D3	26
1385	#D84A89	#212121	96
1386	#FFFFFF	#D3D3D3	26
1387	#FFFFFF	#D3D3D3	26
1388	#FFFFFF	#D3D3D3	26
1389	#FFFFFF	#D3D3D3	26
1390	#FFFFFF	#D3D3D3	26
1391	#FFFFFF	#D3D3D3	26
1392	#FFFFFF	#D3D3D3	26
1393	#FFFFFF	#D3D3D3	26
1394	#FFFFFF	#D3D3D3	26
1395	#FFFFFF	#D3D3D3	26
1396	#FFFFFF	#D3D3D3	1
1397	#FFFFFF	#D3D3D3	1
1398	#FFFFFF	#D3D3D3	1
1399	#FFFFFF	#D3D3D3	1
1400	#FFFFFF	#D3D3D3	1
1402	#D12C7D	#101010	49
1403	#D12C7D	#101010	49
1404	#FFFFFF	#D3D3D3	36
1405	#FFFFFF	#D3D3D3	36
1406	#FFFFFF	#D3D3D3	36
1407	#FFFFFF	#D3D3D3	36
1408	#FFFFFF	#D3D3D3	36
1409	#FFFFFF	#D3D3D3	36
1410	#FFFFFF	#D3D3D3	36
1411	#FFFFFF	#D3D3D3	36
1412	#FFFFFF	#D3D3D3	89
1413	#FFFFFF	#D3D3D3	89
1414	#D12C7D	#101010	49
1415	#FFFFFF	#D3D3D3	89
1416	#FFFFFF	#D3D3D3	36
1417	#FFFFFF	#D3D3D3	36
1418	#FFFFFF	#D3D3D3	36
1419	#FFFFFF	#D3D3D3	2
1420	#FFFFFF	#D3D3D3	65
1421	#FFFFFF	#D3D3D3	65
1422	#FFFFFF	#D3D3D3	60
1423	#FFFFFF	#D3D3D3	60
1424	#FFFFFF	#D3D3D3	60
1425	#D84A89	#212121	96
1426	#FFFFFF	#D3D3D3	60
1427	#FFFFFF	#D3D3D3	60
1428	#FFFFFF	#D3D3D3	60
1429	#FFFFFF	#D3D3D3	63
1430	#FFFFFF	#D3D3D3	63
1431	#FFFFFF	#D3D3D3	63
1432	#FFFFFF	#D3D3D3	26
1433	#FFFFFF	#D3D3D3	26
1434	#FFFFFF	#D3D3D3	26
1435	#FFFFFF	#D3D3D3	26
1436	#D84A89	#212121	96
1437	#FFFFFF	#D3D3D3	26
1438	#FFFFFF	#D3D3D3	26
1439	#FFFFFF	#D3D3D3	26
1440	#FFFFFF	#D3D3D3	26
1441	#FFFFFF	#D3D3D3	26
1442	#FFFFFF	#D3D3D3	26
1443	#FFFFFF	#D3D3D3	26
1444	#FFFFFF	#D3D3D3	26
1445	#FFFFFF	#D3D3D3	26
1446	#FFFFFF	#D3D3D3	1
1447	#FFFFFF	#D3D3D3	1
1448	#FFFFFF	#D3D3D3	1
1449	#FFFFFF	#D3D3D3	1
1450	#FFFFFF	#D3D3D3	79
1452	#CD1076	#000000	3
1453	#D12C7D	#101010	49
1454	#FFFFFF	#D3D3D3	36
1455	#FFFFFF	#D3D3D3	36
1456	#FFFFFF	#D3D3D3	36
1457	#FFFFFF	#D3D3D3	36
1458	#FFFFFF	#D3D3D3	36
1459	#FFFFFF	#D3D3D3	36
1460	#FFFFFF	#D3D3D3	36
1461	#FFFFFF	#D3D3D3	36
1462	#FFFFFF	#D3D3D3	89
1463	#FFFFFF	#D3D3D3	89
1464	#D12C7D	#101010	49
1465	#FFFFFF	#D3D3D3	89
1466	#FFFFFF	#D3D3D3	36
1467	#FFFFFF	#D3D3D3	36
1468	#FFFFFF	#D3D3D3	36
1469	#FFFFFF	#D3D3D3	36
1470	#FFFFFF	#D3D3D3	2
1471	#FFFFFF	#D3D3D3	65
1472	#FFFFFF	#D3D3D3	65
1473	#FFFFFF	#D3D3D3	60
1474	#FFFFFF	#D3D3D3	60
1475	#D12C7D	#101010	49
1476	#FFFFFF	#D3D3D3	60
1477	#FFFFFF	#D3D3D3	60
1478	#FFFFFF	#D3D3D3	60
1479	#FFFFFF	#D3D3D3	60
1480	#FFFFFF	#D3D3D3	63
1481	#FFFFFF	#D3D3D3	26
1482	#FFFFFF	#D3D3D3	26
1483	#FFFFFF	#D3D3D3	26
1484	#FFFFFF	#D3D3D3	26
1485	#FFFFFF	#D3D3D3	26
1486	#D84A89	#212121	96
1487	#FFFFFF	#D3D3D3	26
1488	#FFFFFF	#D3D3D3	26
1489	#FFFFFF	#D3D3D3	26
1490	#FFFFFF	#D3D3D3	26
1491	#FFFFFF	#D3D3D3	26
1492	#FFFFFF	#D3D3D3	26
1493	#FFFFFF	#D3D3D3	26
1494	#FFFFFF	#D3D3D3	26
1495	#FFFFFF	#D3D3D3	26
1496	#FFFFFF	#D3D3D3	26
1497	#D84A89	#212121	96
1498	#FFFFFF	#D3D3D3	1
1499	#FFFFFF	#D3D3D3	1
1500	#FFFFFF	#D3D3D3	1
1501	#FFFFFF	#D3D3D3	79
1503	#CD1076	#000000	3
1504	#D12C7D	#101010	49
1505	#FFFFFF	#D3D3D3	36
1506	#FFFFFF	#D3D3D3	36
1507	#FFFFFF	#D3D3D3	36
1508	#FFFFFF	#D3D3D3	36
1509	#FFFFFF	#D3D3D3	36
1510	#FFFFFF	#D3D3D3	36
1511	#FFFFFF	#D3D3D3	36
1512	#FFFFFF	#D3D3D3	36
1513	#FFFFFF	#D3D3D3	89
1514	#FFFFFF	#D3D3D3	89
1515	#D12C7D	#101010	49
1516	#FFFFFF	#D3D3D3	36
1517	#FFFFFF	#D3D3D3	36
1518	#FFFFFF	#D3D3D3	36
1519	#FFFFFF	#D3D3D3	36
1520	#FFFFFF	#D3D3D3	36
1521	#FFFFFF	#D3D3D3	2
1522	#FFFFFF	#D3D3D3	65
1523	#FFFFFF	#D3D3D3	65
1524	#FFFFFF	#D3D3D3	60
1525	#FFFFFF	#D3D3D3	60
1526	#D84A89	#212121	96
1527	#FFFFFF	#D3D3D3	60
1528	#FFFFFF	#D3D3D3	60
1529	#FFFFFF	#D3D3D3	60
1530	#FFFFFF	#D3D3D3	60
1531	#FFFFFF	#D3D3D3	26
1532	#FFFFFF	#D3D3D3	26
1533	#FFFFFF	#D3D3D3	23
1534	#FFFFFF	#D3D3D3	26
1535	#FFFFFF	#D3D3D3	26
1536	#FFFFFF	#D3D3D3	26
1537	#D84A89	#212121	96
1538	#FFFFFF	#D3D3D3	26
1539	#FFFFFF	#D3D3D3	26
1540	#FFFFFF	#D3D3D3	26
1541	#FFFFFF	#D3D3D3	26
1542	#FFFFFF	#D3D3D3	26
1543	#FFFFFF	#D3D3D3	26
1544	#FFFFFF	#D3D3D3	26
1545	#FFFFFF	#D3D3D3	26
1546	#FFFFFF	#D3D3D3	26
1547	#D84A89	#212121	96
1548	#FFFFFF	#D3D3D3	1
1549	#FFFFFF	#D3D3D3	1
1550	#FFFFFF	#D3D3D3	79
1551	#FFFFFF	#D3D3D3	36
1553	#CD1076	#000000	3
1554	#D12C7D	#101010	49
1555	#FFFFFF	#D3D3D3	36
1556	#FFFFFF	#D3D3D3	36
1557	#FFFFFF	#D3D3D3	36
1558	#FFFFFF	#D3D3D3	36
1559	#FFFFFF	#D3D3D3	36
1560	#FFFFFF	#D3D3D3	36
1561	#FFFFFF	#D3D3D3	36
1562	#FFFFFF	#D3D3D3	36
1563	#FFFFFF	#D3D3D3	36
1564	#FFFFFF	#D3D3D3	36
1565	#D12C7D	#101010	49
1566	#FFFFFF	#D3D3D3	36
1567	#FFFFFF	#D3D3D3	36
1568	#FFFFFF	#D3D3D3	36
1569	#FFFFFF	#D3D3D3	36
1570	#FFFFFF	#D3D3D3	36
1571	#FFFFFF	#D3D3D3	2
1572	#FFFFFF	#D3D3D3	65
1573	#FFFFFF	#D3D3D3	65
1574	#FFFFFF	#D3D3D3	65
1575	#FFFFFF	#D3D3D3	60
1576	#D12C7D	#101010	49
1577	#FFFFFF	#D3D3D3	60
1578	#FFFFFF	#D3D3D3	60
1579	#FFFFFF	#D3D3D3	60
1580	#FFFFFF	#D3D3D3	60
1581	#FFFFFF	#D3D3D3	60
1582	#FFFFFF	#D3D3D3	26
1583	#FFFFFF	#D3D3D3	26
1584	#FFFFFF	#D3D3D3	23
1585	#FFFFFF	#D3D3D3	26
1586	#FFFFFF	#D3D3D3	26
1587	#D84A89	#212121	96
1588	#FFFFFF	#D3D3D3	26
1589	#FFFFFF	#D3D3D3	26
1590	#FFFFFF	#D3D3D3	26
1591	#FFFFFF	#D3D3D3	26
1592	#FFFFFF	#D3D3D3	26
1593	#FFFFFF	#D3D3D3	26
1594	#FFFFFF	#D3D3D3	26
1595	#FFFFFF	#D3D3D3	26
1596	#FFFFFF	#D3D3D3	26
1597	#FFFFFF	#D3D3D3	101
1598	#D84A89	#212121	96
1599	#D84A89	#212121	96
1600	#FFFFFF	#D3D3D3	1
1601	#FFFFFF	#D3D3D3	79
1602	#FFFFFF	#D3D3D3	36
1604	#CD1076	#000000	3
1605	#D12C7D	#101010	49
1606	#FFFFFF	#D3D3D3	36
1607	#FFFFFF	#D3D3D3	36
1608	#FFFFFF	#D3D3D3	36
1609	#FFFFFF	#D3D3D3	36
1610	#FFFFFF	#D3D3D3	36
1611	#FFFFFF	#D3D3D3	36
1612	#FFFFFF	#D3D3D3	36
1613	#FFFFFF	#D3D3D3	36
1614	#FFFFFF	#D3D3D3	36
1615	#FFFFFF	#D3D3D3	36
1616	#D12C7D	#101010	49
1617	#FFFFFF	#D3D3D3	36
1618	#FFFFFF	#D3D3D3	36
1619	#FFFFFF	#D3D3D3	36
1620	#FFFFFF	#D3D3D3	36
1621	#FFFFFF	#D3D3D3	36
1622	#FFFFFF	#D3D3D3	2
1623	#FFFFFF	#D3D3D3	65
1624	#FFFFFF	#D3D3D3	65
1625	#FFFFFF	#D3D3D3	65
1626	#FFFFFF	#D3D3D3	60
1627	#D84A89	#212121	96
1628	#FFFFFF	#D3D3D3	60
1629	#FFFFFF	#D3D3D3	65
1630	#FFFFFF	#D3D3D3	65
1631	#FFFFFF	#D3D3D3	60
1632	#FFFFFF	#D3D3D3	60
1633	#FFFFFF	#D3D3D3	26
1634	#FFFFFF	#D3D3D3	26
1635	#FFFFFF	#D3D3D3	23
1636	#FFFFFF	#D3D3D3	26
1637	#FFFFFF	#D3D3D3	26
1638	#D84A89	#212121	96
1639	#FFFFFF	#D3D3D3	26
1640	#FFFFFF	#D3D3D3	26
1641	#FFFFFF	#D3D3D3	26
1642	#FFFFFF	#D3D3D3	26
1643	#FFFFFF	#D3D3D3	26
1644	#FFFFFF	#D3D3D3	26
1645	#FFFFFF	#D3D3D3	101
1646	#FFFFFF	#D3D3D3	26
1647	#FFFFFF	#D3D3D3	101
1648	#D84A89	#212121	96
1649	#D84A89	#212121	96
1650	#FFFFFF	#D3D3D3	79
1651	#FFFFFF	#D3D3D3	36
1652	#FFFFFF	#D3D3D3	36
1654	#CD1076	#000000	3
1655	#CD1076	#000000	3
1656	#FFFFFF	#D3D3D3	36
1657	#FFFFFF	#D3D3D3	36
1658	#FFFFFF	#D3D3D3	36
1659	#FFFFFF	#D3D3D3	36
1660	#FFFFFF	#D3D3D3	36
1661	#FFFFFF	#D3D3D3	36
1662	#FFFFFF	#D3D3D3	36
1663	#FFFFFF	#D3D3D3	36
1664	#FFFFFF	#D3D3D3	36
1665	#FFFFFF	#D3D3D3	36
1666	#D12C7D	#101010	49
1667	#FFFFFF	#D3D3D3	36
1668	#FFFFFF	#D3D3D3	36
1669	#FFFFFF	#D3D3D3	36
1670	#FFFFFF	#D3D3D3	36
1671	#FFFFFF	#D3D3D3	36
1672	#FFFFFF	#D3D3D3	36
1673	#FFFFFF	#D3D3D3	2
1674	#FFFFFF	#D3D3D3	65
1675	#FFFFFF	#D3D3D3	65
1676	#FFFFFF	#D3D3D3	65
1677	#D12C7D	#101010	49
1678	#FFFFFF	#D3D3D3	60
1679	#FFFFFF	#D3D3D3	60
1680	#FFFFFF	#D3D3D3	65
1681	#FFFFFF	#D3D3D3	65
1682	#FFFFFF	#D3D3D3	60
1683	#FFFFFF	#D3D3D3	60
1684	#FFFFFF	#D3D3D3	23
1685	#FFFFFF	#D3D3D3	23
1686	#FFFFFF	#D3D3D3	23
1687	#FFFFFF	#D3D3D3	26
1688	#D84A89	#212121	96
1689	#FFFFFF	#D3D3D3	26
1690	#FFFFFF	#D3D3D3	26
1691	#FFFFFF	#D3D3D3	26
1692	#FFFFFF	#D3D3D3	26
1693	#FFFFFF	#D3D3D3	26
1694	#FFFFFF	#D3D3D3	26
1695	#FFFFFF	#D3D3D3	26
1696	#FFFFFF	#D3D3D3	101
1697	#FFFFFF	#D3D3D3	26
1698	#FFFFFF	#D3D3D3	101
1699	#D84A89	#212121	96
1700	#D84A89	#212121	96
1701	#D84A89	#212121	96
1702	#FFFFFF	#D3D3D3	36
1703	#FFFFFF	#D3D3D3	36
1705	#CD1076	#000000	3
1706	#CD1076	#000000	3
1707	#FFFFFF	#D3D3D3	36
1708	#FFFFFF	#D3D3D3	36
1709	#FFFFFF	#D3D3D3	36
1710	#FFFFFF	#D3D3D3	36
1711	#FFFFFF	#D3D3D3	36
1712	#FFFFFF	#D3D3D3	36
1713	#FFFFFF	#D3D3D3	36
1714	#FFFFFF	#D3D3D3	36
1715	#FFFFFF	#D3D3D3	36
1716	#FFFFFF	#D3D3D3	36
1717	#D12C7D	#101010	49
1718	#FFFFFF	#D3D3D3	36
1719	#FFFFFF	#D3D3D3	36
1720	#FFFFFF	#D3D3D3	36
1721	#FFFFFF	#D3D3D3	36
1722	#FFFFFF	#D3D3D3	36
1723	#FFFFFF	#D3D3D3	36
1724	#FFFFFF	#D3D3D3	2
1725	#FFFFFF	#D3D3D3	65
1726	#FFFFFF	#D3D3D3	65
1727	#FFFFFF	#D3D3D3	65
1728	#D12C7D	#101010	49
1729	#FFFFFF	#D3D3D3	65
1730	#FFFFFF	#D3D3D3	65
1731	#FFFFFF	#D3D3D3	65
1732	#FFFFFF	#D3D3D3	65
1733	#FFFFFF	#D3D3D3	60
1734	#FFFFFF	#D3D3D3	60
1735	#FFFFFF	#D3D3D3	23
1736	#FFFFFF	#D3D3D3	23
1737	#FFFFFF	#D3D3D3	23
1738	#FFFFFF	#D3D3D3	26
1739	#D84A89	#212121	96
1740	#FFFFFF	#D3D3D3	26
1741	#FFFFFF	#D3D3D3	26
1742	#FFFFFF	#D3D3D3	26
1743	#FFFFFF	#D3D3D3	26
1744	#FFFFFF	#D3D3D3	26
1745	#FFFFFF	#D3D3D3	26
1746	#FFFFFF	#D3D3D3	101
1747	#FFFFFF	#D3D3D3	101
1748	#FFFFFF	#D3D3D3	101
1749	#D12C7D	#101010	49
1750	#D84A89	#212121	96
1751	#D84A89	#212121	96
1752	#FFFFFF	#D3D3D3	36
1753	#FFFFFF	#D3D3D3	36
1754	#CD1076	#000000	3
1755	#CD1076	#000000	3
1756	#FFFFFF	#D3D3D3	36
1757	#FFFFFF	#D3D3D3	36
1758	#FFFFFF	#D3D3D3	36
1759	#FFFFFF	#D3D3D3	36
1760	#FFFFFF	#D3D3D3	36
1761	#FFFFFF	#D3D3D3	36
1762	#FFFFFF	#D3D3D3	36
1763	#FFFFFF	#D3D3D3	36
1764	#FFFFFF	#D3D3D3	36
1765	#FFFFFF	#D3D3D3	36
1766	#CD1076	#000000	3
1767	#FFFFFF	#D3D3D3	36
1768	#FFFFFF	#D3D3D3	36
1769	#FFFFFF	#D3D3D3	36
1770	#FFFFFF	#D3D3D3	36
1771	#FFFFFF	#D3D3D3	36
1772	#FFFFFF	#D3D3D3	36
1773	#FFFFFF	#D3D3D3	36
1774	#FFFFFF	#D3D3D3	2
1775	#FFFFFF	#D3D3D3	65
1776	#FFFFFF	#D3D3D3	65
1777	#D12C7D	#101010	49
1778	#FFFFFF	#D3D3D3	65
1779	#FFFFFF	#D3D3D3	65
1780	#FFFFFF	#D3D3D3	65
1781	#FFFFFF	#D3D3D3	65
1782	#FFFFFF	#D3D3D3	65
1783	#FFFFFF	#D3D3D3	60
1784	#FFFFFF	#D3D3D3	60
1785	#FFFFFF	#D3D3D3	23
1786	#FFFFFF	#D3D3D3	23
1787	#FFFFFF	#D3D3D3	23
1788	#D12C7D	#101010	49
1789	#FFFFFF	#D3D3D3	26
1790	#FFFFFF	#D3D3D3	26
1791	#FFFFFF	#D3D3D3	26
1792	#FFFFFF	#D3D3D3	26
1793	#FFFFFF	#D3D3D3	26
1794	#FFFFFF	#D3D3D3	101
1795	#FFFFFF	#D3D3D3	101
1796	#FFFFFF	#D3D3D3	101
1797	#FFFFFF	#D3D3D3	101
1798	#FFFFFF	#D3D3D3	101
1799	#D12C7D	#101010	49
1800	#D84A89	#212121	96
1801	#D84A89	#212121	96
1802	#D84A89	#212121	96
1803	#FFFFFF	#D3D3D3	36
1805	#CD1076	#000000	3
1806	#CD1076	#000000	3
1807	#FFFFFF	#D3D3D3	36
1808	#FFFFFF	#D3D3D3	36
1809	#FFFFFF	#D3D3D3	36
1810	#FFFFFF	#D3D3D3	36
1811	#FFFFFF	#D3D3D3	36
1812	#FFFFFF	#D3D3D3	36
1813	#FFFFFF	#D3D3D3	36
1814	#FFFFFF	#D3D3D3	36
1815	#FFFFFF	#D3D3D3	36
1816	#FFFFFF	#D3D3D3	36
1817	#CD1076	#000000	3
1818	#FFFFFF	#D3D3D3	36
1819	#FFFFFF	#D3D3D3	36
1820	#FFFFFF	#D3D3D3	36
1821	#FFFFFF	#D3D3D3	36
1822	#FFFFFF	#D3D3D3	36
1823	#FFFFFF	#D3D3D3	36
1824	#FFFFFF	#D3D3D3	36
1825	#FFFFFF	#D3D3D3	2
1826	#FFFFFF	#D3D3D3	65
1827	#FFFFFF	#D3D3D3	65
1828	#D12C7D	#101010	49
1829	#FFFFFF	#D3D3D3	65
1830	#FFFFFF	#D3D3D3	65
1831	#FFFFFF	#D3D3D3	65
1832	#FFFFFF	#D3D3D3	65
1833	#FFFFFF	#D3D3D3	60
1834	#FFFFFF	#D3D3D3	60
1835	#FFFFFF	#D3D3D3	60
1836	#FFFFFF	#D3D3D3	23
1837	#FFFFFF	#D3D3D3	23
1838	#FFFFFF	#D3D3D3	23
1839	#D12C7D	#101010	49
1840	#FFFFFF	#D3D3D3	26
1841	#FFFFFF	#D3D3D3	26
1842	#FFFFFF	#D3D3D3	26
1843	#FFFFFF	#D3D3D3	26
1844	#FFFFFF	#D3D3D3	101
1845	#FFFFFF	#D3D3D3	101
1846	#FFFFFF	#D3D3D3	101
1847	#FFFFFF	#D3D3D3	101
1848	#FFFFFF	#D3D3D3	101
1849	#D84A89	#212121	96
1850	#D84A89	#212121	96
1851	#D84A89	#212121	96
1852	#D84A89	#212121	96
1853	#FFFFFF	#D3D3D3	36
1854	#CD1076	#000000	3
1855	#CD1076	#000000	3
1856	#FFFFFF	#D3D3D3	36
1857	#FFFFFF	#D3D3D3	36
1858	#FFFFFF	#D3D3D3	36
1859	#FFFFFF	#D3D3D3	36
1860	#FFFFFF	#D3D3D3	36
1861	#FFFFFF	#D3D3D3	36
1862	#FFFFFF	#D3D3D3	36
1863	#FFFFFF	#D3D3D3	36
1864	#FFFFFF	#D3D3D3	36
1865	#FFFFFF	#D3D3D3	36
1866	#CD1076	#000000	3
1867	#FFFFFF	#D3D3D3	36
1868	#FFFFFF	#D3D3D3	36
1869	#FFFFFF	#D3D3D3	36
1870	#FFFFFF	#D3D3D3	36
1871	#FFFFFF	#D3D3D3	36
1872	#FFFFFF	#D3D3D3	36
1873	#FFFFFF	#D3D3D3	36
1874	#FFFFFF	#D3D3D3	36
1875	#FFFFFF	#D3D3D3	2
1876	#FFFFFF	#D3D3D3	65
1877	#CD1076	#000000	3
1878	#FFFFFF	#D3D3D3	65
1879	#FFFFFF	#D3D3D3	65
1880	#FFFFFF	#D3D3D3	65
1881	#FFFFFF	#D3D3D3	65
1882	#FFFFFF	#D3D3D3	60
1883	#FFFFFF	#D3D3D3	60
1884	#FFFFFF	#D3D3D3	60
1885	#FFFFFF	#D3D3D3	60
1886	#FFFFFF	#D3D3D3	23
1887	#FFFFFF	#D3D3D3	23
1888	#D12C7D	#101010	49
1890	#FFFFFF	#D3D3D3	26
1891	#FFFFFF	#D3D3D3	26
1892	#FFFFFF	#D3D3D3	26
1893	#FFFFFF	#D3D3D3	26
1894	#FFFFFF	#D3D3D3	26
1895	#FFFFFF	#D3D3D3	101
1896	#FFFFFF	#D3D3D3	101
1897	#FFFFFF	#D3D3D3	101
1898	#FFFFFF	#D3D3D3	101
1899	#D84A89	#212121	96
1900	#D84A89	#212121	96
1901	#D84A89	#212121	96
1902	#D84A89	#212121	96
1903	#D84A89	#212121	96
1905	#CD1076	#000000	3
1906	#CD1076	#000000	3
1907	#FFFFFF	#D3D3D3	36
1908	#FFFFFF	#D3D3D3	36
1909	#FFFFFF	#D3D3D3	36
1910	#FFFFFF	#D3D3D3	36
1911	#FFFFFF	#D3D3D3	36
1912	#FFFFFF	#D3D3D3	36
1913	#FFFFFF	#D3D3D3	36
1914	#FFFFFF	#D3D3D3	36
1915	#FFFFFF	#D3D3D3	36
1916	#FFFFFF	#D3D3D3	36
1917	#CD1076	#000000	3
1918	#FFFFFF	#D3D3D3	36
1919	#FFFFFF	#D3D3D3	36
1920	#FFFFFF	#D3D3D3	36
1921	#FFFFFF	#D3D3D3	36
1922	#FFFFFF	#D3D3D3	36
1923	#FFFFFF	#D3D3D3	36
1924	#FFFFFF	#D3D3D3	36
1925	#FFFFFF	#D3D3D3	36
1926	#FFFFFF	#D3D3D3	2
1927	#FFFFFF	#D3D3D3	65
1928	#CD1076	#000000	3
1929	#FFFFFF	#D3D3D3	2
1930	#FFFFFF	#D3D3D3	65
1931	#FFFFFF	#D3D3D3	65
1932	#FFFFFF	#D3D3D3	65
1933	#FFFFFF	#D3D3D3	60
1934	#FFFFFF	#D3D3D3	60
1935	#FFFFFF	#D3D3D3	60
1936	#FFFFFF	#D3D3D3	60
1937	#FFFFFF	#D3D3D3	23
1938	#FFFFFF	#D3D3D3	26
1939	#D12C7D	#101010	49
1940	#FFFFFF	#D3D3D3	23
1941	#FFFFFF	#D3D3D3	26
1942	#FFFFFF	#D3D3D3	26
1943	#FFFFFF	#D3D3D3	26
1944	#FFFFFF	#D3D3D3	26
1945	#FFFFFF	#D3D3D3	101
1946	#FFFFFF	#D3D3D3	101
1947	#FFFFFF	#D3D3D3	101
1948	#FFFFFF	#D3D3D3	101
1949	#D84A89	#212121	96
1950	#D84A89	#212121	96
1951	#D84A89	#212121	96
1952	#D84A89	#212121	96
1953	#D84A89	#212121	96
1954	#CD1076	#000000	3
1955	#CD1076	#000000	3
1956	#D84A89	#212121	96
1957	#FFFFFF	#D3D3D3	36
1958	#FFFFFF	#D3D3D3	36
1959	#FFFFFF	#D3D3D3	36
1960	#FFFFFF	#D3D3D3	36
1961	#FFFFFF	#D3D3D3	36
1962	#FFFFFF	#D3D3D3	36
1963	#FFFFFF	#D3D3D3	36
1964	#FFFFFF	#D3D3D3	36
1965	#FFFFFF	#D3D3D3	36
1966	#CD1076	#000000	3
1967	#FFFFFF	#D3D3D3	36
1968	#FFFFFF	#D3D3D3	36
1969	#FFFFFF	#D3D3D3	36
1970	#FFFFFF	#D3D3D3	36
1971	#FFFFFF	#D3D3D3	36
1972	#FFFFFF	#D3D3D3	36
1973	#FFFFFF	#D3D3D3	36
1974	#FFFFFF	#D3D3D3	36
1975	#FFFFFF	#D3D3D3	2
1976	#FFFFFF	#D3D3D3	2
1977	#CD1076	#000000	3
1978	#FFFFFF	#D3D3D3	2
1979	#FFFFFF	#D3D3D3	2
1980	#FFFFFF	#D3D3D3	65
1981	#FFFFFF	#D3D3D3	65
1982	#FFFFFF	#D3D3D3	60
1983	#FFFFFF	#D3D3D3	60
1984	#FFFFFF	#D3D3D3	60
1985	#FFFFFF	#D3D3D3	60
1986	#FFFFFF	#D3D3D3	60
1987	#FFFFFF	#D3D3D3	23
1988	#D12C7D	#101010	49
1989	#FFFFFF	#D3D3D3	26
1990	#FFFFFF	#D3D3D3	23
1991	#FFFFFF	#D3D3D3	26
1992	#FFFFFF	#D3D3D3	26
1993	#FFFFFF	#D3D3D3	26
1994	#FFFFFF	#D3D3D3	26
1995	#FFFFFF	#D3D3D3	101
1996	#FFFFFF	#D3D3D3	101
1997	#FFFFFF	#D3D3D3	74
1998	#FFFFFF	#D3D3D3	74
1999	#D12C7D	#101010	49
2000	#D84A89	#212121	96
2001	#D84A89	#212121	96
2002	#D84A89	#212121	96
2003	#D84A89	#212121	96
2005	#CD1076	#000000	3
2006	#CD1076	#000000	3
2007	#D84A89	#212121	96
2008	#FFFFFF	#D3D3D3	36
2009	#FFFFFF	#D3D3D3	36
2010	#FFFFFF	#D3D3D3	36
2011	#FFFFFF	#D3D3D3	36
2012	#FFFFFF	#D3D3D3	36
2013	#FFFFFF	#D3D3D3	36
2014	#FFFFFF	#D3D3D3	36
2015	#FFFFFF	#D3D3D3	36
2016	#FFFFFF	#D3D3D3	36
2017	#CD1076	#000000	3
2018	#FFFFFF	#D3D3D3	36
2019	#FFFFFF	#D3D3D3	2
2020	#FFFFFF	#D3D3D3	2
2021	#FFFFFF	#D3D3D3	36
2022	#FFFFFF	#D3D3D3	36
2023	#FFFFFF	#D3D3D3	36
2024	#FFFFFF	#D3D3D3	36
2025	#FFFFFF	#D3D3D3	2
2026	#FFFFFF	#D3D3D3	2
2027	#FFFFFF	#D3D3D3	2
2028	#D12C7D	#101010	49
2029	#FFFFFF	#D3D3D3	2
2030	#FFFFFF	#D3D3D3	2
2031	#FFFFFF	#D3D3D3	65
2032	#FFFFFF	#D3D3D3	60
2033	#FFFFFF	#D3D3D3	60
2034	#FFFFFF	#D3D3D3	60
2035	#FFFFFF	#D3D3D3	60
2036	#FFFFFF	#D3D3D3	60
2037	#FFFFFF	#D3D3D3	60
2038	#FFFFFF	#D3D3D3	23
2039	#D12C7D	#101010	49
2040	#FFFFFF	#D3D3D3	26
2041	#FFFFFF	#D3D3D3	23
2042	#FFFFFF	#D3D3D3	26
2043	#FFFFFF	#D3D3D3	26
2044	#FFFFFF	#D3D3D3	26
2045	#FFFFFF	#D3D3D3	101
2046	#FFFFFF	#D3D3D3	101
2047	#FFFFFF	#D3D3D3	101
2048	#FFFFFF	#D3D3D3	74
2049	#D12C7D	#101010	49
2050	#D84A89	#212121	96
2051	#D84A89	#212121	96
2052	#D84A89	#212121	96
2053	#D84A89	#212121	96
2054	#CD1076	#000000	3
2055	#CD1076	#000000	3
2056	#D84A89	#212121	96
2057	#D84A89	#212121	96
2058	#FFFFFF	#D3D3D3	36
2059	#FFFFFF	#D3D3D3	36
2060	#FFFFFF	#D3D3D3	36
2061	#FFFFFF	#D3D3D3	36
2062	#FFFFFF	#D3D3D3	36
2063	#FFFFFF	#D3D3D3	36
2064	#FFFFFF	#D3D3D3	36
2065	#FFFFFF	#D3D3D3	36
2066	#CD1076	#000000	3
2067	#FFFFFF	#D3D3D3	36
2068	#FFFFFF	#D3D3D3	2
2069	#FFFFFF	#D3D3D3	2
2070	#FFFFFF	#D3D3D3	2
2071	#FFFFFF	#D3D3D3	36
2072	#FFFFFF	#D3D3D3	36
2073	#FFFFFF	#D3D3D3	36
2074	#FFFFFF	#D3D3D3	2
2075	#FFFFFF	#D3D3D3	2
2076	#FFFFFF	#D3D3D3	2
2077	#D12C7D	#101010	49
2078	#FFFFFF	#D3D3D3	2
2079	#FFFFFF	#D3D3D3	2
2080	#FFFFFF	#D3D3D3	65
2081	#FFFFFF	#D3D3D3	60
2082	#FFFFFF	#D3D3D3	60
2083	#FFFFFF	#D3D3D3	60
2084	#FFFFFF	#D3D3D3	60
2085	#FFFFFF	#D3D3D3	60
2086	#FFFFFF	#D3D3D3	60
2087	#FFFFFF	#D3D3D3	60
2088	#D12C7D	#101010	49
2089	#FFFFFF	#D3D3D3	26
2090	#FFFFFF	#D3D3D3	26
2091	#FFFFFF	#D3D3D3	23
2092	#FFFFFF	#D3D3D3	26
2093	#FFFFFF	#D3D3D3	26
2094	#FFFFFF	#D3D3D3	101
2095	#FFFFFF	#D3D3D3	74
2096	#FFFFFF	#D3D3D3	101
2097	#FFFFFF	#D3D3D3	74
2098	#FFFFFF	#D3D3D3	74
2099	#D12C7D	#101010	49
2100	#D12C7D	#101010	49
2101	#D84A89	#212121	96
2102	#D84A89	#212121	96
2103	#D84A89	#212121	96
2105	#CD1076	#000000	3
2106	#CD1076	#000000	3
2107	#D84A89	#212121	96
2108	#D84A89	#212121	96
2109	#FFFFFF	#D3D3D3	36
2110	#FFFFFF	#D3D3D3	36
2111	#FFFFFF	#D3D3D3	36
2112	#FFFFFF	#D3D3D3	36
2113	#FFFFFF	#D3D3D3	36
2114	#FFFFFF	#D3D3D3	36
2115	#FFFFFF	#D3D3D3	36
2116	#FFFFFF	#D3D3D3	36
2117	#D12C7D	#101010	49
2118	#FFFFFF	#D3D3D3	2
2119	#FFFFFF	#D3D3D3	2
2120	#FFFFFF	#D3D3D3	2
2121	#FFFFFF	#D3D3D3	2
2122	#FFFFFF	#D3D3D3	36
2123	#FFFFFF	#D3D3D3	2
2124	#FFFFFF	#D3D3D3	2
2125	#FFFFFF	#D3D3D3	2
2126	#FFFFFF	#D3D3D3	2
2127	#FFFFFF	#D3D3D3	2
2128	#D12C7D	#101010	49
2129	#FFFFFF	#D3D3D3	2
2130	#FFFFFF	#D3D3D3	65
2131	#FFFFFF	#D3D3D3	65
2132	#FFFFFF	#D3D3D3	60
2133	#FFFFFF	#D3D3D3	60
2134	#FFFFFF	#D3D3D3	60
2135	#FFFFFF	#D3D3D3	60
2136	#FFFFFF	#D3D3D3	60
2137	#FFFFFF	#D3D3D3	60
2138	#FFFFFF	#D3D3D3	60
2139	#D12C7D	#101010	49
2140	#FFFFFF	#D3D3D3	26
2141	#FFFFFF	#D3D3D3	26
2143	#FFFFFF	#D3D3D3	26
2144	#FFFFFF	#D3D3D3	101
2145	#FFFFFF	#D3D3D3	74
2146	#FFFFFF	#D3D3D3	101
2147	#FFFFFF	#D3D3D3	74
2148	#FFFFFF	#D3D3D3	74
2149	#D12C7D	#101010	49
2150	#D12C7D	#101010	49
2151	#D84A89	#212121	96
2152	#D84A89	#212121	96
2153	#D84A89	#212121	96
2155	#CD1076	#000000	3
2156	#CD1076	#000000	3
2157	#D84A89	#212121	96
2158	#D84A89	#212121	96
2159	#D84A89	#212121	96
2160	#FFFFFF	#D3D3D3	36
2161	#FFFFFF	#D3D3D3	36
2162	#FFFFFF	#D3D3D3	36
2163	#FFFFFF	#D3D3D3	36
2164	#FFFFFF	#D3D3D3	36
2165	#FFFFFF	#D3D3D3	36
2166	#FFFFFF	#D3D3D3	36
2167	#D12C7D	#101010	49
2168	#FFFFFF	#D3D3D3	2
2169	#FFFFFF	#D3D3D3	2
2170	#FFFFFF	#D3D3D3	2
2171	#FFFFFF	#D3D3D3	2
2172	#FFFFFF	#D3D3D3	2
2173	#FFFFFF	#D3D3D3	36
2174	#FFFFFF	#D3D3D3	2
2175	#FFFFFF	#D3D3D3	2
2176	#FFFFFF	#D3D3D3	2
2177	#FFFFFF	#D3D3D3	2
2178	#D12C7D	#101010	49
2179	#FFFFFF	#D3D3D3	2
2180	#FFFFFF	#D3D3D3	2
2181	#FFFFFF	#D3D3D3	65
2182	#FFFFFF	#D3D3D3	60
2183	#FFFFFF	#D3D3D3	60
2184	#FFFFFF	#D3D3D3	60
2185	#FFFFFF	#D3D3D3	60
2186	#FFFFFF	#D3D3D3	60
2187	#FFFFFF	#D3D3D3	60
2188	#FFFFFF	#D3D3D3	60
2189	#D12C7D	#101010	49
2190	#FFFFFF	#D3D3D3	60
2191	#FFFFFF	#D3D3D3	26
2192	#FFFFFF	#D3D3D3	26
2193	#FFFFFF	#D3D3D3	23
2194	#FFFFFF	#D3D3D3	101
2195	#FFFFFF	#D3D3D3	101
2196	#FFFFFF	#D3D3D3	74
2197	#FFFFFF	#D3D3D3	74
2198	#FFFFFF	#D3D3D3	74
2199	#FFFFFF	#D3D3D3	74
2200	#D12C7D	#101010	49
2201	#D12C7D	#101010	49
2202	#D12C7D	#101010	49
2203	#D84A89	#212121	96
2204	#D84A89	#212121	96
2206	#CD1076	#000000	3
2207	#D12C7D	#101010	49
2208	#D84A89	#212121	96
2209	#D84A89	#212121	96
2210	#D84A89	#212121	96
2211	#FFFFFF	#D3D3D3	36
2212	#FFFFFF	#D3D3D3	36
2213	#FFFFFF	#D3D3D3	36
2214	#FFFFFF	#D3D3D3	36
2215	#FFFFFF	#D3D3D3	36
2216	#FFFFFF	#D3D3D3	36
2217	#FFFFFF	#D3D3D3	2
2218	#D12C7D	#101010	49
2219	#FFFFFF	#D3D3D3	2
2220	#FFFFFF	#D3D3D3	2
2221	#FFFFFF	#D3D3D3	2
2222	#FFFFFF	#D3D3D3	2
2223	#FFFFFF	#D3D3D3	2
2224	#FFFFFF	#D3D3D3	36
2225	#FFFFFF	#D3D3D3	2
2226	#FFFFFF	#D3D3D3	2
2227	#FFFFFF	#D3D3D3	2
2228	#FFFFFF	#D3D3D3	2
2229	#D12C7D	#101010	49
2230	#FFFFFF	#D3D3D3	2
2231	#FFFFFF	#D3D3D3	2
2232	#FFFFFF	#D3D3D3	65
2233	#FFFFFF	#D3D3D3	60
2234	#FFFFFF	#D3D3D3	60
2235	#FFFFFF	#D3D3D3	60
2236	#FFFFFF	#D3D3D3	60
2237	#FFFFFF	#D3D3D3	60
2238	#FFFFFF	#D3D3D3	60
2239	#FFFFFF	#D3D3D3	60
2240	#D12C7D	#101010	49
2241	#FFFFFF	#D3D3D3	60
2242	#FFFFFF	#D3D3D3	26
2243	#FFFFFF	#D3D3D3	26
2244	#FFFFFF	#D3D3D3	23
2245	#FFFFFF	#D3D3D3	101
2246	#FFFFFF	#D3D3D3	101
2247	#FFFFFF	#D3D3D3	74
2248	#FFFFFF	#D3D3D3	23
2249	#FFFFFF	#D3D3D3	74
2250	#D12C7D	#101010	49
2251	#D12C7D	#101010	49
2252	#D84A89	#212121	96
2253	#D84A89	#212121	96
2254	#D84A89	#212121	96
2255	#FFFFFF	#D3D3D3	15
2256	#FFFFFF	#D3D3D3	99
2257	#FFFFFF	#D3D3D3	79
2258	#FFFFFF	#D3D3D3	79
2259	#FFFFFF	#D3D3D3	79
2260	#FFFFFF	#D3D3D3	79
2261	#FFFFFF	#D3D3D3	79
2262	#FFFFFF	#D3D3D3	26
2263	#FFFFFF	#D3D3D3	90
2264	#FFFFFF	#D3D3D3	26
2265	#FFFFFF	#D3D3D3	11
2266	#FFFFFF	#D3D3D3	11
2267	#FFFFFF	#D3D3D3	47
2268	#FFFFFF	#D3D3D3	11
2269	#FFFFFF	#D3D3D3	11
2270	#FFFFFF	#D3D3D3	11
2271	#FFFFFF	#D3D3D3	11
2272	#FFFFFF	#D3D3D3	27
2273	#FFFFFF	#D3D3D3	27
2274	#FFFFFF	#D3D3D3	27
2275	#FFFFFF	#D3D3D3	27
2276	#FFFFFF	#D3D3D3	27
2277	#FFFFFF	#D3D3D3	27
2278	#FFFFFF	#D3D3D3	47
2279	#FFFFFF	#D3D3D3	27
2280	#FFFFFF	#D3D3D3	27
2281	#FFFFFF	#D3D3D3	11
2282	#FFFFFF	#D3D3D3	27
2289	#FFFFFF	#D3D3D3	1
2300	#FFFFFF	#D3D3D3	1
2301	#FFFFFF	#D3D3D3	1
2302	#FFFFFF	#D3D3D3	1
2303	#FFFFFF	#D3D3D3	1
2304	#FFFFFF	#D3D3D3	1
2306	#FFFFFF	#D3D3D3	15
2307	#FFFFFF	#D3D3D3	47
2308	#FFFFFF	#D3D3D3	79
2309	#FFFFFF	#D3D3D3	79
2310	#FFFFFF	#D3D3D3	79
2311	#FFFFFF	#D3D3D3	79
2312	#FFFFFF	#D3D3D3	79
2313	#FFFFFF	#D3D3D3	26
2314	#FFFFFF	#D3D3D3	90
2315	#FFFFFF	#D3D3D3	26
2316	#FFFFFF	#D3D3D3	11
2317	#FFFFFF	#D3D3D3	11
2318	#FFFFFF	#D3D3D3	47
2319	#FFFFFF	#D3D3D3	11
2320	#FFFFFF	#D3D3D3	27
2321	#FFFFFF	#D3D3D3	11
2322	#FFFFFF	#D3D3D3	11
2323	#FFFFFF	#D3D3D3	27
2324	#FFFFFF	#D3D3D3	11
2325	#FFFFFF	#D3D3D3	27
2326	#FFFFFF	#D3D3D3	27
2327	#FFFFFF	#D3D3D3	27
2328	#FFFFFF	#D3D3D3	27
2329	#FFFFFF	#D3D3D3	1
2330	#FFFFFF	#D3D3D3	27
2331	#FFFFFF	#D3D3D3	11
2332	#FFFFFF	#D3D3D3	11
2333	#FFFFFF	#D3D3D3	27
2340	#FFFFFF	#D3D3D3	1
2350	#FFFFFF	#D3D3D3	1
2351	#FFFFFF	#D3D3D3	1
2352	#FFFFFF	#D3D3D3	1
2353	#FFFFFF	#D3D3D3	1
2354	#FFFFFF	#D3D3D3	79
2355	#CD1076	#000000	3
2356	#D12C7D	#101010	49
2357	#D84A89	#212121	96
2358	#D84A89	#212121	96
2359	#D84A89	#212121	96
2360	#FFFFFF	#D3D3D3	36
2361	#FFFFFF	#D3D3D3	36
2362	#FFFFFF	#D3D3D3	36
2363	#FFFFFF	#D3D3D3	36
2364	#FFFFFF	#D3D3D3	36
2365	#FFFFFF	#D3D3D3	36
2366	#FFFFFF	#D3D3D3	36
2367	#D12C7D	#101010	49
2368	#FFFFFF	#D3D3D3	2
2369	#FFFFFF	#D3D3D3	2
2370	#FFFFFF	#D3D3D3	2
2371	#FFFFFF	#D3D3D3	2
2372	#FFFFFF	#D3D3D3	2
2373	#FFFFFF	#D3D3D3	2
2374	#FFFFFF	#D3D3D3	36
2375	#FFFFFF	#D3D3D3	2
2376	#FFFFFF	#D3D3D3	2
2377	#FFFFFF	#D3D3D3	2
2378	#D12C7D	#101010	49
2379	#FFFFFF	#D3D3D3	2
2380	#FFFFFF	#D3D3D3	2
2381	#FFFFFF	#D3D3D3	65
2382	#FFFFFF	#D3D3D3	65
2383	#FFFFFF	#D3D3D3	60
2384	#FFFFFF	#D3D3D3	60
2385	#FFFFFF	#D3D3D3	60
2386	#FFFFFF	#D3D3D3	60
2387	#FFFFFF	#D3D3D3	60
2388	#FFFFFF	#D3D3D3	60
2389	#D12C7D	#101010	49
2390	#FFFFFF	#D3D3D3	60
2391	#FFFFFF	#D3D3D3	26
2392	#FFFFFF	#D3D3D3	26
2393	#FFFFFF	#D3D3D3	26
2394	#FFFFFF	#D3D3D3	23
2395	#FFFFFF	#D3D3D3	101
2396	#FFFFFF	#D3D3D3	74
2397	#FFFFFF	#D3D3D3	74
2398	#FFFFFF	#D3D3D3	23
2399	#FFFFFF	#D3D3D3	23
2400	#D12C7D	#101010	49
2401	#D84A89	#212121	96
2402	#D84A89	#212121	96
2403	#D84A89	#212121	96
2404	#D84A89	#212121	96
2406	#D12C7D	#101010	49
2407	#D12C7D	#101010	49
2408	#E77FA7	#4A4A4A	33
2409	#D84A89	#212121	96
2410	#FFFFFF	#D3D3D3	36
2411	#FFFFFF	#D3D3D3	36
2412	#FFFFFF	#D3D3D3	36
2413	#FFFFFF	#D3D3D3	36
2414	#FFFFFF	#D3D3D3	36
2415	#FFFFFF	#D3D3D3	36
2416	#FFFFFF	#D3D3D3	36
2417	#FFFFFF	#D3D3D3	2
2418	#D12C7D	#101010	49
2419	#FFFFFF	#D3D3D3	2
2420	#FFFFFF	#D3D3D3	2
2421	#FFFFFF	#D3D3D3	2
2422	#FFFFFF	#D3D3D3	2
2423	#FFFFFF	#D3D3D3	2
2424	#FFFFFF	#D3D3D3	2
2425	#FFFFFF	#D3D3D3	2
2426	#FFFFFF	#D3D3D3	2
2427	#FFFFFF	#D3D3D3	2
2428	#FFFFFF	#D3D3D3	2
2429	#D12C7D	#101010	49
2430	#FFFFFF	#D3D3D3	2
2431	#FFFFFF	#D3D3D3	65
2432	#FFFFFF	#D3D3D3	65
2433	#FFFFFF	#D3D3D3	60
2434	#FFFFFF	#D3D3D3	60
2435	#FFFFFF	#D3D3D3	60
2436	#FFFFFF	#D3D3D3	60
2437	#FFFFFF	#D3D3D3	60
2438	#FFFFFF	#D3D3D3	60
2439	#FFFFFF	#D3D3D3	60
2440	#D12C7D	#101010	49
2441	#FFFFFF	#D3D3D3	60
2442	#FFFFFF	#D3D3D3	60
2443	#FFFFFF	#D3D3D3	26
2444	#FFFFFF	#D3D3D3	26
2445	#FFFFFF	#D3D3D3	23
2446	#FFFFFF	#D3D3D3	74
2447	#FFFFFF	#D3D3D3	23
2448	#FFFFFF	#D3D3D3	23
2449	#FFFFFF	#D3D3D3	23
2450	#D84A89	#212121	96
2451	#D84A89	#212121	96
2452	#D84A89	#212121	96
2453	#D84A89	#212121	96
2454	#D84A89	#212121	96
2455	#D12C7D	#101010	49
2456	#D12C7D	#101010	49
2457	#D84A89	#212121	96
2458	#E77FA7	#4A4A4A	33
2459	#E77FA7	#4A4A4A	33
2460	#FFFFFF	#D3D3D3	36
2461	#E77FA7	#4A4A4A	33
2462	#FFFFFF	#D3D3D3	36
2463	#FFFFFF	#D3D3D3	36
2464	#FFFFFF	#D3D3D3	36
2465	#FFFFFF	#D3D3D3	36
2466	#FFFFFF	#D3D3D3	2
2467	#D12C7D	#101010	49
2468	#FFFFFF	#D3D3D3	2
2469	#FFFFFF	#D3D3D3	2
2470	#FFFFFF	#D3D3D3	2
2471	#FFFFFF	#D3D3D3	2
2472	#FFFFFF	#D3D3D3	2
2473	#FFFFFF	#D3D3D3	2
2474	#FFFFFF	#D3D3D3	2
2475	#FFFFFF	#D3D3D3	2
2476	#FFFFFF	#D3D3D3	2
2477	#FFFFFF	#D3D3D3	2
2478	#D12C7D	#101010	49
2479	#FFFFFF	#D3D3D3	2
2480	#FFFFFF	#D3D3D3	2
2481	#FFFFFF	#D3D3D3	65
2482	#FFFFFF	#D3D3D3	65
2483	#FFFFFF	#D3D3D3	60
2484	#FFFFFF	#D3D3D3	60
2485	#FFFFFF	#D3D3D3	60
2486	#FFFFFF	#D3D3D3	60
2487	#FFFFFF	#D3D3D3	60
2488	#FFFFFF	#D3D3D3	60
2489	#D12C7D	#101010	49
2490	#FFFFFF	#D3D3D3	60
2491	#FFFFFF	#D3D3D3	60
2492	#FFFFFF	#D3D3D3	60
2493	#FFFFFF	#D3D3D3	26
2494	#FFFFFF	#D3D3D3	26
2495	#FFFFFF	#D3D3D3	23
2496	#FFFFFF	#D3D3D3	23
2497	#FFFFFF	#D3D3D3	23
2498	#FFFFFF	#D3D3D3	23
2499	#FFFFFF	#D3D3D3	23
2500	#D84A89	#212121	96
2501	#D84A89	#212121	96
2502	#D84A89	#212121	96
2503	#D84A89	#212121	96
2504	#D84A89	#212121	96
2506	#D12C7D	#101010	49
2507	#D12C7D	#101010	49
2508	#D84A89	#212121	96
2509	#E77FA7	#4A4A4A	33
2510	#E77FA7	#4A4A4A	33
2511	#E77FA7	#4A4A4A	33
2512	#E77FA7	#4A4A4A	33
2513	#FFFFFF	#D3D3D3	36
2514	#FFFFFF	#D3D3D3	36
2515	#FFFFFF	#D3D3D3	36
2516	#FFFFFF	#D3D3D3	36
2517	#FFFFFF	#D3D3D3	2
2518	#D12C7D	#101010	49
2519	#FFFFFF	#D3D3D3	2
2520	#FFFFFF	#D3D3D3	2
2521	#FFFFFF	#D3D3D3	2
2522	#FFFFFF	#D3D3D3	2
2523	#FFFFFF	#D3D3D3	2
2524	#FFFFFF	#D3D3D3	2
2525	#FFFFFF	#D3D3D3	2
2526	#FFFFFF	#D3D3D3	2
2527	#FFFFFF	#D3D3D3	2
2528	#FFFFFF	#D3D3D3	2
2529	#D12C7D	#101010	49
2530	#FFFFFF	#D3D3D3	2
2531	#FFFFFF	#D3D3D3	2
2532	#FFFFFF	#D3D3D3	65
2533	#FFFFFF	#D3D3D3	65
2534	#FFFFFF	#D3D3D3	60
2535	#FFFFFF	#D3D3D3	60
2536	#FFFFFF	#D3D3D3	60
2537	#FFFFFF	#D3D3D3	60
2538	#FFFFFF	#D3D3D3	60
2539	#FFFFFF	#D3D3D3	60
2540	#D84A89	#212121	96
2541	#FFFFFF	#D3D3D3	60
2542	#FFFFFF	#D3D3D3	60
2543	#FFFFFF	#D3D3D3	60
2544	#FFFFFF	#D3D3D3	26
2545	#FFFFFF	#D3D3D3	26
2546	#FFFFFF	#D3D3D3	23
2547	#FFFFFF	#D3D3D3	23
2548	#FFFFFF	#D3D3D3	23
2549	#FFFFFF	#D3D3D3	23
2550	#D84A89	#212121	96
2551	#D84A89	#212121	96
2552	#D84A89	#212121	96
2553	#D84A89	#212121	96
2554	#D84A89	#212121	96
2555	#CD1076	#000000	32
2556	#D12C7D	#101010	49
2557	#D84A89	#212121	96
2558	#D84A89	#212121	96
2559	#E77FA7	#4A4A4A	33
2560	#E77FA7	#4A4A4A	33
2561	#E77FA7	#4A4A4A	33
2562	#E77FA7	#4A4A4A	33
2563	#FFFFFF	#D3D3D3	36
2564	#FFFFFF	#D3D3D3	2
2565	#FFFFFF	#D3D3D3	36
2566	#FFFFFF	#D3D3D3	36
2567	#D12C7D	#101010	49
2568	#FFFFFF	#D3D3D3	2
2569	#FFFFFF	#D3D3D3	2
2570	#FFFFFF	#D3D3D3	2
2571	#FFFFFF	#D3D3D3	2
2572	#FFFFFF	#D3D3D3	2
2573	#FFFFFF	#D3D3D3	2
2574	#FFFFFF	#D3D3D3	2
2575	#FFFFFF	#D3D3D3	2
2576	#FFFFFF	#D3D3D3	2
2577	#FFFFFF	#D3D3D3	2
2578	#D12C7D	#101010	49
2579	#FFFFFF	#D3D3D3	2
2580	#FFFFFF	#D3D3D3	2
2581	#FFFFFF	#D3D3D3	65
2582	#FFFFFF	#D3D3D3	65
2583	#FFFFFF	#D3D3D3	65
2584	#FFFFFF	#D3D3D3	60
2585	#FFFFFF	#D3D3D3	60
2586	#FFFFFF	#D3D3D3	60
2587	#FFFFFF	#D3D3D3	60
2588	#FFFFFF	#D3D3D3	60
2589	#D84A89	#212121	96
2590	#FFFFFF	#D3D3D3	60
2591	#FFFFFF	#D3D3D3	60
2592	#FFFFFF	#D3D3D3	60
2593	#FFFFFF	#D3D3D3	60
2594	#FFFFFF	#D3D3D3	23
2595	#FFFFFF	#D3D3D3	23
2597	#FFFFFF	#D3D3D3	23
2598	#FFFFFF	#D3D3D3	23
2599	#FFFFFF	#D3D3D3	23
2600	#D84A89	#212121	96
2601	#D84A89	#212121	96
2602	#D84A89	#212121	96
2603	#E77FA7	#4A4A4A	33
2604	#D84A89	#212121	96
2606	#CD1076	#000000	32
2607	#D12C7D	#101010	49
2608	#E77FA7	#4A4A4A	33
2609	#E77FA7	#4A4A4A	33
2610	#E77FA7	#4A4A4A	33
2611	#E77FA7	#4A4A4A	33
2612	#E77FA7	#4A4A4A	33
2613	#E77FA7	#4A4A4A	33
2614	#FFFFFF	#D3D3D3	65
2615	#FFFFFF	#D3D3D3	2
2616	#FFFFFF	#D3D3D3	36
2617	#FFFFFF	#D3D3D3	36
2618	#D12C7D	#101010	49
2619	#FFFFFF	#D3D3D3	36
2620	#FFFFFF	#D3D3D3	2
2621	#FFFFFF	#D3D3D3	2
2622	#FFFFFF	#D3D3D3	2
2623	#FFFFFF	#D3D3D3	2
2624	#FFFFFF	#D3D3D3	2
2625	#FFFFFF	#D3D3D3	2
2626	#FFFFFF	#D3D3D3	2
2627	#FFFFFF	#D3D3D3	2
2628	#FFFFFF	#D3D3D3	2
2629	#D84A89	#212121	96
2630	#FFFFFF	#D3D3D3	2
2631	#FFFFFF	#D3D3D3	65
2632	#FFFFFF	#D3D3D3	65
2633	#FFFFFF	#D3D3D3	65
2634	#FFFFFF	#D3D3D3	65
2635	#FFFFFF	#D3D3D3	65
2636	#FFFFFF	#D3D3D3	65
2637	#FFFFFF	#D3D3D3	60
2638	#FFFFFF	#D3D3D3	60
2639	#FFFFFF	#D3D3D3	60
2640	#D84A89	#212121	96
2641	#FFFFFF	#D3D3D3	31
2642	#FFFFFF	#D3D3D3	60
2643	#FFFFFF	#D3D3D3	72
2644	#FFFFFF	#D3D3D3	72
2645	#FFFFFF	#D3D3D3	23
2646	#FFFFFF	#D3D3D3	23
2648	#FFFFFF	#D3D3D3	23
2649	#FFFFFF	#D3D3D3	23
2650	#D84A89	#212121	96
2651	#D84A89	#212121	96
2652	#E77FA7	#4A4A4A	33
2653	#E77FA7	#4A4A4A	33
2654	#D84A89	#212121	96
2655	#CD1076	#000000	32
2656	#CD1076	#000000	32
2657	#E77FA7	#4A4A4A	33
2658	#E77FA7	#4A4A4A	33
2659	#E77FA7	#4A4A4A	33
2660	#E77FA7	#4A4A4A	33
2661	#E77FA7	#4A4A4A	33
2662	#E77FA7	#4A4A4A	33
2663	#FFFFFF	#D3D3D3	65
2664	#FFFFFF	#D3D3D3	65
2665	#FFFFFF	#D3D3D3	2
2666	#FFFFFF	#D3D3D3	36
2667	#D12C7D	#101010	49
2668	#FFFFFF	#D3D3D3	36
2669	#FFFFFF	#D3D3D3	2
2670	#FFFFFF	#D3D3D3	2
2671	#FFFFFF	#D3D3D3	2
2672	#FFFFFF	#D3D3D3	2
2673	#FFFFFF	#D3D3D3	2
2674	#FFFFFF	#D3D3D3	2
2675	#FFFFFF	#D3D3D3	2
2676	#FFFFFF	#D3D3D3	2
2677	#FFFFFF	#D3D3D3	2
2678	#D84A89	#212121	96
2679	#FFFFFF	#D3D3D3	2
2680	#FFFFFF	#D3D3D3	65
2681	#FFFFFF	#D3D3D3	65
2682	#FFFFFF	#D3D3D3	31
2683	#FFFFFF	#D3D3D3	65
2684	#FFFFFF	#D3D3D3	65
2685	#FFFFFF	#D3D3D3	65
2686	#FFFFFF	#D3D3D3	60
2687	#FFFFFF	#D3D3D3	60
2688	#FFFFFF	#D3D3D3	60
2689	#D84A89	#212121	96
2690	#FFFFFF	#D3D3D3	31
2691	#FFFFFF	#D3D3D3	60
2692	#FFFFFF	#D3D3D3	60
2693	#FFFFFF	#D3D3D3	72
2694	#FFFFFF	#D3D3D3	23
2695	#FFFFFF	#D3D3D3	23
2696	#FFFFFF	#D3D3D3	23
2698	#FFFFFF	#D3D3D3	23
2699	#FFFFFF	#D3D3D3	23
2700	#D84A89	#212121	96
2701	#D84A89	#212121	96
2702	#E77FA7	#4A4A4A	33
2703	#E77FA7	#4A4A4A	33
2704	#E77FA7	#4A4A4A	33
2706	#CD1076	#000000	32
2707	#D12C7D	#101010	49
2708	#E77FA7	#4A4A4A	33
2709	#E77FA7	#4A4A4A	33
2710	#E77FA7	#4A4A4A	33
2711	#E77FA7	#4A4A4A	33
2712	#E77FA7	#4A4A4A	33
2713	#FFFFFF	#D3D3D3	65
2714	#FFFFFF	#D3D3D3	65
2715	#FFFFFF	#D3D3D3	65
2716	#FFFFFF	#D3D3D3	2
2717	#FFFFFF	#D3D3D3	36
2718	#D84A89	#212121	96
2719	#FFFFFF	#D3D3D3	36
2720	#FFFFFF	#D3D3D3	2
2721	#FFFFFF	#D3D3D3	2
2722	#FFFFFF	#D3D3D3	2
2723	#FFFFFF	#D3D3D3	2
2724	#FFFFFF	#D3D3D3	2
2725	#FFFFFF	#D3D3D3	2
2726	#FFFFFF	#D3D3D3	2
2727	#FFFFFF	#D3D3D3	2
2728	#FFFFFF	#D3D3D3	2
2729	#D84A89	#212121	96
2730	#FFFFFF	#D3D3D3	65
2731	#FFFFFF	#D3D3D3	65
2732	#FFFFFF	#D3D3D3	31
2733	#FFFFFF	#D3D3D3	65
2734	#FFFFFF	#D3D3D3	31
2735	#FFFFFF	#D3D3D3	65
2736	#FFFFFF	#D3D3D3	60
2737	#FFFFFF	#D3D3D3	60
2738	#FFFFFF	#D3D3D3	60
2739	#FFFFFF	#D3D3D3	31
2740	#D84A89	#212121	96
2741	#FFFFFF	#D3D3D3	60
2742	#FFFFFF	#D3D3D3	60
2743	#FFFFFF	#D3D3D3	72
2744	#FFFFFF	#D3D3D3	72
2745	#FFFFFF	#D3D3D3	23
2746	#FFFFFF	#D3D3D3	23
2747	#FFFFFF	#D3D3D3	23
2749	#FFFFFF	#D3D3D3	23
2750	#D84A89	#212121	96
2751	#E77FA7	#4A4A4A	33
2752	#E77FA7	#4A4A4A	33
2753	#E77FA7	#4A4A4A	33
2754	#E77FA7	#4A4A4A	33
2755	#CD1076	#000000	32
2756	#D12C7D	#101010	49
2757	#E77FA7	#4A4A4A	33
2758	#E77FA7	#4A4A4A	33
2759	#E77FA7	#4A4A4A	33
2760	#E77FA7	#4A4A4A	33
2761	#E77FA7	#4A4A4A	33
2762	#FBDBE5	#AAAAAA	12
2763	#FFFFFF	#D3D3D3	65
2764	#FFFFFF	#D3D3D3	65
2765	#FFFFFF	#D3D3D3	65
2766	#FFFFFF	#D3D3D3	2
2767	#D12C7D	#101010	49
2768	#FFFFFF	#D3D3D3	2
2769	#FFFFFF	#D3D3D3	2
2770	#FFFFFF	#D3D3D3	2
2771	#FFFFFF	#D3D3D3	2
2772	#FFFFFF	#D3D3D3	2
2773	#FFFFFF	#D3D3D3	65
2774	#FFFFFF	#D3D3D3	65
2775	#FFFFFF	#D3D3D3	65
2776	#FFFFFF	#D3D3D3	2
2777	#FFFFFF	#D3D3D3	2
2778	#E77FA7	#4A4A4A	33
2779	#FFFFFF	#D3D3D3	65
2780	#FFFFFF	#D3D3D3	65
2781	#FFFFFF	#D3D3D3	31
2782	#FFFFFF	#D3D3D3	31
2783	#FFFFFF	#D3D3D3	31
2784	#FFFFFF	#D3D3D3	31
2785	#FFFFFF	#D3D3D3	31
2786	#FFFFFF	#D3D3D3	31
2787	#FFFFFF	#D3D3D3	31
2788	#FFFFFF	#D3D3D3	31
2789	#D84A89	#212121	96
2790	#FFFFFF	#D3D3D3	60
2791	#FFFFFF	#D3D3D3	60
2792	#FFFFFF	#D3D3D3	72
2793	#FFFFFF	#D3D3D3	72
2794	#FFFFFF	#D3D3D3	72
2795	#FFFFFF	#D3D3D3	23
2796	#FFFFFF	#D3D3D3	23
2797	#FFFFFF	#D3D3D3	23
2798	#FFFFFF	#D3D3D3	23
2799	#FFFFFF	#D3D3D3	23
2800	#D84A89	#212121	96
2801	#E77FA7	#4A4A4A	33
2802	#E77FA7	#4A4A4A	33
2803	#E77FA7	#4A4A4A	33
2804	#E77FA7	#4A4A4A	33
2806	#CD1076	#000000	32
2807	#D12C7D	#101010	49
2808	#E77FA7	#4A4A4A	33
2809	#E77FA7	#4A4A4A	33
2810	#E77FA7	#4A4A4A	33
2811	#E77FA7	#4A4A4A	33
2812	#FBDBE5	#AAAAAA	12
2813	#FBDBE5	#AAAAAA	12
2814	#FFFFFF	#D3D3D3	65
2815	#FFFFFF	#D3D3D3	65
2816	#FFFFFF	#D3D3D3	65
2817	#FFFFFF	#D3D3D3	2
2818	#D12C7D	#101010	49
2819	#FFFFFF	#D3D3D3	2
2820	#FFFFFF	#D3D3D3	2
2821	#FFFFFF	#D3D3D3	2
2822	#FFFFFF	#D3D3D3	65
2823	#FFFFFF	#D3D3D3	2
2824	#FFFFFF	#D3D3D3	65
2825	#FFFFFF	#D3D3D3	65
2826	#FFFFFF	#D3D3D3	65
2827	#FFFFFF	#D3D3D3	65
2828	#FFFFFF	#D3D3D3	65
2829	#E77FA7	#4A4A4A	33
2830	#FFFFFF	#D3D3D3	31
2831	#FFFFFF	#D3D3D3	31
2832	#FFFFFF	#D3D3D3	31
2833	#FFFFFF	#D3D3D3	31
2834	#FFFFFF	#D3D3D3	31
2835	#FFFFFF	#D3D3D3	31
2836	#FFFFFF	#D3D3D3	31
2837	#FFFFFF	#D3D3D3	31
2838	#FFFFFF	#D3D3D3	31
2839	#FFFFFF	#D3D3D3	60
2840	#D84A89	#212121	96
2841	#FFFFFF	#D3D3D3	60
2842	#FFFFFF	#D3D3D3	72
2843	#FFFFFF	#D3D3D3	72
2844	#FFFFFF	#D3D3D3	72
2845	#FFFFFF	#D3D3D3	23
2846	#FFFFFF	#D3D3D3	23
2847	#FFFFFF	#D3D3D3	23
2848	#FFFFFF	#D3D3D3	23
2850	#E77FA7	#4A4A4A	33
2851	#E77FA7	#4A4A4A	33
2852	#E77FA7	#4A4A4A	33
2853	#E77FA7	#4A4A4A	33
2854	#E77FA7	#4A4A4A	33
2855	#CD1076	#000000	32
2856	#CD1076	#000000	32
2857	#E77FA7	#4A4A4A	33
2858	#E77FA7	#4A4A4A	33
2859	#E77FA7	#4A4A4A	33
2860	#E77FA7	#4A4A4A	33
2861	#FBDBE5	#AAAAAA	12
2862	#FBDBE5	#AAAAAA	12
2863	#FBDBE5	#AAAAAA	12
2864	#FBDBE5	#AAAAAA	12
2865	#FFFFFF	#D3D3D3	65
2866	#FFFFFF	#D3D3D3	65
2867	#D12C7D	#101010	49
2868	#FFFFFF	#D3D3D3	2
2869	#FFFFFF	#D3D3D3	2
2870	#FFFFFF	#D3D3D3	65
2871	#FFFFFF	#D3D3D3	65
2872	#FFFFFF	#D3D3D3	65
2873	#FFFFFF	#D3D3D3	65
2874	#FFFFFF	#D3D3D3	65
2875	#FFFFFF	#D3D3D3	65
2876	#FFFFFF	#D3D3D3	65
2877	#FFFFFF	#D3D3D3	65
2878	#D12C7D	#101010	49
2879	#FFFFFF	#D3D3D3	65
2880	#FFFFFF	#D3D3D3	31
2881	#FFFFFF	#D3D3D3	31
2882	#FFFFFF	#D3D3D3	31
2883	#FFFFFF	#D3D3D3	31
2884	#FFFFFF	#D3D3D3	31
2885	#FFFFFF	#D3D3D3	31
2886	#FFFFFF	#D3D3D3	31
2887	#FFFFFF	#D3D3D3	31
2888	#FFFFFF	#D3D3D3	31
2889	#E77FA7	#4A4A4A	33
2890	#FFFFFF	#D3D3D3	60
2891	#FFFFFF	#D3D3D3	60
2892	#FFFFFF	#D3D3D3	72
2893	#FFFFFF	#D3D3D3	72
2894	#FFFFFF	#D3D3D3	72
2895	#FFFFFF	#D3D3D3	23
2896	#FFFFFF	#D3D3D3	23
2897	#FFFFFF	#D3D3D3	23
2898	#FFFFFF	#D3D3D3	23
2899	#FFFFFF	#D3D3D3	23
2900	#D84A89	#212121	96
2901	#E77FA7	#4A4A4A	33
2902	#E77FA7	#4A4A4A	33
2903	#E77FA7	#4A4A4A	33
2904	#E77FA7	#4A4A4A	33
2906	#CD1076	#000000	32
2907	#D12C7D	#101010	49
2908	#E77FA7	#4A4A4A	33
2909	#E77FA7	#4A4A4A	33
2910	#E77FA7	#4A4A4A	33
2911	#FBDBE5	#AAAAAA	12
2912	#FBDBE5	#AAAAAA	12
2913	#FBDBE5	#AAAAAA	12
2914	#FBDBE5	#AAAAAA	12
2915	#FBDBE5	#AAAAAA	12
2916	#FBDBE5	#AAAAAA	12
2917	#FFFFFF	#D3D3D3	65
2918	#D12C7D	#101010	49
2919	#FFFFFF	#D3D3D3	65
2920	#FFFFFF	#D3D3D3	2
2921	#FFFFFF	#D3D3D3	65
2922	#FFFFFF	#D3D3D3	65
2923	#FFFFFF	#D3D3D3	65
2924	#FFFFFF	#D3D3D3	65
2925	#FFFFFF	#D3D3D3	65
2926	#FFFFFF	#D3D3D3	65
2927	#FFFFFF	#D3D3D3	65
2928	#FFFFFF	#D3D3D3	65
2929	#D12C7D	#101010	49
2930	#FFFFFF	#D3D3D3	65
2931	#FFFFFF	#D3D3D3	31
2932	#FFFFFF	#D3D3D3	31
2933	#FFFFFF	#D3D3D3	31
2934	#FFFFFF	#D3D3D3	31
2935	#FFFFFF	#D3D3D3	31
2936	#FFFFFF	#D3D3D3	31
2937	#FFFFFF	#D3D3D3	31
2938	#FFFFFF	#D3D3D3	31
2939	#FFFFFF	#D3D3D3	31
2940	#E77FA7	#4A4A4A	33
2941	#FFFFFF	#D3D3D3	60
2942	#FFFFFF	#D3D3D3	72
2943	#FFFFFF	#D3D3D3	72
2944	#FFFFFF	#D3D3D3	72
2945	#FFFFFF	#D3D3D3	72
2946	#FFFFFF	#D3D3D3	72
2947	#FFFFFF	#D3D3D3	23
2948	#FFFFFF	#D3D3D3	23
2949	#FFFFFF	#D3D3D3	23
2950	#E77FA7	#4A4A4A	33
2951	#E77FA7	#4A4A4A	33
2952	#E77FA7	#4A4A4A	33
2953	#E77FA7	#4A4A4A	33
2954	#E77FA7	#4A4A4A	33
2955	#CD1076	#000000	32
2956	#CD1076	#000000	32
2957	#E77FA7	#4A4A4A	33
2958	#E77FA7	#4A4A4A	33
2959	#E77FA7	#4A4A4A	33
2960	#FBDBE5	#AAAAAA	12
2961	#FBDBE5	#AAAAAA	12
2962	#FBDBE5	#AAAAAA	12
2963	#FBDBE5	#AAAAAA	12
2964	#FBDBE5	#AAAAAA	12
2965	#FBDBE5	#AAAAAA	12
2966	#FBDBE5	#AAAAAA	12
2967	#D12C7D	#101010	49
2968	#FFFFFF	#D3D3D3	65
2969	#FFFFFF	#D3D3D3	65
2970	#FFFFFF	#D3D3D3	65
2971	#FFFFFF	#D3D3D3	65
2972	#FFFFFF	#D3D3D3	65
2973	#FFFFFF	#D3D3D3	65
2974	#FFFFFF	#D3D3D3	65
2975	#FFFFFF	#D3D3D3	65
2976	#FFFFFF	#D3D3D3	65
2977	#FFFFFF	#D3D3D3	65
2978	#D12C7D	#101010	49
2979	#FFFFFF	#D3D3D3	65
2980	#FFFFFF	#D3D3D3	65
2981	#FFFFFF	#D3D3D3	31
2982	#FFFFFF	#D3D3D3	31
2983	#FFFFFF	#D3D3D3	31
2984	#FFFFFF	#D3D3D3	31
2985	#FFFFFF	#D3D3D3	31
2986	#FFFFFF	#D3D3D3	31
2987	#FFFFFF	#D3D3D3	31
2988	#FFFFFF	#D3D3D3	31
2989	#D12C7D	#101010	49
2990	#FFFFFF	#D3D3D3	60
2991	#FFFFFF	#D3D3D3	60
2992	#FFFFFF	#D3D3D3	72
2993	#FFFFFF	#D3D3D3	72
2994	#FFFFFF	#D3D3D3	72
2995	#FFFFFF	#D3D3D3	72
2996	#FFFFFF	#D3D3D3	72
2997	#FFFFFF	#D3D3D3	23
2999	#FFFFFF	#D3D3D3	23
3000	#E77FA7	#4A4A4A	33
3001	#E77FA7	#4A4A4A	33
3002	#E77FA7	#4A4A4A	33
3003	#E77FA7	#4A4A4A	33
3004	#E77FA7	#4A4A4A	33
3006	#CD1076	#000000	32
3007	#CD1076	#000000	32
3008	#E77FA7	#4A4A4A	33
3009	#E77FA7	#4A4A4A	33
3010	#FBDBE5	#AAAAAA	12
3011	#FBDBE5	#AAAAAA	12
3012	#FBDBE5	#AAAAAA	12
3013	#FBDBE5	#AAAAAA	12
3014	#FBDBE5	#AAAAAA	12
3015	#FBDBE5	#AAAAAA	12
3016	#FBDBE5	#AAAAAA	12
3017	#FBDBE5	#AAAAAA	12
3018	#D12C7D	#101010	49
3019	#FBDBE5	#AAAAAA	12
3020	#FFFFFF	#D3D3D3	65
3021	#FFFFFF	#D3D3D3	65
3022	#FFFFFF	#D3D3D3	65
3023	#FFFFFF	#D3D3D3	65
3024	#FFFFFF	#D3D3D3	65
3025	#FFFFFF	#D3D3D3	65
3026	#FFFFFF	#D3D3D3	65
3027	#FFFFFF	#D3D3D3	65
3028	#FFFFFF	#D3D3D3	65
3029	#D12C7D	#101010	49
3030	#FFFFFF	#D3D3D3	65
3031	#FFFFFF	#D3D3D3	65
3032	#FFFFFF	#D3D3D3	31
3033	#FFFFFF	#D3D3D3	31
3034	#FFFFFF	#D3D3D3	31
3035	#FFFFFF	#D3D3D3	31
3036	#FFFFFF	#D3D3D3	31
3037	#FFFFFF	#D3D3D3	31
3038	#FFFFFF	#D3D3D3	31
3039	#FFFFFF	#D3D3D3	31
3040	#D33680	#151515	64
3041	#FFFFFF	#D3D3D3	60
3042	#FFFFFF	#D3D3D3	60
3043	#FFFFFF	#D3D3D3	72
3044	#FFFFFF	#D3D3D3	72
3045	#FFFFFF	#D3D3D3	72
3046	#FFFFFF	#D3D3D3	72
3047	#FFFFFF	#D3D3D3	72
3048	#FFFFFF	#D3D3D3	23
3049	#FFFFFF	#D3D3D3	23
3050	#E77FA7	#4A4A4A	33
3051	#E77FA7	#4A4A4A	33
3052	#E77FA7	#4A4A4A	33
3053	#E77FA7	#4A4A4A	33
3054	#E77FA7	#4A4A4A	33
3055	#CD1076	#000000	32
3056	#CD1076	#000000	32
3057	#E77FA7	#4A4A4A	33
3058	#E77FA7	#4A4A4A	33
3059	#E77FA7	#4A4A4A	33
3060	#FBDBE5	#AAAAAA	12
3061	#FBDBE5	#AAAAAA	12
3062	#FBDBE5	#AAAAAA	12
3063	#FBDBE5	#AAAAAA	12
3064	#FBDBE5	#AAAAAA	12
3065	#FBDBE5	#AAAAAA	12
3066	#FBDBE5	#AAAAAA	12
3067	#CD1076	#000000	32
3068	#FBDBE5	#AAAAAA	12
3069	#FBDBE5	#AAAAAA	12
3070	#FFFFFF	#D3D3D3	65
3071	#FFFFFF	#D3D3D3	65
3072	#FFFFFF	#D3D3D3	65
3073	#FFFFFF	#D3D3D3	65
3074	#FFFFFF	#D3D3D3	65
3075	#FFFFFF	#D3D3D3	65
3076	#FFFFFF	#D3D3D3	65
3077	#FFFFFF	#D3D3D3	65
3078	#D12C7D	#101010	49
3079	#FFFFFF	#D3D3D3	65
3080	#FFFFFF	#D3D3D3	65
3081	#FFFFFF	#D3D3D3	65
3082	#FFFFFF	#D3D3D3	31
3083	#FFFFFF	#D3D3D3	31
3084	#FFFFFF	#D3D3D3	31
3085	#FFFFFF	#D3D3D3	31
3086	#FFFFFF	#D3D3D3	31
3087	#FFFFFF	#D3D3D3	31
3088	#FFFFFF	#D3D3D3	31
3089	#D33680	#151515	64
3090	#FFFFFF	#D3D3D3	60
3091	#FFFFFF	#D3D3D3	60
3092	#FFFFFF	#D3D3D3	60
3093	#FFFFFF	#D3D3D3	72
3094	#FFFFFF	#D3D3D3	72
3095	#FFFFFF	#D3D3D3	72
3096	#FFFFFF	#D3D3D3	72
3097	#FFFFFF	#D3D3D3	72
3098	#FFFFFF	#D3D3D3	23
3100	#D33680	#151515	64
3101	#E77FA7	#4A4A4A	33
3102	#E77FA7	#4A4A4A	33
3103	#E77FA7	#4A4A4A	33
3104	#E77FA7	#4A4A4A	33
3106	#CD1076	#000000	32
3107	#CD1076	#000000	32
3108	#FBDBE5	#AAAAAA	12
3109	#FBDBE5	#AAAAAA	12
3110	#FBDBE5	#AAAAAA	12
3111	#FBDBE5	#AAAAAA	12
3112	#FBDBE5	#AAAAAA	12
3113	#FBDBE5	#AAAAAA	12
3114	#FBDBE5	#AAAAAA	12
3115	#FBDBE5	#AAAAAA	12
3116	#FBDBE5	#AAAAAA	12
3117	#FBDBE5	#AAAAAA	12
3118	#CD1076	#000000	32
3119	#FBDBE5	#AAAAAA	12
3120	#FBDBE5	#AAAAAA	12
3121	#FFFFFF	#D3D3D3	65
3122	#FFFFFF	#D3D3D3	65
3123	#FFFFFF	#D3D3D3	65
3124	#FFFFFF	#D3D3D3	65
3125	#FFFFFF	#D3D3D3	65
3126	#FFFFFF	#D3D3D3	65
3127	#FFFFFF	#D3D3D3	65
3128	#FFFFFF	#D3D3D3	65
3129	#D33680	#151515	64
3130	#FFFFFF	#D3D3D3	65
3131	#FFFFFF	#D3D3D3	65
3132	#FFFFFF	#D3D3D3	31
3133	#FFFFFF	#D3D3D3	31
3134	#FFFFFF	#D3D3D3	31
3135	#FFFFFF	#D3D3D3	31
3136	#FFFFFF	#D3D3D3	31
3137	#FFFFFF	#D3D3D3	31
3138	#FFFFFF	#D3D3D3	31
3139	#FFFFFF	#D3D3D3	31
3140	#D33680	#151515	64
3141	#FFFFFF	#D3D3D3	60
3142	#FFFFFF	#D3D3D3	60
3143	#FFFFFF	#D3D3D3	60
3144	#FFFFFF	#D3D3D3	72
3145	#FFFFFF	#D3D3D3	72
3146	#FFFFFF	#D3D3D3	72
3147	#FFFFFF	#D3D3D3	72
3148	#FFFFFF	#D3D3D3	72
3149	#FFFFFF	#D3D3D3	23
3150	#D33680	#151515	64
3151	#E77FA7	#4A4A4A	33
3152	#E77FA7	#4A4A4A	33
3153	#E77FA7	#4A4A4A	33
3154	#E77FA7	#4A4A4A	33
3155	#CD1076	#000000	32
3156	#CD1076	#000000	32
3157	#E77FA7	#4A4A4A	33
3158	#FBDBE5	#AAAAAA	12
3159	#FBDBE5	#AAAAAA	12
3160	#FBDBE5	#AAAAAA	12
3161	#FBDBE5	#AAAAAA	12
3162	#FBDBE5	#AAAAAA	12
3163	#FBDBE5	#AAAAAA	12
3164	#FBDBE5	#AAAAAA	12
3165	#FBDBE5	#AAAAAA	12
3166	#FBDBE5	#AAAAAA	12
3167	#CD1076	#000000	32
3168	#FBDBE5	#AAAAAA	12
3169	#FBDBE5	#AAAAAA	12
3170	#FFFFFF	#D3D3D3	65
3171	#FFFFFF	#D3D3D3	65
3172	#FFFFFF	#D3D3D3	65
3173	#FFFFFF	#D3D3D3	65
3174	#FFFFFF	#D3D3D3	65
3175	#FFFFFF	#D3D3D3	65
3176	#FFFFFF	#D3D3D3	65
3177	#FFFFFF	#D3D3D3	65
3178	#CD1076	#000000	77
3179	#FFFFFF	#D3D3D3	65
3180	#FFFFFF	#D3D3D3	65
3181	#FFFFFF	#D3D3D3	31
3182	#FFFFFF	#D3D3D3	31
3183	#FFFFFF	#D3D3D3	31
3184	#FFFFFF	#D3D3D3	31
3185	#FFFFFF	#D3D3D3	31
3186	#FFFFFF	#D3D3D3	31
3187	#FFFFFF	#D3D3D3	31
3188	#FFFFFF	#D3D3D3	31
3189	#D33680	#151515	64
3190	#FFFFFF	#D3D3D3	31
3191	#FFFFFF	#D3D3D3	60
3192	#FFFFFF	#D3D3D3	60
3193	#FFFFFF	#D3D3D3	60
3194	#FFFFFF	#D3D3D3	72
3195	#FFFFFF	#D3D3D3	72
3196	#FFFFFF	#D3D3D3	72
3197	#FFFFFF	#D3D3D3	72
3198	#FFFFFF	#D3D3D3	72
3199	#FFFFFF	#D3D3D3	23
3200	#D33680	#151515	64
3201	#D33680	#151515	64
3202	#E77FA7	#4A4A4A	33
3203	#E77FA7	#4A4A4A	33
3204	#E77FA7	#4A4A4A	33
3206	#CD1076	#000000	32
3207	#CD1076	#000000	32
3208	#FBDBE5	#AAAAAA	12
3209	#FBDBE5	#AAAAAA	12
3210	#FBDBE5	#AAAAAA	12
3211	#FBDBE5	#AAAAAA	12
3212	#FBDBE5	#AAAAAA	12
3213	#FBDBE5	#AAAAAA	12
3214	#FBDBE5	#AAAAAA	12
3215	#FBDBE5	#AAAAAA	12
3216	#FBDBE5	#AAAAAA	12
3217	#FBDBE5	#AAAAAA	12
3218	#CD1076	#000000	77
3219	#FBDBE5	#AAAAAA	12
3220	#FBDBE5	#AAAAAA	12
3221	#FFFFFF	#D3D3D3	65
3222	#FFFFFF	#D3D3D3	65
3223	#FFFFFF	#D3D3D3	65
3224	#FFFFFF	#D3D3D3	65
3225	#FFFFFF	#D3D3D3	65
3226	#FFFFFF	#D3D3D3	65
3227	#FFFFFF	#D3D3D3	65
3228	#FFFFFF	#D3D3D3	65
3229	#CD1076	#000000	77
3230	#FFFFFF	#D3D3D3	65
3231	#FFFFFF	#D3D3D3	65
3232	#FFFFFF	#D3D3D3	31
3233	#FFFFFF	#D3D3D3	31
3234	#FFFFFF	#D3D3D3	31
3235	#FFFFFF	#D3D3D3	31
3236	#FFFFFF	#D3D3D3	31
3237	#FFFFFF	#D3D3D3	31
3238	#FFFFFF	#D3D3D3	31
3239	#FFFFFF	#D3D3D3	31
3240	#D33680	#151515	64
3241	#FFFFFF	#D3D3D3	31
3242	#FFFFFF	#D3D3D3	60
3243	#FFFFFF	#D3D3D3	60
3244	#FFFFFF	#D3D3D3	60
3245	#FFFFFF	#D3D3D3	72
3246	#FFFFFF	#D3D3D3	72
3247	#FFFFFF	#D3D3D3	72
3248	#FFFFFF	#D3D3D3	72
3249	#FFFFFF	#D3D3D3	72
3250	#D33680	#151515	64
3251	#D33680	#151515	64
3252	#E77FA7	#4A4A4A	33
3253	#E77FA7	#4A4A4A	33
3254	#E77FA7	#4A4A4A	33
3255	#CD1076	#000000	32
3256	#CD1076	#000000	32
3257	#FBDBE5	#AAAAAA	12
3258	#FBDBE5	#AAAAAA	12
3259	#FBDBE5	#AAAAAA	12
3260	#FBDBE5	#AAAAAA	12
3261	#FBDBE5	#AAAAAA	12
3262	#FBDBE5	#AAAAAA	12
3263	#FBDBE5	#AAAAAA	12
3264	#FBDBE5	#AAAAAA	12
3265	#FBDBE5	#AAAAAA	12
3266	#FBDBE5	#AAAAAA	12
3267	#CD1076	#000000	77
3268	#FBDBE5	#AAAAAA	12
3269	#FBDBE5	#AAAAAA	12
3270	#FBDBE5	#AAAAAA	12
3271	#FFFFFF	#D3D3D3	65
3272	#FFFFFF	#D3D3D3	65
3273	#FFFFFF	#D3D3D3	65
3274	#FFFFFF	#D3D3D3	65
3275	#FFFFFF	#D3D3D3	65
3276	#FFFFFF	#D3D3D3	65
3277	#FFFFFF	#D3D3D3	65
3278	#CD1076	#000000	77
3279	#FFFFFF	#D3D3D3	65
3280	#FFFFFF	#D3D3D3	65
3281	#FFFFFF	#D3D3D3	65
3282	#FFFFFF	#D3D3D3	31
3283	#FFFFFF	#D3D3D3	31
3284	#FFFFFF	#D3D3D3	31
3285	#FFFFFF	#D3D3D3	31
3286	#FFFFFF	#D3D3D3	31
3287	#FFFFFF	#D3D3D3	31
3288	#FFFFFF	#D3D3D3	31
3289	#D33680	#151515	64
3290	#FFFFFF	#D3D3D3	31
3291	#FFFFFF	#D3D3D3	60
3292	#FFFFFF	#D3D3D3	60
3293	#FFFFFF	#D3D3D3	60
3294	#FFFFFF	#D3D3D3	60
3295	#FFFFFF	#D3D3D3	60
3296	#FFFFFF	#D3D3D3	72
3297	#FFFFFF	#D3D3D3	72
3298	#FFFFFF	#D3D3D3	72
3299	#FFFFFF	#D3D3D3	72
3300	#D33680	#151515	64
3301	#D33680	#151515	64
3302	#E77FA7	#4A4A4A	33
3303	#E77FA7	#4A4A4A	33
3304	#E77FA7	#4A4A4A	33
3306	#CD1076	#000000	32
3307	#CD1076	#000000	77
3308	#FBDBE5	#AAAAAA	12
3309	#FBDBE5	#AAAAAA	12
3310	#FBDBE5	#AAAAAA	12
3311	#FBDBE5	#AAAAAA	12
3312	#FBDBE5	#AAAAAA	12
3313	#FBDBE5	#AAAAAA	12
3314	#FBDBE5	#AAAAAA	12
3315	#FBDBE5	#AAAAAA	12
3316	#FBDBE5	#AAAAAA	12
3317	#FBDBE5	#AAAAAA	12
3318	#CD1076	#000000	77
3319	#FBDBE5	#AAAAAA	12
3320	#FBDBE5	#AAAAAA	12
3321	#FBDBE5	#AAAAAA	12
3322	#FFFFFF	#D3D3D3	65
3323	#FFFFFF	#D3D3D3	65
3324	#FFFFFF	#D3D3D3	65
3325	#FFFFFF	#D3D3D3	65
3326	#FFFFFF	#D3D3D3	65
3327	#FFFFFF	#D3D3D3	65
3328	#FFFFFF	#D3D3D3	65
3329	#D33680	#151515	64
3330	#FFFFFF	#D3D3D3	65
3331	#FFFFFF	#D3D3D3	65
3332	#FFFFFF	#D3D3D3	65
3333	#FFFFFF	#D3D3D3	31
3334	#FFFFFF	#D3D3D3	31
3335	#FFFFFF	#D3D3D3	31
3336	#FFFFFF	#D3D3D3	31
3337	#FFFFFF	#D3D3D3	31
3338	#FFFFFF	#D3D3D3	31
3339	#FFFFFF	#D3D3D3	31
3340	#D33680	#151515	64
3341	#FFFFFF	#D3D3D3	31
3342	#FFFFFF	#D3D3D3	60
3343	#FFFFFF	#D3D3D3	60
3344	#FFFFFF	#D3D3D3	60
3345	#FFFFFF	#D3D3D3	60
3346	#FFFFFF	#D3D3D3	72
3347	#FFFFFF	#D3D3D3	72
3348	#FFFFFF	#D3D3D3	72
3349	#FFFFFF	#D3D3D3	72
3350	#D33680	#151515	64
3351	#E77FA7	#4A4A4A	33
3352	#E77FA7	#4A4A4A	33
3353	#E77FA7	#4A4A4A	33
3354	#FBDBE5	#AAAAAA	12
3355	#FFFFFF	#D3D3D3	15
3356	#FFFFFF	#D3D3D3	15
3357	#FFFFFF	#D3D3D3	79
3358	#FFFFFF	#D3D3D3	79
3359	#FFFFFF	#D3D3D3	79
3360	#FFFFFF	#D3D3D3	79
3361	#FFFFFF	#D3D3D3	79
3362	#FFFFFF	#D3D3D3	79
3363	#FFFFFF	#D3D3D3	26
3364	#FFFFFF	#D3D3D3	90
3365	#FFFFFF	#D3D3D3	26
3366	#FFFFFF	#D3D3D3	11
3367	#FFFFFF	#D3D3D3	47
3368	#FFFFFF	#D3D3D3	11
3369	#FFFFFF	#D3D3D3	27
3370	#FFFFFF	#D3D3D3	27
3371	#FFFFFF	#D3D3D3	11
3372	#FFFFFF	#D3D3D3	11
3373	#FFFFFF	#D3D3D3	11
3374	#FFFFFF	#D3D3D3	11
3375	#FFFFFF	#D3D3D3	27
3376	#FFFFFF	#D3D3D3	27
3377	#FFFFFF	#D3D3D3	11
3378	#FFFFFF	#D3D3D3	1
3379	#FFFFFF	#D3D3D3	11
3380	#FFFFFF	#D3D3D3	11
3381	#FFFFFF	#D3D3D3	11
3382	#FFFFFF	#D3D3D3	11
3383	#FFFFFF	#D3D3D3	27
3389	#FFFFFF	#D3D3D3	1
3400	#FFFFFF	#D3D3D3	1
3401	#FFFFFF	#D3D3D3	47
3402	#FFFFFF	#D3D3D3	1
3403	#FFFFFF	#D3D3D3	1
3404	#FFFFFF	#D3D3D3	1
3406	#FFFFFF	#D3D3D3	15
3407	#FFFFFF	#D3D3D3	47
3408	#FFFFFF	#D3D3D3	79
3409	#FFFFFF	#D3D3D3	1
3410	#FFFFFF	#D3D3D3	1
3411	#FFFFFF	#D3D3D3	79
3412	#FFFFFF	#D3D3D3	79
3413	#FFFFFF	#D3D3D3	79
3414	#FFFFFF	#D3D3D3	26
3415	#FFFFFF	#D3D3D3	90
3416	#FFFFFF	#D3D3D3	26
3417	#FFFFFF	#D3D3D3	11
3418	#FFFFFF	#D3D3D3	1
3419	#FFFFFF	#D3D3D3	11
3420	#FFFFFF	#D3D3D3	27
3421	#FFFFFF	#D3D3D3	27
3422	#FFFFFF	#D3D3D3	11
3423	#FFFFFF	#D3D3D3	11
3424	#FFFFFF	#D3D3D3	11
3425	#FFFFFF	#D3D3D3	27
3426	#FFFFFF	#D3D3D3	11
3427	#FFFFFF	#D3D3D3	27
3428	#FFFFFF	#D3D3D3	11
3429	#FFFFFF	#D3D3D3	1
3430	#FFFFFF	#D3D3D3	11
3431	#FFFFFF	#D3D3D3	11
3432	#FFFFFF	#D3D3D3	11
3433	#FFFFFF	#D3D3D3	11
3434	#FFFFFF	#D3D3D3	27
3440	#FFFFFF	#D3D3D3	1
3450	#FFFFFF	#D3D3D3	1
3451	#FFFFFF	#D3D3D3	47
3452	#FFFFFF	#D3D3D3	1
3453	#FFFFFF	#D3D3D3	1
3454	#FFFFFF	#D3D3D3	1
3455	#CD1076	#000000	32
3456	#CD1076	#000000	77
3457	#FBDBE5	#AAAAAA	12
3458	#FBDBE5	#AAAAAA	12
3459	#FBDBE5	#AAAAAA	12
3460	#FBDBE5	#AAAAAA	12
3461	#FBDBE5	#AAAAAA	12
3462	#FBDBE5	#AAAAAA	12
3463	#FBDBE5	#AAAAAA	12
3464	#FBDBE5	#AAAAAA	12
3465	#FBDBE5	#AAAAAA	12
3466	#FBDBE5	#AAAAAA	12
3467	#CD1076	#000000	77
3468	#FBDBE5	#AAAAAA	12
3469	#FBDBE5	#AAAAAA	12
3470	#FBDBE5	#AAAAAA	12
3471	#FBDBE5	#AAAAAA	12
3472	#FFFFFF	#D3D3D3	65
3473	#FFFFFF	#D3D3D3	65
3474	#FFFFFF	#D3D3D3	65
3475	#FFFFFF	#D3D3D3	31
3476	#FFFFFF	#D3D3D3	65
3477	#FFFFFF	#D3D3D3	65
3478	#D33680	#151515	64
3479	#FFFFFF	#D3D3D3	31
3480	#FFFFFF	#D3D3D3	65
3481	#FFFFFF	#D3D3D3	65
3482	#FFFFFF	#D3D3D3	31
3483	#FFFFFF	#D3D3D3	31
3484	#FFFFFF	#D3D3D3	31
3485	#FFFFFF	#D3D3D3	31
3486	#FFFFFF	#D3D3D3	31
3487	#FFFFFF	#D3D3D3	31
3488	#FFFFFF	#D3D3D3	31
3489	#D33680	#151515	64
3490	#FFFFFF	#D3D3D3	31
3491	#FFFFFF	#D3D3D3	31
3492	#FFFFFF	#D3D3D3	60
3493	#FFFFFF	#D3D3D3	60
3494	#FFFFFF	#D3D3D3	60
3495	#FFFFFF	#D3D3D3	60
3496	#FFFFFF	#D3D3D3	72
3497	#FFFFFF	#D3D3D3	72
3498	#FFFFFF	#D3D3D3	72
3499	#FFFFFF	#D3D3D3	72
3500	#D33680	#151515	64
3501	#E77FA7	#4A4A4A	33
3502	#E77FA7	#4A4A4A	33
3503	#E77FA7	#4A4A4A	33
3504	#FBDBE5	#AAAAAA	12
3506	#CD1076	#000000	32
3507	#CD1076	#000000	77
3508	#FBDBE5	#AAAAAA	12
3509	#FBDBE5	#AAAAAA	12
3510	#FBDBE5	#AAAAAA	12
3511	#FBDBE5	#AAAAAA	12
3512	#FBDBE5	#AAAAAA	12
3513	#FBDBE5	#AAAAAA	12
3514	#FBDBE5	#AAAAAA	12
3515	#FBDBE5	#AAAAAA	12
3516	#FBDBE5	#AAAAAA	12
3517	#FBDBE5	#AAAAAA	12
3518	#CD1076	#000000	77
3519	#FBDBE5	#AAAAAA	12
3520	#FBDBE5	#AAAAAA	12
3521	#FBDBE5	#AAAAAA	12
3522	#FFFFFF	#D3D3D3	65
3523	#FFFFFF	#D3D3D3	65
3524	#FFFFFF	#D3D3D3	65
3525	#FFFFFF	#D3D3D3	65
3526	#FFFFFF	#D3D3D3	31
3527	#FFFFFF	#D3D3D3	31
3528	#FFFFFF	#D3D3D3	65
3529	#D33680	#151515	64
3530	#FFFFFF	#D3D3D3	31
3531	#FFFFFF	#D3D3D3	65
3532	#FFFFFF	#D3D3D3	31
3533	#FFFFFF	#D3D3D3	31
3534	#FFFFFF	#D3D3D3	31
3535	#FFFFFF	#D3D3D3	31
3536	#FFFFFF	#D3D3D3	31
3537	#FFFFFF	#D3D3D3	31
3538	#FFFFFF	#D3D3D3	31
3539	#FFFFFF	#D3D3D3	31
3540	#D33680	#151515	64
3541	#FFFFFF	#D3D3D3	31
3542	#FFFFFF	#D3D3D3	31
3543	#FFFFFF	#D3D3D3	60
3544	#FFFFFF	#D3D3D3	60
3545	#FFFFFF	#D3D3D3	60
3546	#FFFFFF	#D3D3D3	60
3547	#FFFFFF	#D3D3D3	72
3548	#FFFFFF	#D3D3D3	72
3549	#FFFFFF	#D3D3D3	72
3550	#E77FA7	#4A4A4A	33
3551	#E77FA7	#4A4A4A	33
3552	#E77FA7	#4A4A4A	33
3553	#FBDBE5	#AAAAAA	12
3554	#FBDBE5	#AAAAAA	12
3555	#CD1076	#000000	32
3556	#CD1076	#000000	32
3557	#FBDBE5	#AAAAAA	12
3558	#FBDBE5	#AAAAAA	12
3559	#FBDBE5	#AAAAAA	12
3560	#FBDBE5	#AAAAAA	12
3561	#FBDBE5	#AAAAAA	12
3562	#FBDBE5	#AAAAAA	12
3563	#FBDBE5	#AAAAAA	12
3564	#FBDBE5	#AAAAAA	12
3565	#FBDBE5	#AAAAAA	12
3566	#FBDBE5	#AAAAAA	12
3567	#CD1076	#000000	77
3568	#FBDBE5	#AAAAAA	12
3569	#FBDBE5	#AAAAAA	12
3570	#FBDBE5	#AAAAAA	12
3571	#FFFFFF	#D3D3D3	65
3572	#FFFFFF	#D3D3D3	65
3573	#FFFFFF	#D3D3D3	65
3574	#FFFFFF	#D3D3D3	65
3575	#FFFFFF	#D3D3D3	31
3576	#FFFFFF	#D3D3D3	31
3577	#FFFFFF	#D3D3D3	65
3578	#D33680	#151515	64
3579	#FFFFFF	#D3D3D3	31
3580	#FFFFFF	#D3D3D3	31
3581	#FFFFFF	#D3D3D3	31
3582	#FFFFFF	#D3D3D3	31
3583	#FFFFFF	#D3D3D3	31
3584	#FFFFFF	#D3D3D3	31
3585	#FFFFFF	#D3D3D3	31
3586	#FFFFFF	#D3D3D3	31
3587	#FFFFFF	#D3D3D3	31
3588	#FFFFFF	#D3D3D3	31
3589	#D33680	#151515	64
3590	#FFFFFF	#D3D3D3	31
3591	#FFFFFF	#D3D3D3	31
3592	#FFFFFF	#D3D3D3	31
3593	#FFFFFF	#D3D3D3	60
3594	#FFFFFF	#D3D3D3	60
3595	#FFFFFF	#D3D3D3	60
3596	#FFFFFF	#D3D3D3	60
3597	#FFFFFF	#D3D3D3	72
3598	#FFFFFF	#D3D3D3	72
3599	#FFFFFF	#D3D3D3	72
3600	#E77FA7	#4A4A4A	33
3601	#E77FA7	#4A4A4A	33
3602	#E77FA7	#4A4A4A	33
3603	#FBDBE5	#AAAAAA	12
3604	#FBDBE5	#AAAAAA	12
3606	#CD1076	#000000	32
3607	#CD1076	#000000	77
3608	#FBDBE5	#AAAAAA	12
3609	#FBDBE5	#AAAAAA	12
3610	#FBDBE5	#AAAAAA	12
3611	#FBDBE5	#AAAAAA	12
3612	#FBDBE5	#AAAAAA	12
3613	#FBDBE5	#AAAAAA	12
3614	#FBDBE5	#AAAAAA	12
3615	#FBDBE5	#AAAAAA	12
3616	#FBDBE5	#AAAAAA	12
3617	#FBDBE5	#AAAAAA	12
3618	#CD1076	#000000	77
3619	#FBDBE5	#AAAAAA	12
3620	#FBDBE5	#AAAAAA	12
3621	#FFFFFF	#D3D3D3	65
3622	#FFFFFF	#D3D3D3	65
3623	#FFFFFF	#D3D3D3	65
3624	#FFFFFF	#D3D3D3	65
3625	#FFFFFF	#D3D3D3	65
3626	#FFFFFF	#D3D3D3	31
3627	#FFFFFF	#D3D3D3	65
3628	#FFFFFF	#D3D3D3	31
3629	#D33680	#151515	64
3630	#FFFFFF	#D3D3D3	31
3631	#FFFFFF	#D3D3D3	31
3632	#FFFFFF	#D3D3D3	31
3633	#FFFFFF	#D3D3D3	65
3634	#FFFFFF	#D3D3D3	31
3635	#FFFFFF	#D3D3D3	31
3636	#FFFFFF	#D3D3D3	31
3637	#FFFFFF	#D3D3D3	31
3638	#FFFFFF	#D3D3D3	31
3639	#FFFFFF	#D3D3D3	31
3640	#E77FA7	#4A4A4A	33
3641	#FFFFFF	#D3D3D3	31
3642	#FFFFFF	#D3D3D3	31
3643	#FFFFFF	#D3D3D3	31
3644	#FFFFFF	#D3D3D3	60
3645	#FFFFFF	#D3D3D3	60
3646	#FFFFFF	#D3D3D3	60
3647	#FFFFFF	#D3D3D3	60
3648	#FFFFFF	#D3D3D3	72
3649	#FFFFFF	#D3D3D3	72
3650	#E77FA7	#4A4A4A	33
3651	#E77FA7	#4A4A4A	33
3652	#FBDBE5	#AAAAAA	12
3653	#FBDBE5	#AAAAAA	12
3654	#FBDBE5	#AAAAAA	12
3655	#CD1076	#000000	32
3656	#CD1076	#000000	77
3657	#FBDBE5	#AAAAAA	12
3658	#FBDBE5	#AAAAAA	12
3659	#FBDBE5	#AAAAAA	12
3660	#FBDBE5	#AAAAAA	12
3661	#FBDBE5	#AAAAAA	12
3662	#FBDBE5	#AAAAAA	12
3663	#FBDBE5	#AAAAAA	12
3664	#FBDBE5	#AAAAAA	12
3665	#FBDBE5	#AAAAAA	12
3666	#FBDBE5	#AAAAAA	12
3667	#CD1076	#000000	77
3668	#FBDBE5	#AAAAAA	12
3669	#FBDBE5	#AAAAAA	12
3670	#FFFFFF	#D3D3D3	65
3671	#FFFFFF	#D3D3D3	65
3672	#FFFFFF	#D3D3D3	65
3673	#FFFFFF	#D3D3D3	65
3674	#FFFFFF	#D3D3D3	65
3675	#FFFFFF	#D3D3D3	31
3676	#FFFFFF	#D3D3D3	65
3677	#FFFFFF	#D3D3D3	31
3678	#D33680	#151515	64
3679	#FFFFFF	#D3D3D3	31
3680	#FFFFFF	#D3D3D3	31
3681	#FFFFFF	#D3D3D3	31
3682	#FFFFFF	#D3D3D3	31
3683	#FFFFFF	#D3D3D3	65
3684	#FFFFFF	#D3D3D3	55
3685	#FFFFFF	#D3D3D3	31
3686	#FFFFFF	#D3D3D3	31
3687	#FFFFFF	#D3D3D3	31
3688	#FFFFFF	#D3D3D3	31
3689	#D33680	#151515	64
3690	#FFFFFF	#D3D3D3	31
3691	#FFFFFF	#D3D3D3	31
3692	#FFFFFF	#D3D3D3	31
3693	#FFFFFF	#D3D3D3	31
3694	#FFFFFF	#D3D3D3	60
3695	#FFFFFF	#D3D3D3	60
3696	#FFFFFF	#D3D3D3	60
3697	#FFFFFF	#D3D3D3	60
3698	#FFFFFF	#D3D3D3	60
3699	#FFFFFF	#D3D3D3	72
3700	#E77FA7	#4A4A4A	33
3701	#E77FA7	#4A4A4A	33
3702	#FBDBE5	#AAAAAA	12
3703	#FBDBE5	#AAAAAA	12
3704	#FBDBE5	#AAAAAA	12
3706	#CD1076	#000000	32
3707	#CD1076	#000000	77
3708	#FBDBE5	#AAAAAA	12
3709	#FBDBE5	#AAAAAA	12
3710	#FBDBE5	#AAAAAA	12
3711	#FBDBE5	#AAAAAA	12
3712	#FBDBE5	#AAAAAA	12
3713	#FBDBE5	#AAAAAA	12
3714	#FBDBE5	#AAAAAA	12
3715	#FBDBE5	#AAAAAA	12
3716	#FBDBE5	#AAAAAA	12
3717	#FBDBE5	#AAAAAA	12
3718	#CD1076	#000000	77
3719	#FBDBE5	#AAAAAA	12
3720	#FFFFFF	#D3D3D3	65
3721	#FFFFFF	#D3D3D3	65
3722	#FFFFFF	#D3D3D3	65
3723	#FFFFFF	#D3D3D3	65
3724	#FFFFFF	#D3D3D3	65
3725	#FFFFFF	#D3D3D3	65
3726	#FFFFFF	#D3D3D3	31
3727	#FFFFFF	#D3D3D3	31
3728	#FFFFFF	#D3D3D3	31
3729	#D33680	#151515	64
3730	#FFFFFF	#D3D3D3	31
3731	#FFFFFF	#D3D3D3	31
3732	#FFFFFF	#D3D3D3	31
3733	#FFFFFF	#D3D3D3	65
3734	#FFFFFF	#D3D3D3	55
3735	#FFFFFF	#D3D3D3	55
3736	#FFFFFF	#D3D3D3	31
3737	#FFFFFF	#D3D3D3	31
3738	#FFFFFF	#D3D3D3	31
3739	#FFFFFF	#D3D3D3	31
3740	#D33680	#151515	64
3741	#FFFFFF	#D3D3D3	31
3742	#FFFFFF	#D3D3D3	31
3743	#FFFFFF	#D3D3D3	31
3744	#FFFFFF	#D3D3D3	31
3745	#FFFFFF	#D3D3D3	60
3746	#FFFFFF	#D3D3D3	60
3747	#FFFFFF	#D3D3D3	60
3748	#FFFFFF	#D3D3D3	60
3749	#FFFFFF	#D3D3D3	60
3750	#E77FA7	#4A4A4A	33
3751	#FBDBE5	#AAAAAA	12
3752	#FBDBE5	#AAAAAA	12
3753	#FBDBE5	#AAAAAA	12
3754	#FBDBE5	#AAAAAA	12
3755	#CD1076	#000000	32
3756	#CD1076	#000000	32
3757	#FBDBE5	#AAAAAA	12
3758	#FBDBE5	#AAAAAA	12
3759	#FBDBE5	#AAAAAA	12
3760	#FBDBE5	#AAAAAA	12
3761	#FBDBE5	#AAAAAA	12
3762	#FBDBE5	#AAAAAA	12
3763	#FBDBE5	#AAAAAA	12
3764	#FBDBE5	#AAAAAA	12
3765	#FBDBE5	#AAAAAA	12
3766	#FBDBE5	#AAAAAA	12
3767	#CD1076	#000000	77
3768	#FBDBE5	#AAAAAA	12
3769	#FFFFFF	#D3D3D3	65
3770	#FFFFFF	#D3D3D3	65
3771	#FFFFFF	#D3D3D3	65
3772	#FFFFFF	#D3D3D3	65
3773	#FFFFFF	#D3D3D3	65
3774	#FFFFFF	#D3D3D3	65
3775	#FFFFFF	#D3D3D3	65
3776	#FFFFFF	#D3D3D3	31
3777	#FFFFFF	#D3D3D3	31
3778	#D33680	#151515	64
3779	#FFFFFF	#D3D3D3	31
3780	#FFFFFF	#D3D3D3	31
3781	#FFFFFF	#D3D3D3	31
3782	#FFFFFF	#D3D3D3	65
3783	#FFFFFF	#D3D3D3	55
3784	#FFFFFF	#D3D3D3	55
3785	#FFFFFF	#D3D3D3	55
3786	#FFFFFF	#D3D3D3	31
3787	#FFFFFF	#D3D3D3	31
3788	#FFFFFF	#D3D3D3	31
3789	#D33680	#151515	64
3790	#FFFFFF	#D3D3D3	31
3791	#FFFFFF	#D3D3D3	31
3792	#FFFFFF	#D3D3D3	31
3793	#FFFFFF	#D3D3D3	31
3794	#FFFFFF	#D3D3D3	31
3795	#FFFFFF	#D3D3D3	60
3796	#FFFFFF	#D3D3D3	60
3797	#FFFFFF	#D3D3D3	60
3798	#FFFFFF	#D3D3D3	60
3799	#FFFFFF	#D3D3D3	72
3800	#D33680	#151515	64
3801	#FBDBE5	#AAAAAA	12
3802	#FBDBE5	#AAAAAA	12
3803	#FBDBE5	#AAAAAA	12
3804	#FBDBE5	#AAAAAA	12
3806	#CD1076	#000000	32
3807	#CD1076	#000000	32
3808	#FBDBE5	#AAAAAA	12
3809	#FBDBE5	#AAAAAA	12
3810	#FBDBE5	#AAAAAA	12
3811	#FBDBE5	#AAAAAA	12
3812	#FBDBE5	#AAAAAA	12
3813	#FBDBE5	#AAAAAA	12
3814	#FBDBE5	#AAAAAA	12
3815	#FBDBE5	#AAAAAA	12
3816	#FBDBE5	#AAAAAA	12
3817	#FBDBE5	#AAAAAA	12
3818	#D33680	#151515	64
3819	#FFFFFF	#D3D3D3	65
3820	#FFFFFF	#D3D3D3	65
3821	#FFFFFF	#D3D3D3	65
3822	#FFFFFF	#D3D3D3	65
3823	#FFFFFF	#D3D3D3	65
3824	#FFFFFF	#D3D3D3	31
3825	#FFFFFF	#D3D3D3	65
3826	#FFFFFF	#D3D3D3	65
3827	#FFFFFF	#D3D3D3	31
3828	#FFFFFF	#D3D3D3	31
3829	#D33680	#151515	64
3830	#FFFFFF	#D3D3D3	31
3831	#FFFFFF	#D3D3D3	31
3832	#FFFFFF	#D3D3D3	31
3833	#FFFFFF	#D3D3D3	65
3834	#FFFFFF	#D3D3D3	55
3835	#FFFFFF	#D3D3D3	55
3836	#FFFFFF	#D3D3D3	55
3837	#FFFFFF	#D3D3D3	31
3838	#FFFFFF	#D3D3D3	31
3839	#FFFFFF	#D3D3D3	31
3840	#D33680	#151515	64
3841	#FFFFFF	#D3D3D3	31
3842	#FFFFFF	#D3D3D3	31
3843	#FFFFFF	#D3D3D3	31
3844	#FFFFFF	#D3D3D3	31
3845	#FFFFFF	#D3D3D3	31
3846	#FFFFFF	#D3D3D3	60
3847	#FFFFFF	#D3D3D3	60
3848	#FFFFFF	#D3D3D3	60
3849	#FFFFFF	#D3D3D3	60
3850	#F0A0BC	#6A6A6A	58
3851	#FBDBE5	#AAAAAA	12
3852	#FBDBE5	#AAAAAA	12
3853	#FBDBE5	#AAAAAA	12
3854	#FBDBE5	#AAAAAA	12
3855	#CD1076	#000000	32
3856	#CD1076	#000000	32
3857	#FBDBE5	#AAAAAA	12
3858	#FBDBE5	#AAAAAA	12
3859	#FBDBE5	#AAAAAA	12
3860	#FBDBE5	#AAAAAA	12
3861	#FBDBE5	#AAAAAA	12
3862	#FBDBE5	#AAAAAA	12
3863	#FBDBE5	#AAAAAA	12
3864	#FBDBE5	#AAAAAA	12
3865	#FBDBE5	#AAAAAA	12
3866	#FBDBE5	#AAAAAA	12
3867	#CD1076	#000000	51
3868	#FFFFFF	#D3D3D3	65
3869	#FFFFFF	#D3D3D3	65
3870	#FFFFFF	#D3D3D3	65
3871	#FFFFFF	#D3D3D3	65
3872	#FFFFFF	#D3D3D3	65
3873	#FFFFFF	#D3D3D3	31
3874	#FFFFFF	#D3D3D3	31
3875	#FFFFFF	#D3D3D3	65
3876	#FFFFFF	#D3D3D3	65
3877	#FFFFFF	#D3D3D3	31
3878	#D33680	#151515	64
3879	#FFFFFF	#D3D3D3	31
3880	#FFFFFF	#D3D3D3	31
3881	#FFFFFF	#D3D3D3	31
3882	#FFFFFF	#D3D3D3	31
3883	#FFFFFF	#D3D3D3	65
3884	#FFFFFF	#D3D3D3	55
3885	#FFFFFF	#D3D3D3	55
3886	#FFFFFF	#D3D3D3	55
3887	#FFFFFF	#D3D3D3	31
3888	#FFFFFF	#D3D3D3	31
3889	#D33680	#151515	64
3890	#FFFFFF	#D3D3D3	31
3891	#FFFFFF	#D3D3D3	31
3892	#FFFFFF	#D3D3D3	31
3893	#FFFFFF	#D3D3D3	31
3894	#FFFFFF	#D3D3D3	31
3895	#FFFFFF	#D3D3D3	31
3896	#FFFFFF	#D3D3D3	60
3897	#FFFFFF	#D3D3D3	60
3898	#FFFFFF	#D3D3D3	60
3899	#FFFFFF	#D3D3D3	60
3900	#F0A0BC	#6A6A6A	58
3901	#F0A0BC	#6A6A6A	58
3902	#FBDBE5	#AAAAAA	12
3903	#FBDBE5	#AAAAAA	12
3904	#FBDBE5	#AAAAAA	12
3906	#CD1076	#000000	32
3907	#CD1076	#000000	51
3908	#FBDBE5	#AAAAAA	12
3909	#FBDBE5	#AAAAAA	12
3910	#F0A0BC	#6A6A6A	58
3911	#FBDBE5	#AAAAAA	12
3912	#FBDBE5	#AAAAAA	12
3913	#FBDBE5	#AAAAAA	12
3914	#FBDBE5	#AAAAAA	12
3915	#FBDBE5	#AAAAAA	12
3916	#FBDBE5	#AAAAAA	12
3917	#FFFFFF	#D3D3D3	65
3918	#CD1076	#000000	51
3919	#FFFFFF	#D3D3D3	65
3920	#FFFFFF	#D3D3D3	65
3921	#FFFFFF	#D3D3D3	65
3922	#FFFFFF	#D3D3D3	65
3923	#FFFFFF	#D3D3D3	65
3924	#FFFFFF	#D3D3D3	31
3925	#FFFFFF	#D3D3D3	65
3926	#FFFFFF	#D3D3D3	65
3927	#FFFFFF	#D3D3D3	31
3928	#FFFFFF	#D3D3D3	31
3929	#D33680	#151515	64
3930	#FFFFFF	#D3D3D3	31
3931	#FFFFFF	#D3D3D3	31
3932	#FFFFFF	#D3D3D3	31
3933	#FFFFFF	#D3D3D3	65
3934	#FFFFFF	#D3D3D3	55
3935	#FFFFFF	#D3D3D3	55
3936	#FFFFFF	#D3D3D3	55
3937	#FFFFFF	#D3D3D3	55
3938	#FFFFFF	#D3D3D3	31
3939	#FFFFFF	#D3D3D3	31
3940	#F0A0BC	#6A6A6A	58
3941	#FFFFFF	#D3D3D3	31
3942	#FFFFFF	#D3D3D3	31
3943	#FFFFFF	#D3D3D3	31
3944	#FFFFFF	#D3D3D3	31
3945	#FFFFFF	#D3D3D3	31
3946	#FFFFFF	#D3D3D3	31
3947	#FFFFFF	#D3D3D3	60
3948	#FFFFFF	#D3D3D3	60
3949	#FFFFFF	#D3D3D3	60
3950	#F0A0BC	#6A6A6A	58
3951	#F0A0BC	#6A6A6A	58
3952	#FBDBE5	#AAAAAA	12
3953	#FBDBE5	#AAAAAA	12
3954	#FBDBE5	#AAAAAA	12
3955	#CD1076	#000000	32
3956	#CD1076	#000000	51
3957	#FBDBE5	#AAAAAA	12
3958	#FBDBE5	#AAAAAA	12
3959	#F0A0BC	#6A6A6A	58
3960	#F0A0BC	#6A6A6A	58
3961	#FBDBE5	#AAAAAA	12
3962	#FBDBE5	#AAAAAA	12
3963	#FBDBE5	#AAAAAA	12
3964	#FBDBE5	#AAAAAA	12
3965	#FBDBE5	#AAAAAA	12
3966	#FFFFFF	#D3D3D3	65
3967	#CD1076	#000000	51
3968	#FFFFFF	#D3D3D3	65
3969	#FFFFFF	#D3D3D3	65
3970	#FFFFFF	#D3D3D3	65
3971	#FFFFFF	#D3D3D3	65
3972	#FFFFFF	#D3D3D3	65
3973	#FFFFFF	#D3D3D3	31
3974	#FFFFFF	#D3D3D3	65
3975	#FFFFFF	#D3D3D3	65
3976	#FFFFFF	#D3D3D3	31
3977	#FFFFFF	#D3D3D3	31
3978	#CD1076	#000000	51
3979	#FFFFFF	#D3D3D3	31
3980	#FFFFFF	#D3D3D3	31
3981	#FFFFFF	#D3D3D3	31
3982	#FFFFFF	#D3D3D3	31
3983	#FFFFFF	#D3D3D3	65
3984	#FFFFFF	#D3D3D3	55
3985	#FFFFFF	#D3D3D3	55
3986	#FFFFFF	#D3D3D3	55
3987	#FFFFFF	#D3D3D3	55
3988	#FFFFFF	#D3D3D3	31
3989	#D33680	#151515	64
3990	#FFFFFF	#D3D3D3	31
3991	#FFFFFF	#D3D3D3	31
3992	#FFFFFF	#D3D3D3	31
3993	#FFFFFF	#D3D3D3	31
3994	#FFFFFF	#D3D3D3	31
3995	#FFFFFF	#D3D3D3	31
3996	#FFFFFF	#D3D3D3	31
3997	#FFFFFF	#D3D3D3	60
3998	#FFFFFF	#D3D3D3	60
3999	#FFFFFF	#D3D3D3	60
4000	#F0A0BC	#6A6A6A	58
4001	#F0A0BC	#6A6A6A	58
4002	#F0A0BC	#6A6A6A	58
4003	#FBDBE5	#AAAAAA	12
4004	#FBDBE5	#AAAAAA	12
4005	#FFFFFF	#D3D3D3	15
4006	#FFFFFF	#D3D3D3	15
4007	#FFFFFF	#D3D3D3	1
4008	#FFFFFF	#D3D3D3	1
4009	#FFFFFF	#D3D3D3	1
4010	#FFFFFF	#D3D3D3	1
4011	#FFFFFF	#D3D3D3	79
4012	#FFFFFF	#D3D3D3	79
4013	#FFFFFF	#D3D3D3	79
4014	#FFFFFF	#D3D3D3	90
4015	#FFFFFF	#D3D3D3	90
4016	#FFFFFF	#D3D3D3	26
4017	#FFFFFF	#D3D3D3	47
4018	#FFFFFF	#D3D3D3	11
4019	#FFFFFF	#D3D3D3	11
4020	#FFFFFF	#D3D3D3	27
4021	#FFFFFF	#D3D3D3	27
4022	#FFFFFF	#D3D3D3	11
4023	#FFFFFF	#D3D3D3	11
4024	#FFFFFF	#D3D3D3	27
4025	#FFFFFF	#D3D3D3	11
4026	#FFFFFF	#D3D3D3	11
4027	#FFFFFF	#D3D3D3	27
4028	#FFFFFF	#D3D3D3	1
4029	#FFFFFF	#D3D3D3	11
4030	#FFFFFF	#D3D3D3	11
4031	#FFFFFF	#D3D3D3	11
4032	#FFFFFF	#D3D3D3	11
4033	#FFFFFF	#D3D3D3	11
4034	#FFFFFF	#D3D3D3	27
4039	#FFFFFF	#D3D3D3	1
4050	#FFFFFF	#D3D3D3	1
4051	#FFFFFF	#D3D3D3	47
4052	#FFFFFF	#D3D3D3	47
4053	#FFFFFF	#D3D3D3	1
4054	#FFFFFF	#D3D3D3	1
4056	#FFFFFF	#D3D3D3	15
4057	#FFFFFF	#D3D3D3	47
4058	#FFFFFF	#D3D3D3	1
4059	#FFFFFF	#D3D3D3	1
4060	#FFFFFF	#D3D3D3	1
4061	#FFFFFF	#D3D3D3	79
4062	#FFFFFF	#D3D3D3	79
4063	#FFFFFF	#D3D3D3	79
4064	#FFFFFF	#D3D3D3	79
4065	#FFFFFF	#D3D3D3	90
4066	#FFFFFF	#D3D3D3	90
4067	#FFFFFF	#D3D3D3	26
4068	#FFFFFF	#D3D3D3	47
4069	#FFFFFF	#D3D3D3	11
4070	#FFFFFF	#D3D3D3	11
4071	#FFFFFF	#D3D3D3	27
4072	#FFFFFF	#D3D3D3	27
4073	#FFFFFF	#D3D3D3	11
4074	#FFFFFF	#D3D3D3	27
4075	#FFFFFF	#D3D3D3	27
4076	#FFFFFF	#D3D3D3	11
4077	#FFFFFF	#D3D3D3	11
4078	#FFFFFF	#D3D3D3	11
4079	#FFFFFF	#D3D3D3	1
4080	#FFFFFF	#D3D3D3	11
4081	#FFFFFF	#D3D3D3	11
4082	#FFFFFF	#D3D3D3	11
4083	#FFFFFF	#D3D3D3	11
4084	#FFFFFF	#D3D3D3	11
4085	#FFFFFF	#D3D3D3	27
4090	#FFFFFF	#D3D3D3	1
4100	#FFFFFF	#D3D3D3	47
4101	#FFFFFF	#D3D3D3	47
4102	#FFFFFF	#D3D3D3	47
4103	#FFFFFF	#D3D3D3	1
4104	#FFFFFF	#D3D3D3	1
4105	#FFFFFF	#D3D3D3	15
4106	#FFFFFF	#D3D3D3	112
4107	#FFFFFF	#D3D3D3	1
4108	#FFFFFF	#D3D3D3	1
4109	#FFFFFF	#D3D3D3	1
4110	#FFFFFF	#D3D3D3	79
4111	#FFFFFF	#D3D3D3	79
4112	#FFFFFF	#D3D3D3	79
4113	#FFFFFF	#D3D3D3	79
4114	#FFFFFF	#D3D3D3	79
4115	#FFFFFF	#D3D3D3	26
4116	#FFFFFF	#D3D3D3	90
4117	#FFFFFF	#D3D3D3	47
4118	#FFFFFF	#D3D3D3	26
4119	#FFFFFF	#D3D3D3	11
4120	#FFFFFF	#D3D3D3	11
4121	#FFFFFF	#D3D3D3	27
4122	#FFFFFF	#D3D3D3	27
4123	#FFFFFF	#D3D3D3	27
4124	#FFFFFF	#D3D3D3	11
4125	#FFFFFF	#D3D3D3	11
4126	#FFFFFF	#D3D3D3	11
4127	#FFFFFF	#D3D3D3	11
4128	#FFFFFF	#D3D3D3	47
4129	#FFFFFF	#D3D3D3	11
4130	#FFFFFF	#D3D3D3	11
4131	#FFFFFF	#D3D3D3	11
4132	#FFFFFF	#D3D3D3	11
4133	#FFFFFF	#D3D3D3	11
4134	#FFFFFF	#D3D3D3	11
4135	#FFFFFF	#D3D3D3	27
4139	#FFFFFF	#D3D3D3	1
4150	#FFFFFF	#D3D3D3	47
4151	#FFFFFF	#D3D3D3	47
4152	#FFFFFF	#D3D3D3	47
4153	#FFFFFF	#D3D3D3	47
4154	#FFFFFF	#D3D3D3	1
4156	#FFFFFF	#D3D3D3	15
4157	#FFFFFF	#D3D3D3	112
4158	#FFFFFF	#D3D3D3	1
4159	#FFFFFF	#D3D3D3	1
4160	#FFFFFF	#D3D3D3	1
4161	#FFFFFF	#D3D3D3	79
4162	#FFFFFF	#D3D3D3	79
4163	#FFFFFF	#D3D3D3	1
4164	#FFFFFF	#D3D3D3	79
4165	#FFFFFF	#D3D3D3	44
4166	#FFFFFF	#D3D3D3	26
4167	#FFFFFF	#D3D3D3	90
4168	#FFFFFF	#D3D3D3	47
4169	#FFFFFF	#D3D3D3	26
4170	#FFFFFF	#D3D3D3	11
4171	#FFFFFF	#D3D3D3	11
4172	#FFFFFF	#D3D3D3	27
4173	#FFFFFF	#D3D3D3	27
4174	#FFFFFF	#D3D3D3	11
4175	#FFFFFF	#D3D3D3	11
4176	#FFFFFF	#D3D3D3	11
4177	#FFFFFF	#D3D3D3	11
4178	#FFFFFF	#D3D3D3	11
4179	#FFFFFF	#D3D3D3	47
4180	#FFFFFF	#D3D3D3	11
4181	#FFFFFF	#D3D3D3	11
4182	#FFFFFF	#D3D3D3	11
4183	#FFFFFF	#D3D3D3	11
4184	#FFFFFF	#D3D3D3	11
4185	#FFFFFF	#D3D3D3	11
4186	#FFFFFF	#D3D3D3	27
4190	#FFFFFF	#D3D3D3	47
4200	#FFFFFF	#D3D3D3	47
4201	#FFFFFF	#D3D3D3	47
4202	#FFFFFF	#D3D3D3	47
4203	#FFFFFF	#D3D3D3	47
4204	#FFFFFF	#D3D3D3	1
4205	#FFFFFF	#D3D3D3	15
4206	#FFFFFF	#D3D3D3	98
4207	#FFFFFF	#D3D3D3	1
4208	#FFFFFF	#D3D3D3	1
4209	#FFFFFF	#D3D3D3	1
4210	#FFFFFF	#D3D3D3	79
4211	#FFFFFF	#D3D3D3	1
4212	#FFFFFF	#D3D3D3	1
4213	#FFFFFF	#D3D3D3	79
4214	#FFFFFF	#D3D3D3	44
4215	#FFFFFF	#D3D3D3	44
4216	#FFFFFF	#D3D3D3	26
4217	#FFFFFF	#D3D3D3	112
4218	#FFFFFF	#D3D3D3	90
4219	#FFFFFF	#D3D3D3	26
4220	#FFFFFF	#D3D3D3	11
4221	#FFFFFF	#D3D3D3	11
4222	#FFFFFF	#D3D3D3	27
4223	#FFFFFF	#D3D3D3	27
4224	#FFFFFF	#D3D3D3	11
4225	#FFFFFF	#D3D3D3	11
4226	#FFFFFF	#D3D3D3	11
4227	#FFFFFF	#D3D3D3	11
4228	#FFFFFF	#D3D3D3	47
4229	#FFFFFF	#D3D3D3	11
4230	#FFFFFF	#D3D3D3	11
4231	#FFFFFF	#D3D3D3	11
4232	#FFFFFF	#D3D3D3	11
4233	#FFFFFF	#D3D3D3	11
4234	#FFFFFF	#D3D3D3	11
4235	#FFFFFF	#D3D3D3	11
4236	#FFFFFF	#D3D3D3	27
4239	#FFFFFF	#D3D3D3	47
4250	#FFFFFF	#D3D3D3	47
4251	#FFFFFF	#D3D3D3	47
4252	#FFFFFF	#D3D3D3	47
4253	#FFFFFF	#D3D3D3	47
4254	#FFFFFF	#D3D3D3	1
4256	#FFFFFF	#D3D3D3	98
4257	#FFFFFF	#D3D3D3	112
4258	#FFFFFF	#D3D3D3	1
4259	#FFFFFF	#D3D3D3	1
4260	#FFFFFF	#D3D3D3	79
4261	#FFFFFF	#D3D3D3	1
4262	#FFFFFF	#D3D3D3	1
4263	#FFFFFF	#D3D3D3	1
4264	#FFFFFF	#D3D3D3	79
4265	#FFFFFF	#D3D3D3	44
4266	#FFFFFF	#D3D3D3	44
4267	#FFFFFF	#D3D3D3	26
4268	#FFFFFF	#D3D3D3	112
4269	#FFFFFF	#D3D3D3	90
4270	#FFFFFF	#D3D3D3	26
4271	#FFFFFF	#D3D3D3	11
4272	#FFFFFF	#D3D3D3	11
4273	#FFFFFF	#D3D3D3	27
4274	#FFFFFF	#D3D3D3	27
4275	#FFFFFF	#D3D3D3	11
4276	#FFFFFF	#D3D3D3	11
4277	#FFFFFF	#D3D3D3	11
4278	#FFFFFF	#D3D3D3	11
4279	#FFFFFF	#D3D3D3	112
4280	#FFFFFF	#D3D3D3	11
4281	#FFFFFF	#D3D3D3	11
4282	#FFFFFF	#D3D3D3	11
4283	#FFFFFF	#D3D3D3	11
4284	#FFFFFF	#D3D3D3	11
4285	#FFFFFF	#D3D3D3	11
4286	#FFFFFF	#D3D3D3	11
4287	#FFFFFF	#D3D3D3	11
4290	#FFFFFF	#D3D3D3	47
4300	#FFFFFF	#D3D3D3	47
4301	#FFFFFF	#D3D3D3	47
4302	#FFFFFF	#D3D3D3	47
4303	#FFFFFF	#D3D3D3	1
4304	#FFFFFF	#D3D3D3	1
4305	#FFFFFF	#D3D3D3	97
4306	#FFFFFF	#D3D3D3	98
4307	#FFFFFF	#D3D3D3	1
4308	#FFFFFF	#D3D3D3	1
4309	#FFFFFF	#D3D3D3	1
4310	#FFFFFF	#D3D3D3	1
4311	#FFFFFF	#D3D3D3	1
4312	#FFFFFF	#D3D3D3	1
4313	#FFFFFF	#D3D3D3	79
4314	#FFFFFF	#D3D3D3	44
4315	#FFFFFF	#D3D3D3	44
4316	#FFFFFF	#D3D3D3	44
4317	#FFFFFF	#D3D3D3	98
4318	#FFFFFF	#D3D3D3	26
4319	#FFFFFF	#D3D3D3	90
4320	#FFFFFF	#D3D3D3	26
4321	#FFFFFF	#D3D3D3	11
4322	#FFFFFF	#D3D3D3	11
4323	#FFFFFF	#D3D3D3	27
4324	#FFFFFF	#D3D3D3	11
4325	#FFFFFF	#D3D3D3	11
4326	#FFFFFF	#D3D3D3	11
4327	#FFFFFF	#D3D3D3	11
4328	#FFFFFF	#D3D3D3	112
4329	#FFFFFF	#D3D3D3	11
4330	#FFFFFF	#D3D3D3	11
4331	#FFFFFF	#D3D3D3	11
4332	#FFFFFF	#D3D3D3	11
4333	#FFFFFF	#D3D3D3	11
4334	#FFFFFF	#D3D3D3	11
4335	#FFFFFF	#D3D3D3	11
4336	#FFFFFF	#D3D3D3	11
4337	#FFFFFF	#D3D3D3	67
4339	#FFFFFF	#D3D3D3	112
4350	#FFFFFF	#D3D3D3	47
4351	#FFFFFF	#D3D3D3	47
4352	#FFFFFF	#D3D3D3	47
4353	#FFFFFF	#D3D3D3	1
4354	#FFFFFF	#D3D3D3	1
4356	#FFFFFF	#D3D3D3	97
4357	#FFFFFF	#D3D3D3	98
4358	#FFFFFF	#D3D3D3	1
4359	#FFFFFF	#D3D3D3	1
4360	#FFFFFF	#D3D3D3	1
4361	#FFFFFF	#D3D3D3	1
4362	#FFFFFF	#D3D3D3	1
4363	#FFFFFF	#D3D3D3	79
4364	#FFFFFF	#D3D3D3	79
4365	#FFFFFF	#D3D3D3	44
4366	#FFFFFF	#D3D3D3	44
4367	#FFFFFF	#D3D3D3	44
4368	#FFFFFF	#D3D3D3	98
4369	#FFFFFF	#D3D3D3	26
4370	#FFFFFF	#D3D3D3	90
4371	#FFFFFF	#D3D3D3	26
4372	#FFFFFF	#D3D3D3	11
4373	#FFFFFF	#D3D3D3	11
4374	#FFFFFF	#D3D3D3	11
4375	#FFFFFF	#D3D3D3	11
4376	#FFFFFF	#D3D3D3	11
4377	#FFFFFF	#D3D3D3	11
4378	#FFFFFF	#D3D3D3	11
4379	#FFFFFF	#D3D3D3	112
4380	#FFFFFF	#D3D3D3	11
4381	#FFFFFF	#D3D3D3	11
4382	#FFFFFF	#D3D3D3	11
4383	#FFFFFF	#D3D3D3	11
4384	#FFFFFF	#D3D3D3	11
4385	#FFFFFF	#D3D3D3	11
4386	#FFFFFF	#D3D3D3	11
4387	#FFFFFF	#D3D3D3	67
4388	#FFFFFF	#D3D3D3	67
4390	#FFFFFF	#D3D3D3	112
4400	#FFFFFF	#D3D3D3	47
4401	#FFFFFF	#D3D3D3	47
4402	#FFFFFF	#D3D3D3	1
4403	#FFFFFF	#D3D3D3	1
4404	#FFFFFF	#D3D3D3	1
4405	#FFFFFF	#D3D3D3	97
4406	#FFFFFF	#D3D3D3	97
4407	#FFFFFF	#D3D3D3	1
4408	#FFFFFF	#D3D3D3	1
4409	#FFFFFF	#D3D3D3	1
4410	#FFFFFF	#D3D3D3	1
4411	#FFFFFF	#D3D3D3	1
4412	#FFFFFF	#D3D3D3	79
4413	#FFFFFF	#D3D3D3	79
4414	#FFFFFF	#D3D3D3	79
4415	#FFFFFF	#D3D3D3	44
4416	#FFFFFF	#D3D3D3	44
4417	#FFFFFF	#D3D3D3	98
4418	#FFFFFF	#D3D3D3	44
4419	#FFFFFF	#D3D3D3	26
4420	#FFFFFF	#D3D3D3	90
4421	#FFFFFF	#D3D3D3	26
4422	#FFFFFF	#D3D3D3	11
4423	#FFFFFF	#D3D3D3	11
4424	#FFFFFF	#D3D3D3	11
4425	#FFFFFF	#D3D3D3	11
4426	#FFFFFF	#D3D3D3	11
4427	#FFFFFF	#D3D3D3	11
4428	#FFFFFF	#D3D3D3	98
4429	#FFFFFF	#D3D3D3	11
4430	#FFFFFF	#D3D3D3	11
4431	#FFFFFF	#D3D3D3	11
4432	#FFFFFF	#D3D3D3	11
4433	#FFFFFF	#D3D3D3	11
4434	#FFFFFF	#D3D3D3	11
4435	#FFFFFF	#D3D3D3	11
4436	#FFFFFF	#D3D3D3	11
4437	#FFFFFF	#D3D3D3	67
4438	#FFFFFF	#D3D3D3	67
4439	#FFFFFF	#D3D3D3	112
4450	#FFFFFF	#D3D3D3	47
4451	#FFFFFF	#D3D3D3	47
4452	#FFFFFF	#D3D3D3	1
4453	#FFFFFF	#D3D3D3	1
4454	#FFFFFF	#D3D3D3	1
4456	#FFFFFF	#D3D3D3	97
4457	#FFFFFF	#D3D3D3	98
4458	#FFFFFF	#D3D3D3	1
4459	#FFFFFF	#D3D3D3	1
4460	#FFFFFF	#D3D3D3	1
4461	#FFFFFF	#D3D3D3	1
4462	#FFFFFF	#D3D3D3	79
4463	#FFFFFF	#D3D3D3	79
4464	#FFFFFF	#D3D3D3	79
4465	#FFFFFF	#D3D3D3	79
4466	#FFFFFF	#D3D3D3	44
4467	#FFFFFF	#D3D3D3	44
4468	#FFFFFF	#D3D3D3	98
4469	#FFFFFF	#D3D3D3	44
4470	#FFFFFF	#D3D3D3	26
4471	#FFFFFF	#D3D3D3	90
4472	#FFFFFF	#D3D3D3	26
4473	#FFFFFF	#D3D3D3	11
4474	#FFFFFF	#D3D3D3	11
4475	#FFFFFF	#D3D3D3	11
4476	#FFFFFF	#D3D3D3	11
4477	#FFFFFF	#D3D3D3	11
4478	#FFFFFF	#D3D3D3	11
4479	#FFFFFF	#D3D3D3	112
4480	#FFFFFF	#D3D3D3	11
4481	#FFFFFF	#D3D3D3	11
4482	#FFFFFF	#D3D3D3	11
4483	#FFFFFF	#D3D3D3	67
4484	#FFFFFF	#D3D3D3	11
4485	#FFFFFF	#D3D3D3	11
4486	#FFFFFF	#D3D3D3	11
4487	#FFFFFF	#D3D3D3	11
4488	#FFFFFF	#D3D3D3	67
4489	#FFFFFF	#D3D3D3	26
4490	#FFFFFF	#D3D3D3	47
4500	#FFFFFF	#D3D3D3	47
4501	#FFFFFF	#D3D3D3	1
4502	#FFFFFF	#D3D3D3	1
4503	#FFFFFF	#D3D3D3	1
4504	#FFFFFF	#D3D3D3	1
4505	#FFFFFF	#D3D3D3	15
4506	#FFFFFF	#D3D3D3	99
4507	#FFFFFF	#D3D3D3	1
4508	#FFFFFF	#D3D3D3	1
4509	#FFFFFF	#D3D3D3	26
4510	#FFFFFF	#D3D3D3	90
4511	#FFFFFF	#D3D3D3	26
4512	#FFFFFF	#D3D3D3	11
4513	#FFFFFF	#D3D3D3	11
4514	#FFFFFF	#D3D3D3	11
4515	#FFFFFF	#D3D3D3	11
4516	#FFFFFF	#D3D3D3	11
4517	#FFFFFF	#D3D3D3	99
4518	#FFFFFF	#D3D3D3	11
4519	#FFFFFF	#D3D3D3	11
4520	#FFFFFF	#D3D3D3	11
4521	#FFFFFF	#D3D3D3	11
4522	#FFFFFF	#D3D3D3	27
4523	#FFFFFF	#D3D3D3	11
4524	#FFFFFF	#D3D3D3	27
4525	#FFFFFF	#D3D3D3	27
4526	#FFFFFF	#D3D3D3	27
4527	#FFFFFF	#D3D3D3	27
4528	#FFFFFF	#D3D3D3	47
4529	#FFFFFF	#D3D3D3	27
4539	#FFFFFF	#D3D3D3	47
4550	#FFFFFF	#D3D3D3	1
4551	#FFFFFF	#D3D3D3	1
4552	#FFFFFF	#D3D3D3	1
4553	#FFFFFF	#D3D3D3	1
4554	#FFFFFF	#D3D3D3	1
4556	#FFFFFF	#D3D3D3	15
4557	#FFFFFF	#D3D3D3	99
4558	#FFFFFF	#D3D3D3	1
4559	#FFFFFF	#D3D3D3	26
4560	#FFFFFF	#D3D3D3	90
4561	#FFFFFF	#D3D3D3	26
4562	#FFFFFF	#D3D3D3	11
4563	#FFFFFF	#D3D3D3	11
4564	#FFFFFF	#D3D3D3	11
4565	#FFFFFF	#D3D3D3	11
4566	#FFFFFF	#D3D3D3	11
4567	#FFFFFF	#D3D3D3	11
4568	#FFFFFF	#D3D3D3	47
4569	#FFFFFF	#D3D3D3	11
4570	#FFFFFF	#D3D3D3	11
4571	#FFFFFF	#D3D3D3	11
4572	#FFFFFF	#D3D3D3	11
4573	#FFFFFF	#D3D3D3	11
4574	#FFFFFF	#D3D3D3	11
4575	#FFFFFF	#D3D3D3	27
4576	#FFFFFF	#D3D3D3	27
4577	#FFFFFF	#D3D3D3	27
4578	#FFFFFF	#D3D3D3	27
4579	#FFFFFF	#D3D3D3	47
4590	#FFFFFF	#D3D3D3	1
4600	#FFFFFF	#D3D3D3	1
4601	#FFFFFF	#D3D3D3	1
4602	#FFFFFF	#D3D3D3	1
4603	#FFFFFF	#D3D3D3	1
4604	#FFFFFF	#D3D3D3	1
4605	#FFFFFF	#D3D3D3	15
4606	#FFFFFF	#D3D3D3	99
4607	#FFFFFF	#D3D3D3	1
4608	#FFFFFF	#D3D3D3	26
4609	#FFFFFF	#D3D3D3	90
4610	#FFFFFF	#D3D3D3	26
4611	#FFFFFF	#D3D3D3	11
4612	#FFFFFF	#D3D3D3	11
4613	#FFFFFF	#D3D3D3	11
4614	#FFFFFF	#D3D3D3	11
4615	#FFFFFF	#D3D3D3	11
4616	#FFFFFF	#D3D3D3	11
4617	#FFFFFF	#D3D3D3	47
4618	#FFFFFF	#D3D3D3	11
4619	#FFFFFF	#D3D3D3	11
4620	#FFFFFF	#D3D3D3	11
4621	#FFFFFF	#D3D3D3	11
4622	#FFFFFF	#D3D3D3	11
4623	#FFFFFF	#D3D3D3	27
4624	#FFFFFF	#D3D3D3	27
4625	#FFFFFF	#D3D3D3	27
4626	#FFFFFF	#D3D3D3	27
4627	#FFFFFF	#D3D3D3	27
4628	#FFFFFF	#D3D3D3	1
4639	#FFFFFF	#D3D3D3	1
4650	#FFFFFF	#D3D3D3	1
4651	#FFFFFF	#D3D3D3	1
4652	#FFFFFF	#D3D3D3	1
4653	#FFFFFF	#D3D3D3	1
4654	#FFFFFF	#D3D3D3	1
4656	#FFFFFF	#D3D3D3	15
4657	#FFFFFF	#D3D3D3	47
4658	#FFFFFF	#D3D3D3	26
4659	#FFFFFF	#D3D3D3	90
4660	#FFFFFF	#D3D3D3	26
4661	#FFFFFF	#D3D3D3	11
4662	#FFFFFF	#D3D3D3	11
4663	#FFFFFF	#D3D3D3	11
4664	#FFFFFF	#D3D3D3	11
4665	#FFFFFF	#D3D3D3	11
4666	#FFFFFF	#D3D3D3	11
4667	#FFFFFF	#D3D3D3	11
4668	#FFFFFF	#D3D3D3	47
4669	#FFFFFF	#D3D3D3	11
4670	#FFFFFF	#D3D3D3	11
4671	#FFFFFF	#D3D3D3	11
4672	#FFFFFF	#D3D3D3	11
4673	#FFFFFF	#D3D3D3	11
4674	#FFFFFF	#D3D3D3	27
4675	#FFFFFF	#D3D3D3	27
4676	#FFFFFF	#D3D3D3	27
4677	#FFFFFF	#D3D3D3	27
4679	#FFFFFF	#D3D3D3	1
4690	#FFFFFF	#D3D3D3	1
4700	#FFFFFF	#D3D3D3	1
4701	#FFFFFF	#D3D3D3	39
4702	#FFFFFF	#D3D3D3	39
4703	#FFFFFF	#D3D3D3	1
4704	#FFFFFF	#D3D3D3	1
4705	#FFFFFF	#D3D3D3	15
4706	#FFFFFF	#D3D3D3	47
4707	#FFFFFF	#D3D3D3	26
4708	#FFFFFF	#D3D3D3	90
4709	#FFFFFF	#D3D3D3	26
4710	#FFFFFF	#D3D3D3	11
4711	#FFFFFF	#D3D3D3	11
4712	#FFFFFF	#D3D3D3	11
4713	#FFFFFF	#D3D3D3	11
4714	#FFFFFF	#D3D3D3	11
4715	#FFFFFF	#D3D3D3	11
4716	#FFFFFF	#D3D3D3	11
4717	#FFFFFF	#D3D3D3	47
4718	#FFFFFF	#D3D3D3	11
4719	#FFFFFF	#D3D3D3	11
4720	#FFFFFF	#D3D3D3	11
4721	#FFFFFF	#D3D3D3	11
4722	#FFFFFF	#D3D3D3	11
4723	#FFFFFF	#D3D3D3	11
4724	#FFFFFF	#D3D3D3	27
4725	#FFFFFF	#D3D3D3	27
4726	#FFFFFF	#D3D3D3	27
4728	#FFFFFF	#D3D3D3	1
4739	#FFFFFF	#D3D3D3	1
4750	#FFFFFF	#D3D3D3	39
4751	#FFFFFF	#D3D3D3	39
4752	#FFFFFF	#D3D3D3	39
4753	#FFFFFF	#D3D3D3	1
4754	#FFFFFF	#D3D3D3	1
4756	#FFFFFF	#D3D3D3	15
4757	#FFFFFF	#D3D3D3	47
4758	#FFFFFF	#D3D3D3	90
4759	#FFFFFF	#D3D3D3	26
4760	#FFFFFF	#D3D3D3	11
4761	#FFFFFF	#D3D3D3	11
4762	#FFFFFF	#D3D3D3	11
4763	#FFFFFF	#D3D3D3	11
4764	#FFFFFF	#D3D3D3	11
4765	#FFFFFF	#D3D3D3	11
4766	#FFFFFF	#D3D3D3	11
4767	#FFFFFF	#D3D3D3	11
4768	#FFFFFF	#D3D3D3	1
4769	#FFFFFF	#D3D3D3	11
4770	#FFFFFF	#D3D3D3	11
4771	#FFFFFF	#D3D3D3	11
4772	#FFFFFF	#D3D3D3	11
4773	#FFFFFF	#D3D3D3	11
4774	#FFFFFF	#D3D3D3	11
4775	#FFFFFF	#D3D3D3	27
4776	#FFFFFF	#D3D3D3	27
4779	#FFFFFF	#D3D3D3	1
4790	#FFFFFF	#D3D3D3	39
4800	#FFFFFF	#D3D3D3	39
4801	#FFFFFF	#D3D3D3	39
4802	#FFFFFF	#D3D3D3	39
4803	#FFFFFF	#D3D3D3	39
4804	#FFFFFF	#D3D3D3	26
4805	#FFFFFF	#D3D3D3	15
4806	#FFFFFF	#D3D3D3	15
4807	#FFFFFF	#D3D3D3	90
4808	#FFFFFF	#D3D3D3	26
4809	#FFFFFF	#D3D3D3	11
4810	#FFFFFF	#D3D3D3	11
4811	#FFFFFF	#D3D3D3	11
4812	#FFFFFF	#D3D3D3	11
4813	#FFFFFF	#D3D3D3	11
4814	#FFFFFF	#D3D3D3	11
4815	#FFFFFF	#D3D3D3	11
4816	#FFFFFF	#D3D3D3	11
4817	#FFFFFF	#D3D3D3	47
4818	#FFFFFF	#D3D3D3	11
4819	#FFFFFF	#D3D3D3	11
4820	#FFFFFF	#D3D3D3	11
4821	#FFFFFF	#D3D3D3	11
4822	#FFFFFF	#D3D3D3	11
4823	#FFFFFF	#D3D3D3	11
4824	#FFFFFF	#D3D3D3	11
4825	#FFFFFF	#D3D3D3	27
4828	#FFFFFF	#D3D3D3	1
4839	#FFFFFF	#D3D3D3	39
4850	#FFFFFF	#D3D3D3	39
4851	#FFFFFF	#D3D3D3	39
4852	#FFFFFF	#D3D3D3	39
4853	#FFFFFF	#D3D3D3	39
4854	#FFFFFF	#D3D3D3	26
4856	#FFFFFF	#D3D3D3	15
4857	#FFFFFF	#D3D3D3	15
4858	#FFFFFF	#D3D3D3	26
4859	#FFFFFF	#D3D3D3	11
4860	#FFFFFF	#D3D3D3	11
4861	#FFFFFF	#D3D3D3	11
4862	#FFFFFF	#D3D3D3	11
4863	#FFFFFF	#D3D3D3	11
4864	#FFFFFF	#D3D3D3	11
4865	#FFFFFF	#D3D3D3	11
4866	#FFFFFF	#D3D3D3	11
4867	#FFFFFF	#D3D3D3	11
4868	#FFFFFF	#D3D3D3	1
4869	#FFFFFF	#D3D3D3	11
4870	#FFFFFF	#D3D3D3	11
4871	#FFFFFF	#D3D3D3	11
4872	#FFFFFF	#D3D3D3	11
4873	#FFFFFF	#D3D3D3	11
4874	#FFFFFF	#D3D3D3	11
4875	#FFFFFF	#D3D3D3	27
4879	#FFFFFF	#D3D3D3	39
4890	#FFFFFF	#D3D3D3	39
4900	#FFFFFF	#D3D3D3	39
4901	#FFFFFF	#D3D3D3	39
4902	#FFFFFF	#D3D3D3	39
4903	#FFFFFF	#D3D3D3	26
4904	#FFFFFF	#D3D3D3	26
4905	#FFFFFF	#D3D3D3	15
4906	#FFFFFF	#D3D3D3	15
4907	#FFFFFF	#D3D3D3	26
4908	#FFFFFF	#D3D3D3	11
4909	#FFFFFF	#D3D3D3	11
4910	#FFFFFF	#D3D3D3	11
4911	#FFFFFF	#D3D3D3	11
4912	#FFFFFF	#D3D3D3	11
4913	#FFFFFF	#D3D3D3	11
4914	#FFFFFF	#D3D3D3	11
4915	#FFFFFF	#D3D3D3	11
4916	#FFFFFF	#D3D3D3	11
4917	#FFFFFF	#D3D3D3	1
4918	#FFFFFF	#D3D3D3	11
4919	#FFFFFF	#D3D3D3	11
4920	#FFFFFF	#D3D3D3	11
4921	#FFFFFF	#D3D3D3	11
4922	#FFFFFF	#D3D3D3	11
4923	#FFFFFF	#D3D3D3	11
4924	#FFFFFF	#D3D3D3	27
4928	#FFFFFF	#D3D3D3	39
4939	#FFFFFF	#D3D3D3	39
4950	#FFFFFF	#D3D3D3	39
4951	#FFFFFF	#D3D3D3	39
4952	#FFFFFF	#D3D3D3	39
4953	#FFFFFF	#D3D3D3	26
4954	#FFFFFF	#D3D3D3	26
4956	#FFFFFF	#D3D3D3	15
4957	#FFFFFF	#D3D3D3	15
4958	#FFFFFF	#D3D3D3	11
4959	#FFFFFF	#D3D3D3	11
4960	#FFFFFF	#D3D3D3	11
4961	#FFFFFF	#D3D3D3	11
4962	#FFFFFF	#D3D3D3	11
4963	#FFFFFF	#D3D3D3	11
4964	#FFFFFF	#D3D3D3	11
4965	#FFFFFF	#D3D3D3	11
4966	#FFFFFF	#D3D3D3	11
4967	#FFFFFF	#D3D3D3	11
4968	#FFFFFF	#D3D3D3	1
4969	#FFFFFF	#D3D3D3	11
4970	#FFFFFF	#D3D3D3	11
4971	#FFFFFF	#D3D3D3	11
4972	#FFFFFF	#D3D3D3	11
4973	#FFFFFF	#D3D3D3	11
4974	#FFFFFF	#D3D3D3	27
4979	#FFFFFF	#D3D3D3	39
4990	#FFFFFF	#D3D3D3	39
5000	#FFFFFF	#D3D3D3	39
5001	#FFFFFF	#D3D3D3	39
5002	#FFFFFF	#D3D3D3	26
5003	#FFFFFF	#D3D3D3	26
5004	#FFFFFF	#D3D3D3	26
5005	#FFFFFF	#D3D3D3	15
5006	#FFFFFF	#D3D3D3	15
5007	#FFFFFF	#D3D3D3	11
5008	#FFFFFF	#D3D3D3	11
5009	#FFFFFF	#D3D3D3	11
5010	#FFFFFF	#D3D3D3	11
5011	#FFFFFF	#D3D3D3	11
5012	#FFFFFF	#D3D3D3	11
5013	#FFFFFF	#D3D3D3	11
5014	#FFFFFF	#D3D3D3	11
5015	#FFFFFF	#D3D3D3	11
5016	#FFFFFF	#D3D3D3	11
5017	#FFFFFF	#D3D3D3	18
5018	#FFFFFF	#D3D3D3	11
5019	#FFFFFF	#D3D3D3	11
5020	#FFFFFF	#D3D3D3	11
5021	#FFFFFF	#D3D3D3	11
5022	#FFFFFF	#D3D3D3	11
5023	#FFFFFF	#D3D3D3	27
5028	#FFFFFF	#D3D3D3	1
5039	#FFFFFF	#D3D3D3	39
5045	#FFFFFF	#D3D3D3	39
5046	#FFFFFF	#D3D3D3	39
5047	#FFFFFF	#D3D3D3	26
5048	#FFFFFF	#D3D3D3	26
5049	#FFFFFF	#D3D3D3	26
